budget,corr_dim_pub,density_kl,dim,diverged,epochs,err_h1,err_h10,err_h100,err_h1000,err_h200,err_h50,err_h500,final_train_loss,kaplan_yorke_dim,lyap_max,lyap_time_per_step,n_params,n_train,nrmse_1,pts_per_period,rollout_steps,seed,smape_1,smape_all,spectrum_error,system,vpt_censored,vpt_lyap,vpt_steps,wall_s
1000,1.6403587221370042,0.017142267520325476,3,False,200,0.00968580786138773,0.14190727472305298,0.3660309910774231,1.0605485439300537,0.7328279614448547,0.7197803258895874,0.5964509844779968,6.675090611679479e-05,1.5520229717346938,0.021594561241816756,0.05448307175121154,1011,8000,0.008674376815390027,20,1000,0,0.010626673756441824,0.6120208962219863,0.4767767146749773,GlycolyticOscillation,False,1.0351783632730192,19.0,19.09
1000,1.6403587221370042,1.0174720359237415,3,False,200,0.010063608177006245,0.3057832419872284,0.7469220161437988,1.3544968366622925,0.7355448603630066,0.5187312960624695,0.9991162419319153,8.963283555931412e-05,1.5520229717346938,0.021594561241816756,0.05448307175121154,1011,8000,0.009004627287496887,20,1000,1,0.014916116037358885,0.7914910331263404,1.6838052687623541,GlycolyticOscillation,False,0.4358645740096923,8.0,16.62
1000,1.6403587221370042,1.3799331950444451,3,False,200,0.00927398819476366,0.2943984270095825,0.867479681968689,1.3385796546936035,0.8353316783905029,0.6248862743377686,0.9931185841560364,4.4843736628536134e-05,1.5520229717346938,0.021594561241816756,0.05448307175121154,1011,8000,0.008289730454081268,20,1000,2,0.010324663924354055,0.8239899468834039,1.7472051997355,GlycolyticOscillation,False,0.6537968610145385,12.0,16.56
3000,1.6403587221370042,0.1337518176334166,3,False,200,0.008306952193379402,0.3202615976333618,3.199721097946167,4.320041179656982,3.6885077953338623,1.6912068128585815,3.0266289710998535,4.140493832528591e-05,1.5520229717346938,0.021594561241816756,0.05448307175121154,3012,8000,0.007433192597752794,20,1000,0,0.011068525390945732,1.3668671576199358,0.6676117003837095,GlycolyticOscillation,False,0.6537968610145385,12.0,17.56
3000,1.6403587221370042,0.044740714720032215,3,False,200,0.007700280286371708,0.24438722431659698,0.44611239433288574,1.2465583086013794,0.6432369351387024,0.36720341444015503,0.7997809648513794,4.559416045958642e-05,1.5520229717346938,0.021594561241816756,0.05448307175121154,3012,8000,0.006885309765821057,20,1000,1,0.010452957680371489,0.7692135763880245,0.6706867859957845,GlycolyticOscillation,False,0.6537968610145385,12.0,17.79
3000,1.6403587221370042,0.043865165362500735,3,False,200,0.006194803398102522,0.18685036897659302,0.5676456093788147,0.8015424609184265,0.6231411099433899,0.5029104351997375,0.5648767948150635,2.757817640667781e-05,1.5520229717346938,0.021594561241816756,0.05448307175121154,3012,8000,0.005545538160371441,20,1000,2,0.007140042422443063,0.46740522008608476,0.5881026097043006,GlycolyticOscillation,False,0.6537968610145385,12.0,17.83
10000,1.6403587221370042,0.6079743486742086,3,False,200,0.004450589884072542,0.21638160943984985,0.9958543181419373,1.1597645282745361,1.1654536724090576,0.38036826252937317,1.0572445392608643,1.5483712311834097e-05,1.5520229717346938,0.021594561241816756,0.05448307175121154,9987,8000,0.00398200235125153,20,1000,0,0.006191039956993699,1.1553009355143142,0.540340038155758,GlycolyticOscillation,False,0.6537968610145385,12.0,20.64
10000,1.6403587221370042,0.06224723451080486,3,False,200,0.004491268657147884,0.2426108419895172,0.6177618503570557,0.8966734409332275,0.5633289813995361,0.4630725383758545,0.44987472891807556,2.005410074343672e-05,1.5520229717346938,0.021594561241816756,0.05448307175121154,9987,8000,0.004014561245536404,20,1000,1,0.005401825465266956,0.4419331919814219,0.5787579618448535,GlycolyticOscillation,False,0.6537968610145385,12.0,20.35
10000,1.6403587221370042,0.04845744404041493,3,False,200,0.0045066457241773605,0.20264892280101776,0.35131600499153137,0.8504383563995361,0.47288066148757935,0.45484796166419983,0.4627046287059784,1.249686803203076e-05,1.5520229717346938,0.021594561241816756,0.05448307175121154,9987,8000,0.00402982871379374,20,1000,2,0.0043431563774228585,0.3995796071701849,0.5570590197730869,GlycolyticOscillation,False,0.6537968610145385,12.0,20.52
32000,1.6403587221370042,0.014482446664151868,3,False,200,0.0032921694219112396,0.09548859298229218,0.6654626727104187,1.229750156402588,0.6543503403663635,0.2138783037662506,0.5905138850212097,6.797231144446414e-06,1.5520229717346938,0.021594561241816756,0.05448307175121154,32028,8000,0.002943720553359319,20,1000,0,0.0036641307734340775,0.7101320456534925,0.46620209461256,GlycolyticOscillation,False,1.4165598655315,26.0,29.32
32000,1.6403587221370042,0.005134668750720119,3,False,200,0.0037742091808468103,0.12990880012512207,0.5683851838111877,0.6131430268287659,0.5322712659835815,0.18498030304908752,0.4184737801551819,9.415402020749753e-06,1.5520229717346938,0.021594561241816756,0.05448307175121154,32028,8000,0.003374396971562901,20,1000,1,0.0038640099152860395,0.4174686767187492,0.3895133997938973,GlycolyticOscillation,False,1.7434582960387692,32.0,29.05
32000,1.6403587221370042,0.1476467892431312,3,False,200,0.003272790228947997,0.04516588896512985,0.8369033932685852,1.3604958057403564,1.0824222564697266,0.28397753834724426,1.1712013483047485,8.076787773461547e-06,1.5520229717346938,0.021594561241816756,0.05448307175121154,32028,8000,0.002924330952713138,20,1000,2,0.0036843369710909003,1.206726421160478,0.5173307537925801,GlycolyticOscillation,False,1.4165598655315,26.0,29.33
100000,1.6403587221370042,0.012256676183362436,3,False,200,0.0026961825788021088,0.11527851969003677,0.43315589427948,0.9688166379928589,0.5675154328346252,0.21220079064369202,0.4541321098804474,4.5117255722288975e-06,1.5520229717346938,0.021594561241816756,0.05448307175121154,99843,8000,0.002411892329812623,20,1000,0,0.0022227619716475616,0.5485577552976016,0.524666261067737,GlycolyticOscillation,False,2.833119731063,52.0,47.55
100000,1.6403587221370042,0.005588800387929541,3,False,200,0.003165353089570999,0.13579365611076355,0.634806752204895,0.8825483918190002,0.5479879379272461,0.3242345154285431,0.5173705816268921,4.2930854051519415e-06,1.5520229717346938,0.021594561241816756,0.05448307175121154,99843,8000,0.0028283298664717725,20,1000,1,0.0030791490551733964,0.42404837466560086,0.4026058384568471,GlycolyticOscillation,False,1.7434582960387692,32.0,37.09
100000,1.6403587221370042,0.012767628862982982,3,False,200,0.0033028307370841503,0.13370852172374725,0.4826529324054718,1.425978422164917,0.6789410710334778,0.25481441617012024,0.8001314997673035,4.722582576505374e-06,1.5520229717346938,0.021594561241816756,0.05448307175121154,99843,8000,0.002952411140188479,20,1000,2,0.0032276284701555336,0.831671210992221,0.6073722146565269,GlycolyticOscillation,False,2.342772085302096,43.0,36.38
1000,1.2279387897055603,0.039592850087883796,3,False,200,0.007350690197199583,0.12240193784236908,1.4060406684875488,1.4761521816253662,1.2778701782226562,1.1867281198501587,1.5432838201522827,5.319967598188669e-05,2.0300416878282137,0.16363115430160305,0.022943542300399272,1011,8000,0.006772081059324796,20,1000,0,0.03298582690307313,1.4835661630462729,0.635294961286343,ChenLee,False,0.27532250760479127,12.0,13.48
1000,1.2279387897055603,0.10051659546067422,3,False,200,0.006114051677286625,0.12435207515954971,1.266769289970398,1.2916595935821533,1.3326520919799805,1.0652414560317993,1.4212576150894165,3.053646736952942e-05,2.0300416878282137,0.16363115430160305,0.022943542300399272,1011,8000,0.005632153938598784,20,1000,1,0.051865140186770374,1.4767854327805723,0.6193581656748837,ChenLee,False,0.27532250760479127,12.0,13.04
1000,1.2279387897055603,0.04268609291501329,3,False,200,0.006350146606564522,0.16576920449733734,1.3808491230010986,1.2792901992797852,1.3233509063720703,1.1399872303009033,1.467311978340149,4.910253355046734e-05,2.0300416878282137,0.16363115430160305,0.022943542300399272,1011,8000,0.005848362619438011,20,1000,2,0.02580635883953514,1.46513097300092,0.637399103533776,ChenLee,False,0.27532250760479127,12.0,13.15
3000,1.2279387897055603,0.008735418256751669,3,False,200,0.004601732827723026,0.05352306738495827,1.3292614221572876,1.4933276176452637,1.1946055889129639,0.8513057827949524,1.6723361015319824,2.2011564462445677e-05,2.0300416878282137,0.16363115430160305,0.022943542300399272,3012,8000,0.004239085084645311,20,1000,0,0.03074751288387111,1.378351269607781,0.6195461774325339,ChenLee,False,0.36709667680638836,16.0,14.11
3000,1.2279387897055603,0.006767811756397784,3,False,200,0.005739497486501932,0.06178157776594162,1.3456230163574219,1.6253960132598877,1.1923381090164185,1.2107932567596436,1.608667254447937,2.908058019238524e-05,2.0300416878282137,0.16363115430160305,0.022943542300399272,3012,8000,0.005286884808948652,20,1000,1,0.030260549486955387,1.4304745883824366,0.6353714273512906,ChenLee,False,0.34415313450598906,14.999999999999998,13.87
3000,1.2279387897055603,0.04533517666042274,3,False,200,0.005549138877540827,0.10907372087240219,1.399821162223816,1.3544018268585205,1.2966148853302002,1.150197982788086,1.6320635080337524,2.5268408964620902e-05,2.0300416878282137,0.16363115430160305,0.022943542300399272,3012,8000,0.005110770448906661,20,1000,2,0.03858338876540586,1.444427672612831,0.6359096990941296,ChenLee,False,0.36709667680638836,16.0,14.11
10000,1.2279387897055603,0.016382939279541514,3,False,200,0.00454357685521245,0.046753037720918655,1.2574079036712646,1.5787971019744873,1.2657228708267212,0.9809811115264893,1.4144902229309082,1.8222506230813453e-05,2.0300416878282137,0.16363115430160305,0.022943542300399272,9987,8000,0.004185360466489338,20,1000,0,0.020289086506832598,1.4009424192192161,0.6520470191562717,ChenLee,False,0.36709667680638836,16.0,16.46
10000,1.2279387897055603,0.010147290260306816,3,False,200,0.004397870972752571,0.04072410985827446,1.396511197090149,1.3434499502182007,1.4262356758117676,1.1891435384750366,1.459934115409851,1.627857163839508e-05,2.0300416878282137,0.16363115430160305,0.022943542300399272,9987,8000,0.0040512360946520975,20,1000,1,0.02117438812494654,1.4309338451546458,0.6542061490524855,ChenLee,False,0.36709667680638836,16.0,16.18
10000,1.2279387897055603,0.007270874336394031,3,False,200,0.004428375978022814,0.07275760173797607,1.1141173839569092,1.3541762828826904,1.1950739622116089,0.9108032584190369,1.6268222332000732,1.807661505881697e-05,2.0300416878282137,0.16363115430160305,0.022943542300399272,9987,8000,0.004079806231717662,20,1000,2,0.02789700206942634,1.431447122063027,0.4934052922593289,ChenLee,False,0.4129837614071869,18.0,17.15
32000,1.2279387897055603,0.06765280434544427,3,False,200,0.003015164053067565,0.04151548817753792,1.3485115766525269,1.3109071254730225,1.4203295707702637,0.9297592043876648,1.5768297910690308,8.673257179907522e-06,2.0300416878282137,0.16363115430160305,0.022943542300399272,32028,8000,0.002776944959591835,20,1000,0,0.01695134696655047,1.4616111085579775,0.6380252754576375,ChenLee,False,0.39004021910678766,17.0,24.06
32000,1.2279387897055603,0.009789619832485058,3,False,200,0.002938679186627269,0.028979215770959854,1.1307344436645508,1.5912526845932007,1.4684776067733765,0.9262045621871948,1.640550136566162,9.422880822967272e-06,2.0300416878282137,0.16363115430160305,0.022943542300399272,32028,8000,0.0027061267241355468,20,1000,1,0.01321702971075594,1.4351614954025695,0.6171857482466867,ChenLee,False,0.36709667680638836,16.0,23.38
32000,1.2279387897055603,0.009273133316537216,3,False,200,0.0030485428869724274,0.03615264594554901,1.1325358152389526,1.502213716506958,1.3320233821868896,0.646809458732605,1.4107872247695923,7.929973104182864e-06,2.0300416878282137,0.16363115430160305,0.022943542300399272,32028,8000,0.0028079807959641,20,1000,2,0.016137086515826137,1.379741384952046,0.5674880776003814,ChenLee,False,0.48181438830838474,21.0,23.41
100000,1.2279387897055603,0.01133955150764772,3,False,200,0.0017440109513700008,0.04154345020651817,0.9868913292884827,1.3800362348556519,1.459792971611023,0.8060961961746216,1.445395827293396,3.759914110560203e-06,2.0300416878282137,0.16363115430160305,0.022943542300399272,99843,8000,0.0016065023714231228,20,1000,0,0.013079287824763577,1.453874719296117,0.5721482447391242,ChenLee,False,0.45887084600798544,20.0,38.65
100000,1.2279387897055603,0.007147525602742455,3,False,200,0.001874291803687811,0.040378086268901825,1.0797277688980103,1.485406756401062,1.3985106945037842,0.8613402843475342,1.482019305229187,4.250711888744263e-06,2.0300416878282137,0.16363115430160305,0.022943542300399272,99843,8000,0.0017262428799798084,20,1000,1,0.01511270324875385,1.451711483151255,0.6586223373511998,ChenLee,False,0.4129837614071869,18.0,34.99
100000,1.2279387897055603,0.004530998585982534,3,False,200,0.0020718160085380077,0.033525500446558,1.0419496297836304,1.4736727476119995,1.3922358751296997,0.7856912612915039,1.504401683807373,4.155373993853573e-06,2.0300416878282137,0.16363115430160305,0.022943542300399272,99843,8000,0.0019082916928002472,20,1000,2,0.020265456807092488,1.4023865295715305,0.6814008408201465,ChenLee,False,0.45887084600798544,20.0,34.75
1000,1.7987707234207353,0.010330121037507937,3,False,200,0.004168380051851273,0.03403811529278755,0.9719172716140747,1.5205328464508057,1.2921199798583984,0.2723478674888611,1.3449090719223022,1.849792707071174e-05,2.10727056025829,1.2301163591725595,0.08755353186410693,1011,8000,0.003974903086668475,20,1000,0,0.006779450622473705,1.2274199920664008,0.5506788765664877,Chua,False,5.778533103031057,66.0,12.44
1000,1.7987707234207353,0.01319786549472641,3,False,200,0.004146817605942488,0.037373319268226624,1.0621867179870605,1.5145511627197266,1.3034762144088745,0.3301279842853546,1.3735288381576538,1.63666722655762e-05,2.10727056025829,1.2301163591725595,0.08755353186410693,1011,8000,0.003955958653681347,20,1000,1,0.007838853261263762,1.244457621477633,0.5430759599425062,Chua,False,5.690979571166951,65.0,12.76
1000,1.7987707234207353,0.013833273201967852,3,False,200,0.004051955416798592,0.03605625033378601,0.960019052028656,1.5023468732833862,1.3946770429611206,0.2206580489873886,1.4652490615844727,1.7259347674553283e-05,2.10727056025829,1.2301163591725595,0.08755353186410693,1011,8000,0.003867204409684728,20,1000,2,0.0062577752451600825,1.2283529927405905,0.5323889011500579,Chua,False,5.603426039302843,64.0,12.6
3000,1.7987707234207353,0.0051656046602980435,3,False,200,0.0038443412631750107,0.03341502696275711,1.0048766136169434,1.3209089040756226,1.3473764657974243,0.3319321870803833,1.4193180799484253,1.641063949500676e-05,2.10727056025829,1.2301163591725595,0.08755353186410693,3012,8000,0.003666242838666084,20,1000,0,0.0068666445087771965,1.236451638069273,0.3178630078218356,Chua,False,6.56651488980802,75.0,13.34
3000,1.7987707234207353,0.01185551303336566,3,False,200,0.003705499228090048,0.039357323199510574,1.0128988027572632,1.3645906448364258,1.3326808214187622,0.37090542912483215,1.4699430465698242,1.3668713785591536e-05,2.10727056025829,1.2301163591725595,0.08755353186410693,3012,8000,0.0035331097046884755,20,1000,1,0.005571925422272938,1.2505691311165197,0.9102096742283358,Chua,False,5.42831897557463,62.00000000000001,14.11
3000,1.7987707234207353,0.008301415207343631,3,False,200,0.003661399008706212,0.03827949985861778,1.0293139219284058,1.4402889013290405,1.292337417602539,0.3443785309791565,1.3304845094680786,1.2360516891931184e-05,2.10727056025829,1.2301163591725595,0.08755353186410693,3012,8000,0.003487958888562855,20,1000,2,0.004955975239570552,1.2350925224203686,0.8350356325338607,Chua,False,5.603426039302843,64.0,13.91
10000,1.7987707234207353,0.021086053191312387,3,False,200,0.0035645582247525454,0.04698137193918228,0.9270161986351013,1.5083434581756592,1.4490195512771606,0.41860541701316833,1.4040303230285645,1.195476593420608e-05,2.10727056025829,1.2301163591725595,0.08755353186410693,9987,8000,0.0033966451703692302,20,1000,0,0.005030705545727476,1.2509712365073276,0.4320902255881978,Chua,False,3.9399089338848117,45.0,16.17
10000,1.7987707234207353,0.005458059549307756,3,False,200,0.00357743795029819,0.04207668453454971,0.9154529571533203,1.5126593112945557,1.3916982412338257,0.40892845392227173,1.3854482173919678,1.0944338428089395e-05,2.10727056025829,1.2301163591725595,0.08755353186410693,9987,8000,0.003411186411325116,20,1000,1,0.004759389799568106,1.2411173430753994,0.33054653422894636,Chua,False,4.290123061341239,48.99999999999999,16.57
10000,1.7987707234207353,0.005117704900523838,3,False,200,0.0035316552966833115,0.04585709050297737,0.8579413294792175,1.416649580001831,1.3581502437591553,0.3974680006504059,1.3093208074569702,1.0385409812442958e-05,2.10727056025829,1.2301163591725595,0.08755353186410693,9987,8000,0.0033657478687076662,20,1000,2,0.005478644492432921,1.2237056534929758,0.6609635439779687,Chua,False,5.866086634895164,67.0,16.44
32000,1.7987707234207353,0.012175081781996984,3,False,200,0.003426916431635618,0.03789848834276199,0.9758660793304443,1.4094310998916626,1.4611263275146484,0.3676948547363281,1.4116097688674927,9.556159246130847e-06,2.10727056025829,1.2301163591725595,0.08755353186410693,32028,8000,0.0032622975685241196,20,1000,0,0.004651395554331567,1.2391028150460082,0.44743545138484403,Chua,False,5.42831897557463,62.00000000000001,23.41
32000,1.7987707234207353,0.011536228753443236,3,False,200,0.0037646668497473,0.044411081820726395,0.9181560277938843,1.3904110193252563,1.4776155948638916,0.38249602913856506,1.437417984008789,1.0354157006077003e-05,2.10727056025829,1.2301163591725595,0.08755353186410693,32028,8000,0.003584959638607276,20,1000,1,0.004651758640034622,1.2412786375090052,0.3118404814633014,Chua,False,7.266943144720875,83.0,23.32
32000,1.7987707234207353,0.0047376898290104755,3,False,200,0.003468777984380722,0.04231816902756691,0.9730090498924255,1.4845337867736816,1.4023796319961548,0.4134253263473511,1.4276624917984009,9.907577863486949e-06,2.10727056025829,1.2301163591725595,0.08755353186410693,32028,8000,0.0033043653138526688,20,1000,2,0.00462883247077001,1.2481084438036552,0.5692041749055158,Chua,False,4.202569529477133,48.0,23.33
100000,1.7987707234207353,0.002390563258413408,3,False,200,0.0019966254476457834,0.009534933604300022,0.6606888175010681,1.3681164979934692,1.2318775653839111,0.08908045291900635,1.3477689027786255,3.2327442204405087e-06,2.10727056025829,1.2301163591725595,0.08755353186410693,99843,8000,0.0019037679692439525,20,1000,0,0.0026884144492323593,1.1356238476063105,0.37520684856651104,Chua,False,7.354496676584982,84.0,46.88
100000,1.7987707234207353,0.009384624190929102,3,False,200,0.0034310088958591223,0.02903413400053978,0.6380320191383362,1.4495277404785156,1.0273911952972412,0.28708702325820923,1.3828321695327759,7.97608281573048e-06,2.10727056025829,1.2301163591725595,0.08755353186410693,99843,8000,0.0032674631469995796,20,1000,1,0.0048658970985668544,1.1860018629904858,0.3892514494800443,Chua,False,7.091836080992661,81.0,54.98
100000,1.7987707234207353,0.02232021207995964,3,False,200,0.002248880686238408,0.013260639272630215,0.6201801300048828,1.3586376905441284,1.1712069511413574,0.09099370986223221,1.4089524745941162,3.9426444163837e-06,2.10727056025829,1.2301163591725595,0.08755353186410693,99843,8000,0.002143331962850831,20,1000,2,0.003558654611164109,1.175815562604198,0.38429025046827037,Chua,False,7.1793896128567685,82.0,48.91
1000,2.080398064710209,0.01960849972076895,3,False,200,0.0030085542239248753,0.09183507412672043,1.2350834608078003,1.2081423997879028,1.3001272678375244,1.1288971900939941,1.4933388233184814,1.7033581738360226e-05,2.168621926035506,2.005961349488129,0.058863932820054414,1011,8000,0.00313677393981268,20,1000,0,0.01064522602638395,1.3704599794604095,0.2959992947297149,Chen,False,0.9418229251208706,16.0,11.05
1000,2.080398064710209,0.010946484102066008,3,False,200,0.0024384716525673866,0.04752077907323837,1.2612104415893555,1.4311532974243164,1.4539467096328735,1.1167182922363281,1.5116090774536133,1.2501005374360829e-05,2.168621926035506,2.005961349488129,0.058863932820054414,1011,8000,0.002547047946674946,20,1000,1,0.0070333171832954915,1.3639850975468517,0.3915262014554839,Chen,False,1.000686857940925,17.0,14.56
1000,2.080398064710209,0.020650316879575317,3,False,200,0.0031695731449872255,0.0645807608962059,1.2024457454681396,1.4887547492980957,1.3276251554489136,1.1812434196472168,1.5257998704910278,1.891264325240627e-05,2.168621926035506,2.005961349488129,0.058863932820054414,1011,8000,0.0033064889634873847,20,1000,2,0.015839784621031357,1.3791429789549965,0.4141777704251252,Chen,False,0.9418229251208706,16.0,11.51
3000,2.080398064710209,0.024460948475187715,3,False,200,0.001670641591772437,0.040868304669857025,1.2544225454330444,1.4887596368789673,1.4529458284378052,1.094960331916809,1.3774394989013672,7.350426187258563e-06,2.168621926035506,2.005961349488129,0.058863932820054414,3012,8000,0.00174264033496216,20,1000,0,0.004540454046980096,1.3548299246802304,0.48721323679413736,Chen,False,1.4127343876813059,24.0,13.57
3000,2.080398064710209,0.04102187055412405,3,False,200,0.002440996002405882,0.04079459607601166,1.270559549331665,1.3684874773025513,1.3212367296218872,0.9548064470291138,1.4577689170837402,1.1038851520424942e-05,2.168621926035506,2.005961349488129,0.058863932820054414,3012,8000,0.00254638571258738,20,1000,1,0.010550756571165124,1.362617256476599,0.5728399778538269,Chen,False,1.0595507907609794,18.0,23.13
3000,2.080398064710209,0.021004014562194834,3,False,200,0.0015698960050940514,0.04211999475955963,1.2598789930343628,1.5588030815124512,1.440234661102295,1.0123722553253174,1.4994689226150513,6.68414359097369e-06,2.168621926035506,2.005961349488129,0.058863932820054414,3012,8000,0.0016366810845583064,20,1000,2,0.0045520489464212915,1.3541284450020619,0.48393601954813475,Chen,False,1.0595507907609794,18.0,20.44
10000,2.080398064710209,0.02879328600993913,3,False,200,0.0015641188947483897,0.02585097774863243,1.1445988416671753,1.454327940940857,1.3839465379714966,0.8986347913742065,1.507318139076233,5.599366661044769e-06,2.168621926035506,2.005961349488129,0.058863932820054414,9987,8000,0.0016289613083394943,20,1000,0,0.004631086183633678,1.359802141692219,0.3563090115755008,Chen,False,1.1772786564010882,20.0,23.81
10000,2.080398064710209,0.0342848680820178,3,False,200,0.0013748970814049244,0.024339718744158745,1.2346370220184326,1.4854152202606201,1.3981271982192993,0.8009645938873291,1.4359062910079956,4.701453862253402e-06,2.168621926035506,2.005961349488129,0.058863932820054414,9987,8000,0.001435874240210416,20,1000,1,0.003617055249664288,1.3509175919703225,0.3524245787460653,Chen,False,1.4715983205013603,25.0,21.08
10000,2.080398064710209,0.013324650583647827,3,False,200,0.0013252577045932412,0.028872232884168625,1.267738699913025,1.3855949640274048,1.3861109018325806,0.9817973375320435,1.652766466140747,4.491210838750703e-06,2.168621926035506,2.005961349488129,0.058863932820054414,9987,8000,0.001380438066772542,20,1000,2,0.00369496233944137,1.3502128907756603,0.3883437431808952,Chen,False,1.4127343876813059,24.0,19.33
32000,2.080398064710209,0.04709989729245876,3,False,200,0.0012018729466944933,0.020115410909056664,1.235611081123352,1.5443321466445923,1.3816701173782349,0.6746610403060913,1.5039522647857666,3.609231446716876e-06,2.168621926035506,2.005961349488129,0.058863932820054414,32028,8000,0.0012511293950071302,20,1000,0,0.0041636230002334825,1.3416745819871831,0.385768917217806,Chen,False,1.4127343876813059,24.0,21.36
32000,2.080398064710209,0.012641469192383356,3,False,200,0.0012383360881358385,0.01463486347347498,1.197378158569336,1.3238242864608765,1.4278903007507324,0.6376824975013733,1.5289945602416992,3.0057375352043892e-06,2.168621926035506,2.005961349488129,0.058863932820054414,32028,8000,0.001290876523843021,20,1000,1,0.0030068277824884236,1.341825488047904,0.30090847015271677,Chen,False,1.4715983205013603,25.0,22.25
32000,2.080398064710209,0.007517146953440974,3,False,200,0.0011719537433236837,0.015653833746910095,1.1718895435333252,1.4839494228363037,1.3549391031265259,0.6941489577293396,1.3406373262405396,3.329763112560613e-06,2.168621926035506,2.005961349488129,0.058863932820054414,32028,8000,0.0012223453189394767,20,1000,2,0.0020434225188602096,1.3453374875315194,0.3122953114582593,Chen,False,1.4127343876813059,24.0,22.88
100000,2.080398064710209,0.05902835783622812,3,False,200,0.001419807318598032,0.022459356114268303,1.2642836570739746,1.517060399055481,1.3047335147857666,0.706387996673584,1.5291788578033447,2.91033792655071e-06,2.168621926035506,2.005961349488129,0.058863932820054414,99843,8000,0.0014778231595035166,20,1000,0,0.0038956311940883674,1.351605718628242,0.375508859702228,Chen,False,1.6481901189615236,28.0,41.46
100000,2.080398064710209,0.04101178037549887,3,False,200,0.0010036322055384517,0.021708982065320015,1.2656967639923096,1.3776971101760864,1.373218297958374,0.6726341843605042,1.4611114263534546,2.56449027256167e-06,2.168621926035506,2.005961349488129,0.058863932820054414,99843,8000,0.0010477974009375974,20,1000,1,0.0033166007644063315,1.340741893848689,0.36058523218226246,Chen,False,1.4715983205013603,25.0,40.71
100000,2.080398064710209,0.027226713476923296,3,False,200,0.0010844118660315871,0.02537951059639454,1.2328487634658813,1.4005903005599976,1.432684063911438,0.5402657389640808,1.3882899284362793,2.2104613435658395e-06,2.168621926035506,2.005961349488129,0.058863932820054414,99843,8000,0.0011289180811445295,20,1000,2,0.001977848613279947,1.3413847721182866,0.5074883654258152,Chen,False,1.2361425892211426,21.0,54.86
1000,2.0538157998881426,0.014453493644227858,3,False,200,0.006719948258250952,0.053631093353033066,1.5176464319229126,1.4083517789840698,1.4506551027297974,0.9810455441474915,1.44865882396698,3.0069990956690162e-05,2.2113447891991065,2.324596351534631,0.09104630300238112,1011,8000,0.00651815877762726,20,1000,0,0.010268617371478354,1.3700184418198262,0.3596613517297614,BurkeShaw,False,1.2746482420333356,14.0,14.87
1000,2.0538157998881426,0.01751615838665512,3,False,200,0.004821822512894869,0.057573042809963226,1.2931407690048218,1.293818473815918,1.5127906799316406,1.000253438949585,1.3521713018417358,3.2018332363804804e-05,2.2113447891991065,2.324596351534631,0.09104630300238112,1011,8000,0.004676070274620036,20,1000,1,0.00909150758027949,1.3612118749507613,0.3371900204927067,BurkeShaw,False,1.1836019390309545,12.999999999999998,17.01
1000,2.0538157998881426,0.011087963451165495,3,False,200,0.005901401862502098,0.05709341540932655,1.361031413078308,1.2288559675216675,1.4608465433120728,0.9174660444259644,1.3632789850234985,3.712220338638872e-05,2.2113447891991065,2.324596351534631,0.09104630300238112,1011,8000,0.005719973699830678,20,1000,2,0.017251240569283628,1.3530550236585714,0.3524265580952668,BurkeShaw,False,1.547787151040479,17.0,14.83
3000,2.0538157998881426,0.018406264008100498,3,False,200,0.0041026887483894825,0.03888961672782898,1.2647939920425415,1.4464472532272339,1.4980347156524658,0.8750935792922974,1.5038684606552124,1.4682460699987132e-05,2.2113447891991065,2.324596351534631,0.09104630300238112,3012,8000,0.003976655529211612,20,1000,0,0.008270347357686761,1.361380336046828,0.34981669791388326,BurkeShaw,False,1.6388334540428602,18.0,15.47
3000,2.0538157998881426,0.011729370609379808,3,False,200,0.0038327539805322886,0.02894168347120285,1.3789373636245728,1.322249412536621,1.5131844282150269,0.8836508393287659,1.4833606481552124,1.4498072909191252e-05,2.2113447891991065,2.324596351534631,0.09104630300238112,3012,8000,0.0037139144765009004,20,1000,1,0.008703533392657295,1.3489466931376368,0.34747672334510976,BurkeShaw,False,1.6388334540428602,18.0,17.47
3000,2.0538157998881426,0.016155219869803682,3,False,200,0.0040027666836977005,0.040712255984544754,1.3783689737319946,1.2456070184707642,1.5017390251159668,0.9014042019844055,1.4719016551971436,1.578016267740168e-05,2.2113447891991065,2.324596351534631,0.09104630300238112,3012,8000,0.0038868395168417205,20,1000,2,0.00732970818651411,1.3571826728113532,0.3552665139818354,BurkeShaw,False,1.1836019390309545,12.999999999999998,13.27
10000,2.0538157998881426,0.010605488787350972,3,False,200,0.0035679421853274107,0.03293471038341522,1.4581711292266846,1.2390012741088867,1.400684118270874,0.8772380948066711,1.3604075908660889,6.4392514377686894e-06,2.2113447891991065,2.324596351534631,0.09104630300238112,9987,8000,0.0034629731892509698,20,1000,0,0.0047237816000391146,1.3462519267138406,0.35014607049987717,BurkeShaw,False,1.7298797570452413,19.0,15.6
10000,2.0538157998881426,0.016316136659643404,3,False,200,0.003794749965891242,0.03453688323497772,1.1388746500015259,1.311881184577942,1.5233817100524902,0.6706658005714417,1.4484304189682007,6.933869040949503e-06,2.2113447891991065,2.324596351534631,0.09104630300238112,9987,8000,0.003687255869117038,20,1000,1,0.006498797989884365,1.3520870069958377,0.3553751141994503,BurkeShaw,False,1.7298797570452413,19.0,16.92
10000,2.0538157998881426,0.008884704962587553,3,False,200,0.004390097688883543,0.03706026077270508,1.3502960205078125,1.3818278312683105,1.5988624095916748,0.9228086471557617,1.3815902471542358,9.352040971862152e-06,2.2113447891991065,2.324596351534631,0.09104630300238112,9987,8000,0.004263726828158172,20,1000,2,0.009073486532889715,1.3591901788239953,0.3541971378248315,BurkeShaw,False,1.6388334540428602,18.0,15.84
32000,2.0538157998881426,0.008905412950224123,3,False,200,0.0030117048881947994,0.026628000661730766,1.2082992792129517,1.4362283945083618,1.5565494298934937,0.7400256991386414,1.402806282043457,5.1908060850109905e-06,2.2113447891991065,2.324596351534631,0.09104630300238112,32028,8000,0.0029187386825246654,20,1000,0,0.004607907781855398,1.3491110729445628,0.35399742884658886,BurkeShaw,False,2.4582501810642903,27.0,22.52
32000,2.0538157998881426,0.005093642231395212,3,False,200,0.0029141968116164207,0.022253558039665222,1.2700848579406738,1.325822353363037,1.7773751020431519,0.797741711139679,1.4256219863891602,4.422411391715286e-06,2.2113447891991065,2.324596351534631,0.09104630300238112,32028,8000,0.0028260330744167917,20,1000,1,0.004348858726208462,1.352510898770874,0.35053173524489195,BurkeShaw,False,2.549296484066671,28.0,23.71
32000,2.0538157998881426,0.009752034397024335,3,False,200,0.0028836235869675875,0.026062164455652237,1.2509516477584839,1.4060111045837402,1.5536627769470215,0.8036163449287415,1.4038655757904053,4.679760841099778e-06,2.2113447891991065,2.324596351534631,0.09104630300238112,32028,8000,0.0027982781108779583,20,1000,2,0.004967375030291658,1.3504815549659648,0.34491495559367297,BurkeShaw,False,2.4582501810642903,27.0,34.69
100000,2.0538157998881426,0.013025186853370016,3,False,200,0.002712002256885171,0.015055710449814796,1.3752211332321167,1.4830138683319092,1.5844199657440186,0.5778990387916565,1.3290073871612549,3.036550247998093e-06,2.2113447891991065,2.324596351534631,0.09104630300238112,99843,8000,0.0026337616429057543,20,1000,0,0.0036652115616588963,1.3309734886509357,0.36494672442908715,BurkeShaw,False,1.7298797570452413,19.0,42.12
100000,2.0538157998881426,0.011777872094589284,3,False,200,0.0022190711461007595,0.016005972400307655,1.3271151781082153,1.3428897857666016,1.5682541131973267,0.7508773803710938,1.347774863243103,2.557777692345553e-06,2.2113447891991065,2.324596351534631,0.09104630300238112,99843,8000,0.0021560656488182296,20,1000,1,0.0033377294538412673,1.3305703267222442,0.35586441673979724,BurkeShaw,False,2.549296484066671,28.0,41.79
100000,2.0538157998881426,0.01266761186104918,3,False,200,0.002006238792091608,0.02131643518805504,1.4215573072433472,1.3356517553329468,1.5036762952804565,0.758297860622406,1.408629298210144,2.8514462374005236e-06,2.2113447891991065,2.324596351534631,0.09104630300238112,99843,8000,0.0019498187538927658,20,1000,2,0.0031920661809267795,1.3370384560541948,0.3704742227254271,BurkeShaw,False,1.8209260600476225,20.0,38.42
1000,1.9326161168463631,0.19015065129557449,3,False,200,0.0020607514306902885,0.01726599782705307,0.26805391907691956,1.0890238285064697,0.8047091364860535,0.14046014845371246,1.1600931882858276,3.6798760756937554e-06,2.6848604732863537,0.739747976641268,0.0030997659465199054,1011,8000,0.001827411394133806,20,1000,0,0.012588415948861861,0.9897686622363764,0.5726625506075791,DequanLi,False,0.37817144547542847,122.0,14.43
1000,1.9326161168463631,0.052097131442847916,3,False,200,0.0022705395240336657,0.017645055428147316,0.21012158691883087,1.0503416061401367,0.5393161177635193,0.05999903753399849,1.100329041481018,4.459520005184458e-06,2.6848604732863537,0.739747976641268,0.0030997659465199054,1011,8000,0.002013509296097243,20,1000,1,0.016266517135312446,0.9214352750969381,0.5878599342875653,DequanLi,False,0.5486585725340233,177.0,12.43
1000,1.9326161168463631,0.23882547536100418,3,False,200,0.0023596284445375204,0.024186626076698303,0.5198028683662415,1.0510814189910889,0.7119243741035461,0.21198689937591553,1.094100832939148,5.140078130352777e-06,2.6848604732863537,0.739747976641268,0.0030997659465199054,1011,8000,0.0020876617152929882,20,1000,2,0.020141721524357788,1.0404566721157826,0.4693035144788624,DequanLi,False,0.24798127572159243,80.0,12.6
3000,1.9326161168463631,0.7589973713949397,3,False,200,0.0018171909032389522,0.01849605329334736,0.25057879090309143,1.152229905128479,0.8500480055809021,0.09635300189256668,1.0769834518432617,2.912666074735171e-06,2.6848604732863537,0.739747976641268,0.0030997659465199054,3012,8000,0.0016086794437952048,20,1000,0,0.012407404760012028,1.2107740702251777,0.7352057404031899,DequanLi,False,0.4029695730475877,130.0,12.18
3000,1.9326161168463631,0.011505811131954502,3,False,200,0.0017360086785629392,0.014660459011793137,0.14600032567977905,1.0311908721923828,0.34620046615600586,0.12504875659942627,0.9203530550003052,2.706503912122571e-06,2.6848604732863537,0.739747976641268,0.0030997659465199054,3012,8000,0.0015384167942532811,20,1000,1,0.017868218056502634,0.802890475633465,0.3369529059228455,DequanLi,False,0.623052955250501,201.0,12.4
3000,1.9326161168463631,0.0662955633840283,3,False,200,0.0018871506908908486,0.015164513140916824,0.1147410050034523,0.997398853302002,0.431413471698761,0.14008913934230804,1.1304912567138672,2.5962682702811433e-06,2.6848604732863537,0.739747976641268,0.0030997659465199054,3012,8000,0.0016733502336959169,20,1000,2,0.018253738997474383,0.9127964700111091,0.7335381531933983,DequanLi,False,0.6168534233574612,199.0,11.86
10000,1.9326161168463631,0.0835123288158431,3,False,200,0.0018556142458692193,0.015034797601401806,0.17972078919410706,1.22455632686615,0.4138719141483307,0.06262427568435669,1.1085174083709717,2.4666935842105885e-06,2.6848604732863537,0.739747976641268,0.0030997659465199054,9987,8000,0.0016443521549864878,20,1000,0,0.017132100575061798,0.9181203906752509,0.6039590640620263,DequanLi,False,0.47426418981754553,153.0,14.21
10000,1.9326161168463631,0.0573916727733389,3,False,200,0.0014063544804230332,0.012241639196872711,0.14949236810207367,1.1925806999206543,0.37963876128196716,0.09747492522001266,0.9803240895271301,1.9837051586364394e-06,2.6848604732863537,0.739747976641268,0.0030997659465199054,9987,8000,0.0012452217720831122,20,1000,1,0.013389230395427333,0.870391136734815,0.5298482230853963,DequanLi,False,0.623052955250501,201.0,14.39
10000,1.9326161168463631,0.01192976335825721,3,False,200,0.0016874969005584717,0.013609668239951134,0.16941435635089874,0.9989155530929565,0.6605958938598633,0.05379512161016464,1.0814898014068604,2.270356002554763e-06,2.6848604732863537,0.739747976641268,0.0030997659465199054,9987,8000,0.001494030934205249,20,1000,2,0.017126427344717466,0.9129440809298462,0.4355000360486973,DequanLi,False,0.48976301955014506,158.0,14.35
32000,1.9326161168463631,0.0594256163958544,3,False,200,0.0013692406937479973,0.01110493391752243,0.10010594874620438,1.224555253982544,0.2813047766685486,0.045852646231651306,0.9637826085090637,1.9645898191811285e-06,2.6848604732863537,0.739747976641268,0.0030997659465199054,32028,8000,0.0012111942886870197,20,1000,0,0.016982395558641533,0.804995954268315,0.6586643316990026,DequanLi,False,0.7718417206834565,249.0,20.94
32000,1.9326161168463631,0.0187613467034228,3,False,200,0.0010954384924843907,0.00829806737601757,0.12541598081588745,0.8880895376205444,0.23960185050964355,0.05558561161160469,0.773876428604126,1.194982028209779e-06,2.6848604732863537,0.739747976641268,0.0030997659465199054,32028,8000,0.0009707780568311838,20,1000,1,0.009264486857274686,0.7194855876139135,0.3615475751596598,DequanLi,False,0.7377442952717375,238.0,20.39
32000,1.9326161168463631,0.055821344880599456,3,False,200,0.0011953436769545078,0.009411000646650791,0.10959570854902267,1.1659085750579834,0.48112669587135315,0.04477753862738609,0.9752588272094727,1.3435533765004948e-06,2.6848604732863537,0.739747976641268,0.0030997659465199054,32028,8000,0.0010595507449606707,20,1000,2,0.007656732040533861,0.724977730860952,0.4803812246469874,DequanLi,False,0.47736395576406543,154.0,20.46
100000,1.9326161168463631,0.003085056704423012,3,False,200,0.0014133231015875936,0.010721995495259762,0.11414404958486557,1.1435275077819824,0.26397770643234253,0.0769091248512268,0.926673948764801,1.8327796742596548e-06,2.6848604732863537,0.739747976641268,0.0030997659465199054,99843,8000,0.0012533946455940152,20,1000,0,0.013157504353094955,0.7617315093282352,0.2913900225225143,DequanLi,False,0.784240784469536,253.0,32.4
100000,1.9326161168463631,0.06413752494274119,3,False,200,0.0009045723709277809,0.006476509850472212,0.07584689557552338,1.306117296218872,0.3268586993217468,0.0338258296251297,0.7058717608451843,7.347535797634919e-07,2.6848604732863537,0.739747976641268,0.0030997659465199054,99843,8000,0.0008016907131923402,20,1000,1,0.00415533198934263,0.7927629018850081,0.7418654212663283,DequanLi,False,0.7594426568973768,244.99999999999997,36.11
100000,1.9326161168463631,0.0059290809666439,3,False,200,0.0009615625604055822,0.00595162995159626,0.0829109475016594,1.1894831657409668,0.27964815497398376,0.03526453301310539,0.5850650668144226,7.944171265990008e-07,2.6848604732863537,0.739747976641268,0.0030997659465199054,99843,8000,0.0008530460386423593,20,1000,2,0.00675555630274681,0.6440050347195061,0.603898666123483,DequanLi,False,0.883433294758173,285.0,40.99
1000,1.8508709631136986,0.05766190519651993,3,False,200,0.002357139252126217,0.030916564166545868,0.08996191620826721,0.9566441774368286,0.19440796971321106,0.06464842706918716,0.42433685064315796,4.162576242379146e-06,4.547800407390443,0.48083152954373326,0.015774639989741254,1011,8000,0.0022950165267639996,20,1000,0,0.006337175893699316,0.54666985592572,0.5992894902559688,CaTwoPlusQuasiperiodic,False,6.578024875722103,417.0,13.56
1000,1.8508709631136986,0.2543574334315929,3,False,200,0.002706866944208741,0.023043537512421608,0.2785695791244507,1.032564640045166,0.49796152114868164,0.11890354752540588,0.7320113778114319,4.844319279072806e-06,4.547800407390443,0.48083152954373326,0.015774639989741254,1011,8000,0.0026355124511077866,20,1000,1,0.006676531047029897,0.7136189119096467,0.8404689646026945,CaTwoPlusQuasiperiodic,False,2.8078859181739433,178.0,13.32
1000,1.8508709631136986,0.22667427418355823,3,False,200,0.0020023654215037823,0.029063142836093903,0.27831387519836426,0.9025871753692627,0.4822036921977997,0.1106143593788147,0.8199564218521118,3.6400041353772394e-06,4.547800407390443,0.48083152954373326,0.015774639989741254,1011,8000,0.001949587321721028,20,1000,2,0.004865316880832315,0.739083008843989,0.5208779418103201,CaTwoPlusQuasiperiodic,False,2.792111278184202,177.0,13.35
3000,1.8508709631136986,0.15729271673280878,3,False,200,0.00169825938064605,0.025021301582455635,0.22433170676231384,1.38275146484375,0.4471909999847412,0.08360964059829712,1.002328634262085,2.344996582905878e-06,4.547800407390443,0.48083152954373326,0.015774639989741254,3012,8000,0.0016535125916192829,20,1000,0,0.0037550324213957947,0.8744447441257253,0.7372106891565728,CaTwoPlusQuasiperiodic,False,3.0760547979995447,195.0,14.54
3000,1.8508709631136986,0.07881404415261872,3,False,200,0.0022410054225474596,0.02118140086531639,0.135064497590065,1.599647045135498,0.35605588555336,0.07187674939632416,1.007789969444275,3.7329656406654977e-06,4.547800407390443,0.48083152954373326,0.015774639989741254,3012,8000,0.0021820399904836133,20,1000,1,0.00790361213425846,0.9056719935699887,0.4720612324743671,CaTwoPlusQuasiperiodic,False,3.2022519179174744,203.0,14.32
3000,1.8508709631136986,0.018914356666475906,3,False,200,0.0017582573927938938,0.031147539615631104,0.08277897536754608,0.5872803926467896,0.16844555735588074,0.07114940136671066,0.3690687417984009,2.4804739532555685e-06,4.547800407390443,0.48083152954373326,0.015774639989741254,3012,8000,0.0017119714866655781,20,1000,2,0.0047832042429382885,0.3933340408152849,0.3861756197697068,CaTwoPlusQuasiperiodic,False,8.234362074644935,522.0,14.17
10000,1.8508709631136986,0.08395315662864293,3,False,200,0.0014804811216890812,0.014580336399376392,0.11542799323797226,0.7144598960876465,0.23416849970817566,0.04288638010621071,0.5109795331954956,2.0612842909031316e-06,4.547800407390443,0.48083152954373326,0.015774639989741254,9987,8000,0.0014415311164725044,20,1000,0,0.005746709990934015,0.49507229359693095,0.336444377697501,CaTwoPlusQuasiperiodic,False,6.309855995896502,400.0,16.4
10000,1.8508709631136986,0.04744448304859474,3,False,200,0.001220744801685214,0.009169567376375198,0.07150059938430786,0.6333544850349426,0.15146808326244354,0.026475956663489342,0.34830206632614136,1.377237574160972e-06,4.547800407390443,0.48083152954373326,0.015774639989741254,9987,8000,0.0011885968916465152,20,1000,1,0.0021005536030001544,0.3949367819142865,0.3779860821332879,CaTwoPlusQuasiperiodic,False,8.2974606346039,526.0,18.21
10000,1.8508709631136986,0.11482599301021529,3,False,200,0.0011992431245744228,0.01401334349066019,0.13563528656959534,0.938788890838623,0.3046141564846039,0.042967963963747025,0.6193307638168335,1.5272304071913823e-06,4.547800407390443,0.48083152954373326,0.015774639989741254,9987,8000,0.0011676460710059928,20,1000,2,0.002596439913494627,0.602571870751201,0.4120514442155241,CaTwoPlusQuasiperiodic,False,4.669293436963411,296.0,16.72
32000,1.8508709631136986,0.08162811317175156,3,False,200,0.0010776823619380593,0.010540098883211613,0.10940703004598618,0.6691457629203796,0.22375597059726715,0.03693239018321037,0.40914544463157654,1.090605749595852e-06,4.547800407390443,0.48083152954373326,0.015774639989741254,32028,8000,0.0010493035002758534,20,1000,0,0.00370282778499475,0.45185044427190396,0.37120333802320776,CaTwoPlusQuasiperiodic,False,6.6884473556502915,424.0,23.55
32000,1.8508709631136986,0.12715335549403087,3,False,200,0.0012136733857914805,0.00860428623855114,0.15918166935443878,1.0159581899642944,0.3189709186553955,0.04704447463154793,0.5969099402427673,1.1489990920381387e-06,4.547800407390443,0.48083152954373326,0.015774639989741254,32028,8000,0.0011816886089057925,20,1000,1,0.0029765428184078922,0.6288051345866906,0.7154414477829428,CaTwoPlusQuasiperiodic,False,4.669293436963411,296.0,23.85
32000,1.8508709631136986,0.1471451600520692,3,False,200,0.0010452757123857737,0.009179635904729366,0.17094406485557556,1.060097336769104,0.3408176600933075,0.04660509526729584,0.6439501643180847,1.0219601867902384e-06,4.547800407390443,0.48083152954373326,0.015774639989741254,32028,8000,0.0010177774757809143,20,1000,2,0.0032426063619579713,0.6625214944497414,0.6049599393921915,CaTwoPlusQuasiperiodic,False,3.8805614374763486,246.0,23.56
100000,1.8508709631136986,0.018797443395440722,3,False,200,0.001061868853867054,0.007758186664432287,0.07713647931814194,1.0827568769454956,0.16002315282821655,0.03302852809429169,0.6118531823158264,9.228340059053153e-07,4.547800407390443,0.48083152954373326,0.015774639989741254,99843,8000,0.001033917852972623,20,1000,0,0.0023125624966841957,0.5859107614899928,0.45549936719724204,CaTwoPlusQuasiperiodic,False,5.915489996152971,375.0,37.35
100000,1.8508709631136986,0.11469444592550175,3,False,200,0.0009481677552685142,0.011919979006052017,0.12345540523529053,0.7126263380050659,0.2484132945537567,0.040328700095415115,0.5330038070678711,7.874888920014201e-07,4.547800407390443,0.48083152954373326,0.015774639989741254,99843,8000,0.0009232068159834397,20,1000,1,0.003035348382694802,0.5207032028480626,0.3718252989216328,CaTwoPlusQuasiperiodic,False,5.915489996152971,375.0,28.3
100000,1.8508709631136986,0.10669987079544867,3,False,200,0.0009891883237287402,0.007812694646418095,0.10368617624044418,0.6180295944213867,0.21433323621749878,0.030887166038155556,0.3512343466281891,7.982157089827524e-07,4.547800407390443,0.48083152954373326,0.015774639989741254,99843,8000,0.0009631320131760352,20,1000,2,0.002498497441461822,0.4289556890225312,0.32936762068633213,CaTwoPlusQuasiperiodic,False,7.91886927485011,502.0,30.1
