best_steps,combo,cond_frac,cond_mode,dataset,err_both,err_global_only,err_local_only,global,global_lift,local,local_lift,modality,n_params,ordered,scale,seed,train_loss,train_s
16,fixed+none,0.3,random,cml_lattice,0.6357661233247484,nan,0.6357661233247484,none,1.0,fixed,nan,chaos,12983,True,1.5729,1,0.00640599071894857,76.0
8,fixed+none,0.3,block,cml_lattice,0.9685562038477632,nan,0.9685562038477632,none,1.0,fixed,nan,chaos,12983,True,1.5729,1,0.00640599071894857,76.0
16,fixed+none,0.6,random,cml_lattice,0.8095046445310471,nan,0.8095046445310471,none,1.0,fixed,nan,chaos,12983,True,1.5729,1,0.00640599071894857,76.0
16,fixed+pooled,0.3,random,cml_lattice,0.634608099877552,1.022250731122387,0.7027961395419552,pooled,1.1074490534828663,fixed,1.610837824666327,chaos,12922,True,1.0104,1,0.0064797560811381445,90.7
16,fixed+pooled,0.3,block,cml_lattice,0.968130593693898,1.0165122706405807,1.001284590657741,pooled,1.0342453767908977,fixed,1.049974329147148,chaos,12922,True,1.0104,1,0.0064797560811381445,90.7
16,fixed+pooled,0.6,random,cml_lattice,0.8033041724150326,1.017744744429176,0.859182374698049,pooled,1.069560453190509,fixed,1.2669481615780172,chaos,12922,True,1.0104,1,0.0064797560811381445,90.7
16,fixed+attention,0.3,random,cml_lattice,0.6374777967758873,1.0229249905858737,0.6955003582473117,attention,1.0910189527617742,fixed,1.6046441080135294,chaos,12986,True,0.9687,1,0.006520644317127087,123.5
16,fixed+attention,0.3,block,cml_lattice,0.9687777568624423,1.0168978560518913,0.9996547452228844,attention,1.0318721070356145,fixed,1.0496709372697557,chaos,12986,True,0.9687,1,0.006520644317127087,123.5
16,fixed+attention,0.6,random,cml_lattice,0.8056670373044712,1.018340362328255,0.8556146186102633,attention,1.0619953144327492,fixed,1.263971734198444,chaos,12986,True,0.9687,1,0.006520644317127087,123.5
16,fixed+spectral,0.3,random,cml_lattice,0.6450102767172751,1.0555458342492372,0.6693592282707707,spectral,1.0377497110238576,fixed,1.6364790955290633,chaos,12613,True,0.9687,1,0.006484246283600276,82.6
16,fixed+spectral,0.3,block,cml_lattice,0.9673539282253669,1.0447819178312645,0.9816150077635999,spectral,1.0147423596701521,fixed,1.080041014303773,chaos,12613,True,0.9687,1,0.006484246283600276,82.6
16,fixed+spectral,0.6,random,cml_lattice,0.8091794801922756,1.0484154594549677,0.8279619268478559,spectral,1.0232117189268284,fixed,1.2956525531342507,chaos,12613,True,0.9687,1,0.006484246283600276,82.6
16,fixed+tokenmix,0.3,random,cml_lattice,0.6486224064066157,1.0367624232543358,0.6664461594354664,tokenmix,1.0274793976476926,fixed,1.5984067355890854,chaos,12936,True,1.2734,1,0.0064968230329792605,111.4
16,fixed+tokenmix,0.3,block,cml_lattice,0.9689779066980306,1.0288193411328375,0.9714500067348426,tokenmix,1.0025512449971496,fixed,1.0617572743621446,chaos,12936,True,1.2734,1,0.0064968230329792605,111.4
8,fixed+tokenmix,0.6,random,cml_lattice,0.8100098632614269,1.0685778857162822,0.8198416417201787,tokenmix,1.0121378502962484,fixed,1.319215893759313,chaos,12936,True,1.2734,1,0.0064968230329792605,111.4
16,graph+none,0.3,random,cml_lattice,0.6259480373660424,nan,0.6259480373660424,none,1.0,graph,nan,chaos,12979,True,1.7734,1,0.006165590729903091,91.1
16,graph+none,0.3,block,cml_lattice,0.964059528286916,nan,0.964059528286916,none,1.0,graph,nan,chaos,12979,True,1.7734,1,0.006165590729903091,91.1
16,graph+none,0.6,random,cml_lattice,0.7943411224105467,nan,0.7943411224105467,none,1.0,graph,nan,chaos,12979,True,1.7734,1,0.006165590729903091,91.1
16,graph+pooled,0.3,random,cml_lattice,0.6300427101397765,1.0350491509262292,0.6698656412359953,pooled,1.0632067167119257,graph,1.6428237868137558,chaos,13131,True,1.0547,1,0.006345944542607123,110.7
16,graph+pooled,0.3,block,cml_lattice,0.9669513982870219,1.0346462911011944,1.0400943355928565,pooled,1.0756428269667007,graph,1.0700085784395117,chaos,13131,True,1.0547,1,0.006345944542607123,110.7
16,graph+pooled,0.6,random,cml_lattice,0.7985126390168356,1.031964839935247,0.8585949145666724,pooled,1.0752427358242103,graph,1.2923588049975618,chaos,13131,True,1.0547,1,0.006345944542607123,110.7
16,graph+attention,0.3,random,cml_lattice,0.6290643138331203,1.0669237050628677,0.6857177184080042,attention,1.090059797272037,graph,1.6960486894602382,chaos,14030,True,0.9844,1,0.0063214811115441,170.9
16,graph+attention,0.3,block,cml_lattice,0.9662067362597563,1.0631155225987998,1.0532065631703993,attention,1.0900426623472161,graph,1.1002981895098178,chaos,14030,True,0.9844,1,0.0063214811115441,170.9
16,graph+attention,0.6,random,cml_lattice,0.8006753267098748,1.070261489683054,0.8743157511514977,attention,1.0919728908647968,graph,1.3366984768732155,chaos,14030,True,0.9844,1,0.0063214811115441,170.9
16,graph+spectral,0.3,random,cml_lattice,0.631780244654625,1.0635919629718384,0.6616615848395577,spectral,1.0472970474112686,graph,1.6834840468195895,chaos,12992,True,1.0078,1,0.006310119547627189,138.7
8,graph+spectral,0.3,block,cml_lattice,0.9675838014827701,1.150633752979328,1.0063907977323254,spectral,1.040107116499972,graph,1.189182529943188,chaos,12992,True,1.0078,1,0.006310119547627189,138.7
16,graph+spectral,0.6,random,cml_lattice,0.7984189633062925,1.0619298763628002,0.8455824724408051,spectral,1.059071128445154,graph,1.330040899786869,chaos,12992,True,1.0078,1,0.006310119547627189,138.7
16,graph+tokenmix,0.3,random,cml_lattice,0.6269753718311697,1.0599120006622742,0.648159325131118,tokenmix,1.0337875365631628,graph,1.6905161642420694,chaos,13080,True,1.3594,1,0.006264760180122473,147.2
8,graph+tokenmix,0.3,block,cml_lattice,0.9696126595509202,1.1479993746976191,0.9820868460855949,tokenmix,1.0128651234199564,graph,1.1839772958712393,chaos,13080,True,1.3594,1,0.006264760180122473,147.2
16,graph+tokenmix,0.6,random,cml_lattice,0.8012164554812153,1.0572317793911037,0.8209213735363794,tokenmix,1.024593751064847,graph,1.319533282371396,chaos,13080,True,1.3594,1,0.006264760180122473,147.2
16,depthwise+none,0.3,random,cml_lattice,0.6370434186462564,nan,0.6370434186462564,none,1.0,depthwise,nan,chaos,12948,True,3.0703,1,0.006580086975273761,96.8
16,depthwise+none,0.3,block,cml_lattice,0.9728746118476568,nan,0.9728746118476568,none,1.0,depthwise,nan,chaos,12948,True,3.0703,1,0.006580086975273761,96.8
16,depthwise+none,0.6,random,cml_lattice,0.8072008615355415,nan,0.8072008615355415,none,1.0,depthwise,nan,chaos,12948,True,3.0703,1,0.006580086975273761,96.8
16,depthwise+pooled,0.3,random,cml_lattice,0.6524956237536391,1.1879692190078817,0.6499912530853574,pooled,0.9961618582912868,depthwise,1.8206546921706555,chaos,12937,True,1.1458,1,0.006452815628356554,97.8
16,depthwise+pooled,0.3,block,cml_lattice,0.968827964953097,1.189936443865159,0.9698431949837465,pooled,1.001047895051934,depthwise,1.2282226431426,chaos,12937,True,1.1458,1,0.006452815628356554,97.8
8,depthwise+pooled,0.6,random,cml_lattice,0.8171660450755436,1.2268854010465857,0.8174674871846302,pooled,1.0003688872180914,depthwise,1.501390578377697,chaos,12937,True,1.1458,1,0.006452815628356554,97.8
16,depthwise+attention,0.3,random,cml_lattice,0.6496898860303966,1.1221601456834813,0.681034482806933,attention,1.048245474418652,depthwise,1.727224280094426,chaos,12914,True,1.0234,1,0.006613751831041141,163.8
16,depthwise+attention,0.3,block,cml_lattice,0.9731220198628249,1.1278752655952076,0.9799381155881004,attention,1.007004358740373,depthwise,1.1590275860309864,chaos,12914,True,1.0234,1,0.006613751831041141,163.8
16,depthwise+attention,0.6,random,cml_lattice,0.8180494209096643,1.1171711083641025,0.8391834619714007,attention,1.0258346751694238,depthwise,1.3656523430110339,chaos,12914,True,1.0234,1,0.006613751831041141,163.8
16,depthwise+spectral,0.3,random,cml_lattice,0.6579563238703925,1.0769427715673419,0.6595245093145619,spectral,1.0023834187578662,depthwise,1.6367997882173764,chaos,12705,True,1.05,1,0.007079395232722163,131.7
16,depthwise+spectral,0.3,block,cml_lattice,0.9707721500661111,1.0766584186965809,0.9745675102231484,spectral,1.003909630243079,depthwise,1.1090742751769906,chaos,12705,True,1.05,1,0.007079395232722163,131.7
16,depthwise+spectral,0.6,random,cml_lattice,0.8221391432525804,1.0757304780732755,0.8262988191129498,spectral,1.0050595764652595,depthwise,1.3084530604119233,chaos,12705,True,1.05,1,0.007079395232722163,131.7
16,depthwise+tokenmix,0.3,random,cml_lattice,0.6375049090172026,1.023463707057948,0.7133698394430321,tokenmix,1.1190028960604952,depthwise,1.605420903559396,chaos,12896,True,1.6484,1,0.006484004711224275,186.0
8,depthwise+tokenmix,0.3,block,cml_lattice,0.9723129990642931,1.092862085566039,1.007482601273401,tokenmix,1.0361710706767815,depthwise,1.123981769880436,chaos,12896,True,1.6484,1,0.006484004711224275,186.0
16,depthwise+tokenmix,0.6,random,cml_lattice,0.815136825443921,1.0184744964158738,0.8939895203288524,tokenmix,1.0967355325187136,depthwise,1.2494521957846965,chaos,12896,True,1.6484,1,0.006484004711224275,186.0
16,gru+none,0.3,random,cml_lattice,0.6316709739942817,nan,0.6316709739942817,none,1.0,gru,nan,chaos,13076,True,2.0375,1,0.006335385059091178,187.1
16,gru+none,0.3,block,cml_lattice,0.965262442421495,nan,0.965262442421495,none,1.0,gru,nan,chaos,13076,True,2.0375,1,0.006335385059091178,187.1
16,gru+none,0.6,random,cml_lattice,0.7986668016610118,nan,0.7986668016610118,none,1.0,gru,nan,chaos,13076,True,2.0375,1,0.006335385059091178,187.1
8,gru+pooled,0.3,random,cml_lattice,0.6482588332796394,1.1457852930820938,0.6695621087006485,pooled,1.0328622987105822,gru,1.7674811884712667,chaos,13056,True,0.9922,1,0.006474639289081097,171.8
16,gru+pooled,0.3,block,cml_lattice,0.9697735966336163,1.0695128383518915,0.9925248546907063,pooled,1.0234603809962104,gru,1.1028479658185177,chaos,13056,True,0.9922,1,0.006474639289081097,171.8
8,gru+pooled,0.6,random,cml_lattice,0.8104129156740485,1.1458253362375144,0.8262065241207707,pooled,1.0194883474106358,gru,1.4138784242900322,chaos,13056,True,0.9922,1,0.006474639289081097,171.8
16,gru+attention,0.3,random,cml_lattice,0.6438175249084759,1.1273772805103424,0.6603768510486444,attention,1.0257205271672631,gru,1.751082002110161,chaos,13007,True,0.9141,1,0.006435754052786665,192.5
16,gru+attention,0.3,block,cml_lattice,0.9667431805857376,1.1137265677232053,0.9830340779665865,attention,1.0168513186418118,gru,1.1520397454972606,chaos,13007,True,0.9141,1,0.006435754052786665,192.5
16,gru+attention,0.6,random,cml_lattice,0.8061967430253407,1.1664318145005943,0.8226383259599457,attention,1.0203940081336798,gru,1.4468327050335534,chaos,13007,True,0.9141,1,0.006435754052786665,192.5
8,gru+spectral,0.3,random,cml_lattice,0.6468349219280262,1.1611465198321882,0.6665919994635701,spectral,1.0305442344959574,gru,1.795120332048785,chaos,12937,True,0.9609,1,0.006450308423320001,184.1
8,gru+spectral,0.3,block,cml_lattice,0.9687230946244166,1.1637832593764472,1.0147984072873417,spectral,1.0475629340506112,gru,1.201358020506012,chaos,12937,True,0.9609,1,0.006450308423320001,184.1
8,gru+spectral,0.6,random,cml_lattice,0.8083951286659214,1.1619784032524552,0.8386528489269004,spectral,1.0374293698564372,gru,1.4373891702811783,chaos,12937,True,0.9609,1,0.006450308423320001,184.1
16,gru+tokenmix,0.3,random,cml_lattice,0.6318030058995695,1.0580456389568669,0.6565752282513713,tokenmix,1.0392087757109207,gru,1.6746448324512282,chaos,12899,True,1.3437,1,0.0063665189822627736,207.5
16,gru+tokenmix,0.3,block,cml_lattice,0.9657094241319737,1.0650884757111214,0.9779540329083717,tokenmix,1.0126793924449935,gru,1.1029078199878544,chaos,12899,True,1.3437,1,0.0063665189822627736,207.5
16,gru+tokenmix,0.6,random,cml_lattice,0.7977845639014215,1.0352096582889512,0.8200256370568748,tokenmix,1.0278785453640358,gru,1.2976055255148646,chaos,12899,True,1.3437,1,0.0063665189822627736,207.5
8,fixed+none,0.3,random,lorenz_state,0.8285034061000977,nan,0.8285034061000977,none,1.0,fixed,nan,chaos,12983,False,1.5729,1,0.010085095783737912,31.7
8,fixed+none,0.3,block,lorenz_state,0.5704858559197697,nan,0.5704858559197697,none,1.0,fixed,nan,chaos,12983,False,1.5729,1,0.010085095783737912,31.7
8,fixed+none,0.6,random,lorenz_state,0.9477166615186711,nan,0.9477166615186711,none,1.0,fixed,nan,chaos,12983,False,1.5729,1,0.010085095783737912,31.7
8,fixed+pooled,0.3,random,lorenz_state,0.8457340429792258,0.9158922072132979,1.0833471371347965,pooled,1.280954865336321,fixed,1.0829553508180059,chaos,12922,False,1.0104,1,0.009323761696578003,48.6
8,fixed+pooled,0.3,block,lorenz_state,0.5483423866274871,0.7189869834003694,1.0747694193867479,pooled,1.9600334491684765,fixed,1.3112008134596542,chaos,12922,False,1.0104,1,0.009323761696578003,48.6
16,fixed+pooled,0.6,random,lorenz_state,0.9455457296447043,0.9997566478401915,1.119619568752886,pooled,1.1840988052197023,fixed,1.0573329417032609,chaos,12922,False,1.0104,1,0.009323761696578003,48.6
8,fixed+attention,0.3,random,lorenz_state,0.8494383981569942,1.0801027907853793,0.899534706889182,attention,1.0589757995881521,fixed,1.271549288481486,chaos,12986,False,0.9687,1,0.010171763127966022,63.6
8,fixed+attention,0.3,block,lorenz_state,0.563927520317901,1.0509257976049595,0.6982770845363283,attention,1.2382390633156026,fixed,1.8635831019782905,chaos,12986,False,0.9687,1,0.010171763127966022,63.6
8,fixed+attention,0.6,random,lorenz_state,0.966850558181669,1.0833944276772596,0.9617687573247494,attention,0.9947439645000807,fixed,1.1205396930367104,chaos,12986,False,0.9687,1,0.010171763127966022,63.6
8,fixed+spectral,0.3,random,lorenz_state,0.8353987860438303,1.0605768285647537,0.8339340699526498,spectral,0.9982466863542897,fixed,1.2695455706696575,chaos,12973,False,1.1979,1,0.010146095740227875,58.9
8,fixed+spectral,0.3,block,lorenz_state,0.5663702855640709,1.04525024720509,0.5632759504521073,spectral,0.9945365511029912,fixed,1.845524516110663,chaos,12973,False,1.1979,1,0.010146095740227875,58.9
8,fixed+spectral,0.6,random,lorenz_state,0.9435883605045998,1.0481496960114671,0.9395932183919687,spectral,0.9957660116637147,fixed,1.1108124473376837,chaos,12973,False,1.1979,1,0.010146095740227875,58.9
8,fixed+tokenmix,0.3,random,lorenz_state,0.5107882707207748,2.669152552046156,1.521632535283218,tokenmix,2.9789887953692396,fixed,5.225555685293452,chaos,12795,False,1.2812,1,0.0042105786229843616,56.0
8,fixed+tokenmix,0.3,block,lorenz_state,0.43070770662084684,2.5767689115447014,1.6523693421418344,tokenmix,3.8364053318331255,fixed,5.982639437220561,chaos,12795,False,1.2812,1,0.0042105786229843616,56.0
16,fixed+tokenmix,0.6,random,lorenz_state,0.5576356557347314,5.697137655450153,1.434597732526368,tokenmix,2.5726434774622975,fixed,10.21659500582634,chaos,12795,False,1.2812,1,0.0042105786229843616,56.0
8,graph+none,0.3,random,lorenz_state,0.8345565217244543,nan,0.8345565217244543,none,1.0,graph,nan,chaos,12979,False,1.7734,1,0.009919633480339226,33.1
8,graph+none,0.3,block,lorenz_state,0.5709910070973517,nan,0.5709910070973517,none,1.0,graph,nan,chaos,12979,False,1.7734,1,0.009919633480339226,33.1
8,graph+none,0.6,random,lorenz_state,0.9520536285075913,nan,0.9520536285075913,none,1.0,graph,nan,chaos,12979,False,1.7734,1,0.009919633480339226,33.1
8,graph+pooled,0.3,random,lorenz_state,0.8352623742647047,0.9526877462371164,1.0292315224189206,pooled,1.232225410997317,graph,1.140585013272965,chaos,13131,False,1.0547,1,0.009375954441070049,47.7
8,graph+pooled,0.3,block,lorenz_state,0.54905192512865,0.7752703343106464,1.0024508721284722,pooled,1.8257851876096873,graph,1.4120164210862034,chaos,13131,False,1.0547,1,0.009375954441070049,47.7
16,graph+pooled,0.6,random,lorenz_state,0.9456425823834995,1.1295158096164866,1.0285166878455472,pooled,1.0876378739768284,graph,1.1944426262716863,chaos,13131,False,1.0547,1,0.009375954441070049,47.7
8,graph+attention,0.3,random,lorenz_state,0.8377939357969871,1.0565937001608077,0.839393233796828,attention,1.0019089395751228,graph,1.2611617905251105,chaos,14030,False,0.9844,1,0.010033190006982873,61.2
8,graph+attention,0.3,block,lorenz_state,0.5677870050350908,1.001528165782228,0.5653850798756064,attention,0.9957696721866045,graph,1.7639152655850774,chaos,14030,False,0.9844,1,0.010033190006982873,61.2
8,graph+attention,0.6,random,lorenz_state,0.9506951159907039,1.0804101746598784,0.9476108289682553,attention,0.9967557558984255,graph,1.1364423320235537,chaos,14030,False,0.9844,1,0.010033190006982873,61.2
8,graph+spectral,0.3,random,lorenz_state,0.8374568614057558,1.161498974424686,0.8334730012477202,spectral,0.995242907018102,graph,1.3869358864347863,chaos,12960,False,1.2734,1,0.009947329124605114,57.0
8,graph+spectral,0.3,block,lorenz_state,0.5749280869165874,1.1481555305088824,0.5753536552440324,spectral,1.0007402114057906,graph,1.9970419894887845,chaos,12960,False,1.2734,1,0.009947329124605114,57.0
8,graph+spectral,0.6,random,lorenz_state,0.9502709367281656,1.148517026709744,0.9464639872908087,spectral,0.9959938273494248,graph,1.2086205968417285,chaos,12960,False,1.2734,1,0.009947329124605114,57.0
8,graph+tokenmix,0.3,random,lorenz_state,0.5074879530360396,2.626829354358105,1.271952354404663,tokenmix,2.5063695537898503,graph,5.176141302750411,chaos,12942,False,1.3828,1,0.004335275384205902,55.3
8,graph+tokenmix,0.3,block,lorenz_state,0.43029617830385847,2.5348003050161134,1.3502827364792316,tokenmix,3.138030976249374,graph,5.890826906731521,chaos,12942,False,1.3828,1,0.004335275384205902,55.3
16,graph+tokenmix,0.6,random,lorenz_state,0.5425963625842575,17.44053929183188,1.215689070854876,tokenmix,2.2405035394355353,graph,32.14275010758778,chaos,12942,False,1.3828,1,0.004335275384205902,55.3
8,depthwise+none,0.3,random,lorenz_state,0.9676550360473517,nan,0.9676550360473517,none,1.0,depthwise,nan,chaos,12948,False,3.0703,1,0.013181706160222266,34.6
16,depthwise+none,0.3,block,lorenz_state,0.8677072427164574,nan,0.8677072427164574,none,1.0,depthwise,nan,chaos,12948,False,3.0703,1,0.013181706160222266,34.6
8,depthwise+none,0.6,random,lorenz_state,1.0027192022239244,nan,1.0027192022239244,none,1.0,depthwise,nan,chaos,12948,False,3.0703,1,0.013181706160222266,34.6
16,depthwise+pooled,0.3,random,lorenz_state,0.8774565880641177,0.8653674097926797,0.9912395614979467,pooled,1.129673621443611,depthwise,0.9862224770593954,chaos,12937,False,1.1458,1,0.012340888883706859,50.3
16,depthwise+pooled,0.3,block,lorenz_state,0.673703810595209,0.6500879756760058,0.9086283371138726,pooled,1.348705948851782,depthwise,0.9649462648899984,chaos,12937,False,1.1458,1,0.012340888883706859,50.3
16,depthwise+pooled,0.6,random,lorenz_state,0.9754239942129118,0.9754489975785572,1.0079466477095724,pooled,1.0333420683616705,depthwise,1.0000256333305246,chaos,12937,False,1.1458,1,0.012340888883706859,50.3
8,depthwise+attention,0.3,random,lorenz_state,0.9935367808944147,1.0492586195740465,1.00391492409383,attention,1.0104456557613022,depthwise,1.0560843239537334,chaos,12914,False,1.0234,1,0.013467994537098672,61.6
16,depthwise+attention,0.3,block,lorenz_state,0.884845546374836,1.0101490751567312,0.9087070791996043,attention,1.026966890348861,depthwise,1.1416106226620646,chaos,12914,False,1.0234,1,0.013467994537098672,61.6
8,depthwise+attention,0.6,random,lorenz_state,1.0261271157226703,1.0366229697437077,1.0378035357144413,attention,1.0113791164982007,depthwise,1.0102286099453142,chaos,12914,False,1.0234,1,0.013467994537098672,61.6
8,depthwise+spectral,0.3,random,lorenz_state,0.9740629753331215,1.0563026414589078,0.9798904706606745,spectral,1.005982667933313,depthwise,1.0844295165799327,chaos,12875,False,1.4687,1,0.013411567176014862,50.1
8,depthwise+spectral,0.3,block,lorenz_state,0.8914965978323892,1.040750607347772,0.8973446318891054,spectral,1.0065597940260627,depthwise,1.1674196063992652,chaos,12875,False,1.4687,1,0.013411567176014862,50.1
8,depthwise+spectral,0.6,random,lorenz_state,1.0107719343947543,1.0439919592995508,1.017286242142049,spectral,1.0064448838809472,depthwise,1.032865994567497,chaos,12875,False,1.4687,1,0.013411567176014862,50.1
8,depthwise+tokenmix,0.3,random,lorenz_state,0.5570176583670581,1.0105729985935135,1.1701521715851837,tokenmix,2.1007451990221973,depthwise,1.8142566638840305,chaos,13087,False,1.6641,1,0.005136864979497411,54.4
16,depthwise+tokenmix,0.3,block,lorenz_state,0.45838006310288365,1.0313017881995712,1.3215758248405924,tokenmix,2.8831442098387337,depthwise,2.2498836036158383,chaos,13087,False,1.6641,1,0.005136864979497411,54.4
8,depthwise+tokenmix,0.6,random,lorenz_state,0.6014917939038585,0.9734537597026025,1.1301708742908803,tokenmix,1.8789464557043065,depthwise,1.6183990697272883,chaos,13087,False,1.6641,1,0.005136864979497411,54.4
8,gru+none,0.3,random,lorenz_state,0.8052095109462606,nan,0.8052095109462606,none,1.0,gru,nan,chaos,13076,False,2.0375,1,0.009135108367031948,41.5
8,gru+none,0.3,block,lorenz_state,0.5169183651986831,nan,0.5169183651986831,none,1.0,gru,nan,chaos,13076,False,2.0375,1,0.009135108367031948,41.5
8,gru+none,0.6,random,lorenz_state,0.920309458032538,nan,0.920309458032538,none,1.0,gru,nan,chaos,13076,False,2.0375,1,0.009135108367031948,41.5
8,gru+pooled,0.3,random,lorenz_state,0.853054048062089,0.9105554685519184,1.2361294099147278,pooled,1.449063412479999,gru,1.067406538449067,chaos,13056,False,0.9922,1,0.009555003145413304,55.9
16,gru+pooled,0.3,block,lorenz_state,0.5405374375091584,0.7485694146803249,1.5896910733801914,pooled,2.9409453685680322,gru,1.3848613671049228,chaos,13056,False,0.9922,1,0.009555003145413304,55.9
8,gru+pooled,0.6,random,lorenz_state,0.9590812620986644,1.009967274916482,1.0807027819164545,pooled,1.126810443102243,gru,1.0530570399284715,chaos,13056,False,0.9922,1,0.009555003145413304,55.9
8,gru+attention,0.3,random,lorenz_state,0.8401354693606343,0.9832553589583957,0.8073381962717705,attention,0.9609619230648321,gru,1.1703533475460564,chaos,13007,False,0.9141,1,0.008984432219718159,68.6
8,gru+attention,0.3,block,lorenz_state,0.5274336386491116,0.8168964193220231,0.5353400870462881,attention,1.0149904136137902,gru,1.5488136505936507,chaos,13007,False,0.9141,1,0.008984432219718159,68.6
8,gru+attention,0.6,random,lorenz_state,0.9454036556384768,1.0628071982089187,0.91385234011532,attention,0.9666266199258045,gru,1.1241835081451568,chaos,13007,False,0.9141,1,0.008984432219718159,68.6
8,gru+spectral,0.3,random,lorenz_state,0.8527184320309922,1.1956354715741742,0.8127670359464905,spectral,0.9531481968915038,gru,1.4021456868551876,chaos,13051,False,1.2266,1,0.009757913543250073,56.5
8,gru+spectral,0.3,block,lorenz_state,0.5614699423845675,1.1823412808841622,0.5231031476149738,spectral,0.9316672329659365,gru,2.1057962174479883,chaos,13051,False,1.2266,1,0.009757913543250073,56.5
8,gru+spectral,0.6,random,lorenz_state,0.9516449163428448,1.1828462339421641,0.9184821396660514,spectral,0.9651521527543726,gru,1.2429491437707902,chaos,13051,False,1.2266,1,0.009757913543250073,56.5
16,gru+tokenmix,0.3,random,lorenz_state,0.47423959233572127,2.338265551461631,1.451798152094606,tokenmix,3.0613178982889653,gru,4.93055744237891,chaos,13065,False,1.3672,1,0.004337866660948334,61.0
16,gru+tokenmix,0.3,block,lorenz_state,0.4231744046136082,2.320311899215355,1.67859443466757,tokenmix,3.966672880889996,gru,5.483110211578093,chaos,13065,False,1.3672,1,0.004337866660948334,61.0
16,gru+tokenmix,0.6,random,lorenz_state,0.5382182393852066,2.415516440454365,1.2793273716747249,tokenmix,2.3769677020534807,gru,4.487986960853556,chaos,13065,False,1.3672,1,0.004337866660948334,61.0
16,fixed+none,0.3,random,digits_8x8,0.561337266232481,nan,0.561337266232481,none,1.0,fixed,nan,image,13151,True,1.4896,1,0.015204957347701897,103.9
8,fixed+none,0.3,block,digits_8x8,0.8331008734954405,nan,0.8331008734954405,none,1.0,fixed,nan,image,13151,True,1.4896,1,0.015204957347701897,103.9
16,fixed+none,0.6,random,digits_8x8,0.6733301197452167,nan,0.6733301197452167,none,1.0,fixed,nan,image,13151,True,1.4896,1,0.015204957347701897,103.9
8,fixed+pooled,0.3,random,digits_8x8,0.5877137667503622,1.1466139819285124,0.6301408468067261,pooled,1.0721900395339645,fixed,1.9509734955988347,image,13238,True,0.9792,1,0.01595866468481042,121.7
8,fixed+pooled,0.3,block,digits_8x8,0.8513273219256313,1.2678515593608977,0.9164338811795374,pooled,1.0764765297402183,fixed,1.4892645011006147,image,13238,True,0.9792,1,0.01595866468481042,121.7
16,fixed+pooled,0.6,random,digits_8x8,0.6905346750194247,1.6916163137679976,0.9007290658774941,pooled,1.3043936799439604,fixed,2.4497195795713123,image,13238,True,0.9792,1,0.01595866468481042,121.7
8,fixed+attention,0.3,random,digits_8x8,0.5926426880660015,0.9222956356033677,0.5994682286318618,attention,1.0115171260918352,fixed,1.5562423264060474,image,13114,True,0.9141,1,0.016164666422727434,143.3
8,fixed+attention,0.3,block,digits_8x8,0.8417225356472408,1.0386355375051828,0.8536253358180218,attention,1.0141410021315735,fixed,1.2339405130771819,image,13114,True,0.9141,1,0.016164666422727434,143.3
8,fixed+attention,0.6,random,digits_8x8,0.7152189269511005,0.9546090232347767,0.7322089859426508,attention,1.0237550466735788,fixed,1.3347088384589736,image,13114,True,0.9141,1,0.016164666422727434,143.3
8,fixed+spectral,0.3,random,digits_8x8,0.6087964481996719,1.0376523749876643,0.6225541211364384,spectral,1.0225981491473062,fixed,1.7044323731785915,image,12573,True,0.8437,1,0.01682211048054424,136.6
8,fixed+spectral,0.3,block,digits_8x8,0.8572242558134802,1.0447269513809192,0.8878575453905234,spectral,1.0357354442192879,fixed,1.2187323728835748,image,12573,True,0.8437,1,0.01682211048054424,136.6
8,fixed+spectral,0.6,random,digits_8x8,0.7343511629325116,1.0396321346810067,0.784042625706674,spectral,1.067667166993687,fixed,1.415715242458942,image,12573,True,0.8437,1,0.01682211048054424,136.6
16,fixed+tokenmix,0.3,random,digits_8x8,0.532755537906849,0.8844246376043741,0.6013946169625596,tokenmix,1.1288378518323574,fixed,1.6600946863531496,image,13269,True,1.2188,1,0.013821988705207,168.0
8,fixed+tokenmix,0.3,block,digits_8x8,0.7963944953958785,0.9270866299783075,0.9257586172411292,tokenmix,1.1624372375664718,fixed,1.1641047688526067,image,13269,True,1.2188,1,0.013821988705207,168.0
16,fixed+tokenmix,0.6,random,digits_8x8,0.6221006394609944,0.9395406264456941,0.8759496777127104,tokenmix,1.4080514022163007,fixed,1.5102711150718937,image,13269,True,1.2188,1,0.013821988705207,168.0
16,graph+none,0.3,random,digits_8x8,0.504540827605633,nan,0.504540827605633,none,1.0,graph,nan,image,12979,True,1.7734,1,0.012012479234148155,177.6
16,graph+none,0.3,block,digits_8x8,0.7941174883689144,nan,0.7941174883689144,none,1.0,graph,nan,image,12979,True,1.7734,1,0.012012479234148155,177.6
8,graph+none,0.6,random,digits_8x8,0.6577999688570586,nan,0.6577999688570586,none,1.0,graph,nan,image,12979,True,1.7734,1,0.012012479234148155,177.6
