arch,dataset,decay_per_cell,frac_affected_final__thresholded,frac_affected_step1__thresholded,frac_curve,global_share_final,global_share_mean,has_global,knockout_ratio,lightcone_leak_final,lightcone_leak_step1,memory_ratio,modality,n_cells,n_params,nrmse_global_off,nrmse_global_on,nrmse_intact,nrmse_wiped,ordered,radius_curve,radius_step1__thresholded,scale,seed,steps_to_cover__thresholded
A1_local,cml_lattice,0.4826614900163388,0.328125,0.046875,0.0469;0.0781;0.1094;0.1406;0.1719;0.2031;0.2344;0.2656;0.2812;0.2969;0.2969;0.3125;0.3281;0.3281;0.3438;0.3438;0.3438;0.3438;0.3438;0.3438;0.3438;0.3438;0.3438;0.3438;0.3438;0.3281;0.3125;0.3281;0.3281;0.3281;0.3281;0.3281,0.0,0.0,False,1.0,0.0,0.0,1.3917544196829703,chaos,64,13215,0.6322509233128083,0.6322509233128083,0.6466203093026391,0.8999366733287173,True,1;2;3;4;5;6;7;8;9;9;9;10;10;10;11;11;11;11;12;12;12;12;12;12;12;12;10;11;11;11;11;11,1.0,0.7422,0,nan
A1_local,cml_lattice,0.4168949892289153,0.359375,0.046875,0.0469;0.0781;0.1094;0.1406;0.1719;0.2031;0.2344;0.2656;0.2812;0.2969;0.2969;0.2969;0.3125;0.3125;0.3125;0.3125;0.3281;0.3281;0.3438;0.3438;0.3438;0.3594;0.3594;0.3594;0.3594;0.3594;0.3750;0.3750;0.3594;0.3750;0.3750;0.3594,0.0,0.0,False,1.0,0.0,0.0,1.3656155014779439,chaos,64,13215,0.6177712689477619,0.6177712689477619,0.7907232598463972,1.0798239410254122,True,1;2;3;4;5;6;7;8;9;9;9;9;10;10;10;10;11;11;11;11;11;11;11;11;11;11;12;12;12;13;13;12,1.0,0.7422,2,nan
A2_pooled,cml_lattice,0.07816659469318012,1.0,1.0,1.0000;1.0000;1.0000;1.0000;1.0000;1.0000;1.0000;1.0000;1.0000;1.0000;1.0000;1.0000;1.0000;1.0000;1.0000;1.0000;1.0000;1.0000;1.0000;1.0000;1.0000;1.0000;1.0000;1.0000;1.0000;1.0000;1.0000;1.0000;1.0000;1.0000;1.0000;1.0000,0.310528689930946,0.32728511116346753,True,1.014370836059741,0.0,0.41205886082694365,1.0298831019175898,chaos,64,13046,0.6499414856933096,0.6407336080539991,0.7056665074291745,0.7267540115905101,True,32;32;32;32;32;32;32;32;32;32;32;32;32;32;32;32;32;32;32;32;32;32;32;32;32;32;32;32;32;32;32;32,32.0,0.6133,1,1
A3_attentive,cml_lattice,0.3818570833353607,1.0,1.0,1.0000;1.0000;1.0000;1.0000;1.0000;1.0000;1.0000;1.0000;1.0000;1.0000;1.0000;1.0000;1.0000;1.0000;1.0000;1.0000;1.0000;1.0000;1.0000;1.0000;1.0000;1.0000;1.0000;1.0000;1.0000;1.0000;1.0000;1.0000;1.0000;1.0000;0.9844;1.0000,1.7567880406536456,1.5696107861754722,True,1.590180042403755,0.0,0.045500091140325064,0.7609896594062435,chaos,64,13163,1.0575330591662009,0.6650398262875995,0.9249338516448746,0.7038650967365381,True,32;32;32;32;32;32;32;32;32;32;32;32;32;32;32;32;32;32;32;32;32;32;32;32;32;32;32;32;32;32;32;32,32.0,0.5547,0,1
A3_attentive,cml_lattice,0.24819414556499703,1.0,1.0,1.0000;1.0000;1.0000;1.0000;1.0000;1.0000;1.0000;1.0000;1.0000;1.0000;1.0000;1.0000;1.0000;1.0000;1.0000;1.0000;1.0000;1.0000;1.0000;1.0000;1.0000;1.0000;1.0000;1.0000;1.0000;1.0000;1.0000;1.0000;1.0000;1.0000;1.0000;1.0000,1.3314158816355792,1.1667491145482003,True,1.5833994476518884,0.0,0.015470794865381103,0.855942612350883,chaos,64,13163,0.985807726631245,0.6225894091937157,0.7475664019205523,0.6398739389656277,True,32;32;32;32;32;32;32;32;32;32;32;32;32;32;32;32;32;32;32;32;32;32;32;32;32;32;32;32;32;32;32;32,32.0,0.5547,2,1
A4_interleaved,cml_lattice,0.04523519245657748,1.0,1.0,1.0000;1.0000;1.0000;1.0000;1.0000;1.0000;1.0000;1.0000;1.0000;1.0000;1.0000;1.0000;1.0000;1.0000;1.0000;1.0000;1.0000;1.0000;1.0000;1.0000;1.0000;1.0000;1.0000;1.0000;1.0000;1.0000;1.0000;1.0000;1.0000;1.0000;1.0000;1.0000,0.12189505000613886,0.12316262346525494,True,0.9940181725530398,0.0,0.22226601992119532,1.1393014836916255,chaos,64,12795,0.624676160532395,0.6284353523718531,0.7525513647926599,0.8573828864624352,True,32;32;32;32;32;32;32;32;32;32;32;32;32;32;32;32;32;32;32;32;32;32;32;32;32;32;32;32;32;32;32;32,32.0,0.5859,1,1
A1_local,cml_timewindow,0.44134140775345765,0.296875,0.046875,0.0469;0.0781;0.1094;0.1406;0.1406;0.1562;0.1562;0.1719;0.1719;0.1875;0.1875;0.1875;0.1875;0.1875;0.1875;0.2031;0.2188;0.2188;0.2188;0.2188;0.2188;0.2344;0.2500;0.2500;0.2500;0.2656;0.2656;0.2656;0.2656;0.2812;0.2969;0.2969,0.0,0.0,False,1.0,0.0,0.0,1.639964496897644,chaos,64,13215,0.3550909395376796,0.3550909395376796,0.43403401061243185,0.7118003678504834,True,1;2;3;4;4;5;5;5;5;6;6;6;6;6;6;6;7;7;7;7;7;8;8;8;8;9;9;9;9;10;10;10,1.0,0.7422,0,nan
A1_local,cml_timewindow,0.6724504888808666,0.21875,0.046875,0.0469;0.0781;0.1094;0.1250;0.1406;0.1562;0.1562;0.1562;0.1562;0.1719;0.1719;0.1719;0.1719;0.1719;0.1875;0.1875;0.1875;0.1875;0.1875;0.1875;0.1875;0.1875;0.1875;0.1875;0.2031;0.2031;0.2031;0.2031;0.2031;0.2031;0.2031;0.2188,0.0,0.0,False,1.0,0.0,0.0,1.7980446184829528,chaos,64,13215,0.36686754696877416,0.36686754696877416,0.39496703910989023,0.7101683591496841,True,1;2;3;4;4;5;5;5;5;6;6;6;6;6;6;6;6;6;6;6;6;6;6;6;7;7;7;7;7;7;7;7,1.0,0.7422,2,nan
A2_pooled,cml_timewindow,0.08993272674758496,1.0,1.0,1.0000;1.0000;1.0000;1.0000;1.0000;1.0000;1.0000;1.0000;1.0000;1.0000;1.0000;1.0000;1.0000;1.0000;1.0000;1.0000;1.0000;1.0000;1.0000;1.0000;1.0000;1.0000;1.0000;1.0000;1.0000;1.0000;1.0000;1.0000;1.0000;1.0000;1.0000;1.0000,0.2409740968786528,0.23715067788387637,True,0.8920103244279199,0.0,0.1458518019023188,0.7338628821888227,chaos,64,13046,0.3675149309939773,0.41200748570895585,0.9524145362241792,0.698941676592007,True,32;32;32;32;32;32;32;32;32;32;32;32;32;32;32;32;32;32;32;32;32;32;32;32;32;32;32;32;32;32;32;32,32.0,0.6133,1,1
A3_attentive,cml_timewindow,0.5549760139947625,1.0,1.0,1.0000;1.0000;1.0000;1.0000;1.0000;1.0000;1.0000;1.0000;1.0000;1.0000;1.0000;1.0000;1.0000;1.0000;1.0000;1.0000;1.0000;1.0000;1.0000;1.0000;1.0000;1.0000;1.0000;1.0000;1.0000;1.0000;1.0000;1.0000;1.0000;1.0000;1.0000;1.0000,0.9056378606066662,0.9767700704653182,True,3.452872688054526,0.0,0.006062187149778218,1.115823786781208,chaos,64,13163,1.4267886353358408,0.4132178519850801,0.6094335849291694,0.6800204905273127,True,32;32;32;32;32;32;32;32;32;32;32;32;32;32;32;32;32;32;32;32;32;32;32;32;32;32;32;32;32;32;32;32,32.0,0.5547,0,1
A3_attentive,cml_timewindow,0.3145960942810884,1.0,1.0,1.0000;1.0000;1.0000;1.0000;1.0000;1.0000;1.0000;1.0000;1.0000;1.0000;1.0000;1.0000;1.0000;1.0000;1.0000;1.0000;1.0000;1.0000;1.0000;1.0000;1.0000;1.0000;1.0000;1.0000;1.0000;1.0000;1.0000;1.0000;1.0000;1.0000;1.0000;1.0000,4.540092889248031,3.484776262858427,True,2.5416339644550154,0.0,0.0035543082032833554,0.7533377464024438,chaos,64,13163,1.1649425894952419,0.4583439652550568,1.045402212853484,0.7875409471151714,True,32;32;32;32;32;32;32;32;32;32;32;32;32;32;32;32;32;32;32;32;32;32;32;32;32;32;32;32;32;32;32;32,32.0,0.5547,2,1
A4_interleaved,cml_timewindow,0.087422736835272,1.0,1.0,1.0000;1.0000;1.0000;1.0000;1.0000;1.0000;1.0000;1.0000;1.0000;1.0000;1.0000;1.0000;1.0000;1.0000;1.0000;1.0000;1.0000;1.0000;1.0000;1.0000;1.0000;1.0000;1.0000;1.0000;1.0000;1.0000;1.0000;1.0000;1.0000;1.0000;1.0000;1.0000,0.4130331370781018,0.4096460339275794,True,2.038363753986595,0.0,0.06924175594298493,2.0329224057803197,chaos,64,12795,0.7467434356202433,0.36634454187079024,0.6972418219995616,1.4174385221900023,True,32;32;32;32;32;32;32;32;32;32;32;32;32;32;32;32;32;32;32;32;32;32;32;32;32;32;32;32;32;32;32;32,32.0,0.5859,1,1
A1_local,lorenz_state,nan,1.0,1.0,1.0000;1.0000;1.0000;1.0000;1.0000;1.0000,0.0,0.0,False,1.0,0.0,0.0,1.1200515420278028,chaos,3,13215,0.7503304409021702,0.7503304409021702,0.7353303220276779,0.8236078610869014,False,1;1;1;1;1;1,1.0,0.7422,0,1
A1_local,lorenz_state,nan,1.0,1.0,1.0000;1.0000;1.0000;1.0000;1.0000;1.0000,0.0,0.0,False,1.0,0.0,0.0,1.3808274520891497,chaos,3,13215,0.77509504961125,0.77509504961125,1.1828343680222626,1.6332901666396604,False,1;1;1;1;1;1,1.0,0.7422,2,1
A2_pooled,lorenz_state,nan,1.0,1.0,1.0000;1.0000;1.0000;1.0000;1.0000;1.0000,0.1434227089754891,0.23232369452818447,True,1.0644934629041223,0.0,0.0,1.485405018894524,chaos,3,13046,1.0062125526870787,0.9452501004017034,1.0725250713010328,1.5931341238007615,False,1;1;1;1;1;1,1.0,0.6133,1,1
A3_attentive,lorenz_state,nan,1.0,1.0,1.0000;1.0000;1.0000;1.0000;1.0000;1.0000,1.5770918926383464,1.217909621634812,True,1.1342422246020725,0.0,0.0,1.2107064522441813,chaos,3,13163,0.9056827441375525,0.798491472538235,0.7797306293940143,0.9440249040197495,False,1;1;1;1;1;1,1.0,0.5547,0,1
A3_attentive,lorenz_state,nan,1.0,1.0,1.0000;1.0000;1.0000;1.0000;1.0000;1.0000,1.2850825231236938,1.2376251218888366,True,1.2101002123791254,0.0,0.0,1.1514127171933974,chaos,3,13163,0.9524892950451134,0.7871160465069794,0.8768670927244281,1.0096359218513085,False,1;1;1;1;1;1,1.0,0.5547,2,1
A4_interleaved,lorenz_state,nan,1.0,1.0,1.0000;1.0000;1.0000;1.0000;1.0000;1.0000,0.5086931112624495,0.7631924551949727,True,2.7916307861803715,0.0,0.0,1.137280789702818,chaos,3,13065,1.4580720270806167,0.5223011704479779,0.5536656083944662,0.6296732603461498,False,1;1;1;1;1;1,1.0,0.6055,1,1
A1_local,eca_rule110,0.9879701726915188,0.171875,0.046875,0.0469;0.0781;0.1094;0.1094;0.1094;0.1094;0.1406;0.1406;0.1406;0.1406;0.1406;0.1406;0.1406;0.1406;0.1406;0.1406;0.1406;0.1406;0.1562;0.1562;0.1562;0.1562;0.1562;0.1562;0.1562;0.1562;0.1562;0.1562;0.1562;0.1562;0.1719;0.1719,0.0,0.0,False,1.0,0.0,0.0,1.0013963025602788,ca,64,13215,0.9795691272144088,0.9795691272144088,0.9789605207643203,0.9803274458458753,True,1;2;3;3;3;3;4;4;4;4;4;4;4;4;4;4;4;4;5;5;5;5;5;5;5;5;5;5;5;5;5;5,1.0,0.7422,0,nan
A1_local,eca_rule110,0.8003188719596652,0.203125,0.046875,0.0469;0.0781;0.0938;0.1094;0.1094;0.1094;0.1250;0.1406;0.1406;0.1406;0.1406;0.1406;0.1406;0.1562;0.1562;0.1719;0.1719;0.1719;0.1719;0.1719;0.1719;0.1719;0.1719;0.1719;0.1875;0.1875;0.2031;0.2031;0.2031;0.2031;0.2031;0.2031,0.0,0.0,False,1.0,0.0,0.0,0.9993500873060385,ca,64,13215,0.977578508907017,0.977578508907017,0.9787827550282069,0.9781466316910834,True,1;2;3;3;3;3;4;4;4;4;4;4;4;5;5;5;5;5;5;5;5;5;5;5;6;6;6;6;6;6;6;6,1.0,0.7422,2,nan
A2_pooled,eca_rule110,0.28767987518608673,1.0,1.0,1.0000;1.0000;1.0000;1.0000;1.0000;1.0000;1.0000;1.0000;1.0000;1.0000;1.0000;1.0000;1.0000;1.0000;1.0000;1.0000;1.0000;1.0000;1.0000;1.0000;1.0000;1.0000;1.0000;1.0000;1.0000;1.0000;1.0000;1.0000;1.0000;1.0000;1.0000;1.0000,0.011718531796187157,0.02414295837218319,True,0.9991557787053635,0.0,0.008714874547707328,0.9969412844724029,ca,64,13046,0.9925122195295417,0.9933508274511207,0.9955994824258875,0.9925542268297238,True,32;32;32;32;32;32;32;32;32;32;32;32;32;32;32;32;32;32;32;32;32;32;32;32;32;32;32;32;32;32;32;32,32.0,0.6133,1,1
A3_attentive,eca_rule110,0.5691435270026983,1.0,1.0,1.0000;1.0000;1.0000;1.0000;1.0000;1.0000;1.0000;1.0000;1.0000;1.0000;1.0000;1.0000;1.0000;1.0000;1.0000;1.0000;1.0000;1.0000;1.0000;1.0000;1.0000;1.0000;1.0000;1.0000;1.0000;1.0000;1.0000;1.0000;1.0000;1.0000;1.0000;1.0000,0.7268597834329535,0.7973035788146958,True,1.0214659831169137,0.0,0.012586552055374536,0.9440515175419504,ca,64,13163,1.000285249127987,0.9792643765538862,1.0477431024472506,0.9891234658594381,True,32;32;32;32;32;32;32;32;32;32;32;32;32;32;32;32;32;32;32;32;32;32;32;32;32;32;32;32;32;32;32;32,32.0,0.5547,0,1
A3_attentive,eca_rule110,0.5278841248885467,1.0,1.0,1.0000;1.0000;1.0000;1.0000;1.0000;1.0000;1.0000;1.0000;1.0000;1.0000;1.0000;1.0000;1.0000;1.0000;1.0000;1.0000;1.0000;1.0000;1.0000;1.0000;1.0000;1.0000;1.0000;1.0000;1.0000;1.0000;1.0000;1.0000;1.0000;1.0000;1.0000;1.0000,1.2764972593770576,1.2830474302888422,True,0.9983986405282717,0.0,0.038091918768000804,0.9093909760831109,ca,64,13163,0.977068103283899,0.9786352501110316,1.0911900257703941,0.9923183626274937,True,32;32;32;32;32;32;32;32;32;32;32;32;32;32;32;32;32;32;32;32;32;32;32;32;32;32;32;32;32;32;32;32,32.0,0.5547,2,1
A4_interleaved,eca_rule110,0.312156336842958,1.0,1.0,1.0000;1.0000;1.0000;1.0000;1.0000;1.0000;1.0000;1.0000;1.0000;1.0000;1.0000;1.0000;1.0000;1.0000;1.0000;1.0000;1.0000;1.0000;1.0000;1.0000;1.0000;1.0000;1.0000;1.0000;1.0000;1.0000;1.0000;1.0000;1.0000;1.0000;1.0000;1.0000,0.7622168731925566,0.7384429821974716,True,1.1242876326052047,0.0,0.08615175925570837,0.9779635758053277,ca,64,12795,0.9818803270700796,0.8733355225075826,0.8851417407254148,0.865636381854379,True,32;32;32;32;32;32;32;32;32;32;32;32;32;32;32;32;32;32;32;32;32;32;32;32;32;32;32;32;32;32;32;32,32.0,0.5859,1,1
A1_local,digits_8x8,0.5369887740133238,1.0,0.140625,0.1406;0.3906;0.7656;1.0000;1.0000;0.9844;1.0000;1.0000;1.0000;1.0000;1.0000;1.0000;1.0000;1.0000;1.0000;1.0000,0.0,0.0,False,1.0,0.0,0.0,0.8860728439006966,image,64,13088,0.585819477045115,0.585819477045115,0.8138594740353212,0.7211387786940022,True,1;2;3;4;4;4;4;4;4;4;4;4;4;4;4;4,1.0,0.7305,0,4
A1_local,digits_8x8,0.4840041260423856,1.0,0.140625,0.1406;0.3906;0.7188;0.9844;1.0000;0.9688;0.9844;1.0000;1.0000;1.0000;1.0000;1.0000;1.0000;1.0000;1.0000;1.0000,0.0,0.0,False,1.0,0.0,0.0,0.8889636397140345,image,64,13088,0.6051110591236086,0.6051110591236086,0.8885016422625237,0.7898456537975901,True,1;2;3;4;4;4;4;4;4;4;4;4;4;4;4;4,1.0,0.7305,2,5
A2_pooled,digits_8x8,0.07474081172524377,1.0,1.0,1.0000;1.0000;1.0000;1.0000;1.0000;1.0000;1.0000;1.0000;1.0000;1.0000;1.0000;1.0000;1.0000;1.0000;1.0000;1.0000,1.2761477422618381,0.7680729689625894,True,1.018682718111586,0.0,0.7559568171887103,1.253835920216357,image,64,13016,0.5838363535621948,0.573128750671749,0.6687030378098276,0.8384438887637585,True,4;4;4;4;4;4;4;4;4;4;4;4;4;4;4;4,4.0,0.6016,1,1
A3_attentive,digits_8x8,0.3936489524962412,1.0,1.0,1.0000;1.0000;1.0000;1.0000;1.0000;1.0000;1.0000;1.0000;1.0000;1.0000;1.0000;1.0000;1.0000;1.0000;1.0000;1.0000,0.5449586672222427,0.7032569378293473,True,1.343416088904096,0.0,0.008678895779359415,1.0156209519140147,image,64,13016,0.8259265421213798,0.6147957799099585,0.6459809500382763,0.6560717873961937,True,4;4;4;4;4;4;4;4;4;4;4;4;4;4;4;4,4.0,0.543,0,1
A3_attentive,digits_8x8,0.30184452406542783,1.0,1.0,1.0000;1.0000;1.0000;1.0000;1.0000;1.0000;1.0000;1.0000;1.0000;1.0000;1.0000;1.0000;1.0000;1.0000;1.0000;1.0000,1.1349253141744473,1.1362795106345716,True,1.3032865669933318,0.0,0.12261256307390703,1.164688919550971,image,64,13016,0.735388496859666,0.5642569450832287,0.6124422930183678,0.7133047525428821,True,4;4;4;4;4;4;4;4;4;4;4;4;4;4;4;4,4.0,0.543,2,1
A4_interleaved,digits_8x8,0.44519445828432874,1.0,1.0,1.0000;1.0000;1.0000;1.0000;1.0000;1.0000;1.0000;1.0000;1.0000;1.0000;1.0000;1.0000;1.0000;1.0000;1.0000;1.0000,0.40991693460328227,0.458497316367803,True,1.1118327611674823,0.0,0.16061002401366625,1.340096244289149,image,64,12949,0.5179977860037958,0.4658954152959759,0.5019020994732205,0.6725971185049017,True,4;4;4;4;4;4;4;4;4;4;4;4;4;4;4;4,4.0,0.5742,1,1
A1_local,natural_patches_16x16,1.2486305506419129,0.3125,0.03515625,0.0352;0.0898;0.0977;0.1211;0.1445;0.1562;0.1680;0.1719;0.1719;0.1797;0.1836;0.1953;0.1953;0.2031;0.2109;0.2266;0.2383;0.2500;0.2539;0.2578;0.2695;0.2734;0.2852;0.2969;0.2969;0.3008;0.3008;0.3008;0.3008;0.3047;0.3086;0.3125,0.0,0.0,False,1.0,0.0,0.0,1.0597716535184438,image,256,13088,0.30820383158906495,0.30820383158906495,0.48948592893137466,0.5187433122776144,True,1;2;2;3;3;3;3;4;4;4;4;4;4;4;4;4;4;4;4;4;4;4;5;5;5;5;5;5;5;5;5;5,1.0,0.7305,0,nan
A1_local,natural_patches_16x16,1.1658696977767145,0.3203125,0.03515625,0.0352;0.0938;0.1133;0.1484;0.1602;0.1641;0.1758;0.1836;0.1953;0.1992;0.2227;0.2266;0.2500;0.2578;0.2734;0.2812;0.2969;0.3008;0.3008;0.3008;0.3008;0.3047;0.3086;0.3086;0.3047;0.3047;0.3086;0.3086;0.3125;0.3203;0.3203;0.3203,0.0,0.0,False,1.0,0.0,0.0,1.0130319059832933,image,256,13088,0.28772905134530774,0.28772905134530774,0.5682779887812391,0.5756837341034112,True,1;2;3;3;3;3;4;4;4;4;4;4;4;5;5;5;5;5;5;5;5;5;5;5;5;5;5;5;5;5;5;5,1.0,0.7305,2,nan
A2_pooled,natural_patches_16x16,0.010842594740554242,1.0,1.0,1.0000;1.0000;1.0000;1.0000;1.0000;1.0000;1.0000;1.0000;1.0000;1.0000;1.0000;1.0000;1.0000;1.0000;1.0000;1.0000;1.0000;1.0000;1.0000;1.0000;1.0000;1.0000;1.0000;1.0000;1.0000;1.0000;1.0000;1.0000;1.0000;1.0000;1.0000;1.0000,0.3891096570247284,0.2489200940000884,True,1.4761030459822861,0.0,0.338714798351308,1.8781707340654687,image,256,13016,0.45791375930311684,0.31021801665505944,0.542501413069358,1.0189102772160301,True,8;8;8;8;8;8;8;8;8;8;8;8;8;8;8;8;8;8;8;8;8;8;8;8;8;8;8;8;8;8;8;8,8.0,0.6016,1,1
A3_attentive,natural_patches_16x16,0.6505057916565304,1.0,1.0,1.0000;1.0000;1.0000;1.0000;1.0000;1.0000;1.0000;1.0000;1.0000;1.0000;1.0000;1.0000;1.0000;1.0000;1.0000;1.0000;1.0000;1.0000;1.0000;1.0000;1.0000;1.0000;1.0000;1.0000;1.0000;1.0000;1.0000;1.0000;1.0000;1.0000;1.0000;1.0000,1.3133966878445482,1.272198804349161,True,2.983466549198193,0.0,0.008249699372519107,1.8698234409596435,image,256,13016,0.8793977749223518,0.294757041991535,0.4497796624149994,0.841008556050481,True,8;8;8;8;8;8;8;8;8;8;8;8;8;8;8;8;8;8;8;8;8;8;8;8;8;8;8;8;8;8;8;8,8.0,0.543,0,1
A3_attentive,natural_patches_16x16,0.6593051446417889,1.0,1.0,1.0000;1.0000;1.0000;1.0000;1.0000;1.0000;1.0000;1.0000;1.0000;1.0000;1.0000;1.0000;1.0000;1.0000;1.0000;1.0000;1.0000;1.0000;1.0000;1.0000;1.0000;1.0000;1.0000;1.0000;1.0000;1.0000;1.0000;1.0000;1.0000;1.0000;1.0000;1.0000,1.066107781344474,1.0723720916844561,True,3.556640676496348,0.0,0.011293904628107396,2.0439854120154095,image,256,13016,1.0089479641369352,0.2836800385274937,0.3230089871184,0.6602256576198829,True,8;8;8;8;8;8;8;8;8;8;8;8;8;8;8;8;8;8;8;8;8;8;8;8;8;8;8;8;8;8;8;8,8.0,0.543,2,1
A4_interleaved,natural_patches_16x16,0.4893299391176428,1.0,1.0,1.0000;1.0000;1.0000;1.0000;1.0000;1.0000;1.0000;1.0000;1.0000;1.0000;1.0000;1.0000;1.0000;1.0000;1.0000;1.0000;1.0000;1.0000;1.0000;1.0000;1.0000;1.0000;1.0000;1.0000;1.0000;1.0000;1.0000;1.0000;1.0000;1.0000;1.0000;1.0000,0.23463016786674817,0.2244017941085183,True,1.032019619196919,0.0,0.20396130865891535,1.2214586896948791,image,256,12949,0.24508482018766445,0.23748077616817084,0.3703587945251646,0.45237796787768253,True,8;8;8;8;8;8;8;8;8;8;8;8;8;8;8;8;8;8;8;8;8;8;8;8;8;8;8;8;8;8;8;8,8.0,0.5742,1,1
A1_local,text_chars,0.7250340245364472,0.25,0.046875,0.0469;0.0781;0.1094;0.1094;0.1094;0.1094;0.1250;0.1250;0.1250;0.1406;0.1406;0.1562;0.1562;0.1719;0.1719;0.1719;0.1719;0.1875;0.2031;0.2031;0.2031;0.2031;0.2031;0.2188;0.2188;0.2188;0.2344;0.2344;0.2344;0.2344;0.2344;0.2500,0.0,0.0,False,1.0,0.0,0.0,1.0977141422970949,text,64,13215,0.9923357698638119,0.9923357698638119,1.0045090519777942,1.1026637924214722,True,1;2;3;3;3;3;4;4;4;4;4;5;5;5;5;5;5;6;6;6;6;6;6;7;7;7;7;7;7;7;7;8,1.0,0.7422,0,nan
A1_local,text_chars,1.4423872846909225,0.140625,0.046875,0.0469;0.0781;0.1094;0.1094;0.1094;0.1094;0.1094;0.1094;0.1094;0.1094;0.1094;0.1094;0.1094;0.1094;0.1094;0.1094;0.1094;0.1094;0.1250;0.1250;0.1250;0.1250;0.1250;0.1250;0.1250;0.1250;0.1250;0.1250;0.1250;0.1250;0.1406;0.1406,0.0,0.0,False,1.0,0.0,0.0,1.2185794159873518,text,64,13215,0.9742242789975266,0.9742242789975266,0.9745088937997722,1.1875164786810066,True,1;2;3;3;3;3;3;3;3;3;3;3;3;3;4;4;4;4;4;4;4;4;4;4;4;4;4;4;4;4;4;4,1.0,0.7422,2,nan
A2_pooled,text_chars,0.44363590927896684,1.0,1.0,1.0000;1.0000;1.0000;1.0000;1.0000;1.0000;1.0000;1.0000;1.0000;1.0000;1.0000;1.0000;1.0000;1.0000;1.0000;1.0000;1.0000;1.0000;1.0000;1.0000;1.0000;1.0000;1.0000;1.0000;1.0000;1.0000;1.0000;1.0000;1.0000;1.0000;1.0000;1.0000,0.04904184623753836,0.09732626458748496,True,1.008750373947782,0.0,0.20059296814354113,1.0215685761900615,text,64,13046,0.9861341006066755,0.9775799108231337,1.0418239571549492,1.064294616551477,True,32;32;32;32;32;32;32;32;32;32;32;32;32;32;32;32;32;32;32;32;32;32;32;32;32;32;32;32;32;32;32;32,32.0,0.6133,1,1
A3_attentive,text_chars,0.4689038768921396,1.0,1.0,1.0000;1.0000;1.0000;1.0000;1.0000;1.0000;1.0000;1.0000;1.0000;1.0000;1.0000;1.0000;1.0000;1.0000;1.0000;1.0000;1.0000;1.0000;1.0000;1.0000;1.0000;1.0000;1.0000;1.0000;1.0000;1.0000;1.0000;1.0000;1.0000;1.0000;1.0000;1.0000,0.29906726620890806,0.37635054311393656,True,1.1506077000572035,0.0,0.001990826422404273,1.0656872084948061,text,64,13163,1.1394404831223368,0.9902945052998416,0.9925552535079909,1.0577534373877855,True,32;32;32;32;32;32;32;32;32;32;32;32;32;32;32;32;32;32;32;32;32;32;32;32;32;32;32;32;32;32;32;32,32.0,0.5547,0,1
A3_attentive,text_chars,0.2239889772928055,1.0,1.0,1.0000;1.0000;1.0000;1.0000;1.0000;1.0000;1.0000;1.0000;1.0000;1.0000;1.0000;1.0000;1.0000;1.0000;1.0000;1.0000;1.0000;1.0000;1.0000;1.0000;1.0000;1.0000;1.0000;1.0000;1.0000;1.0000;1.0000;1.0000;1.0000;1.0000;1.0000;1.0000,0.4535278539099074,0.5196045616892773,True,1.1276728765041257,0.0,0.004650524188322272,1.0448392230128767,text,64,13163,1.0887102017048447,0.9654486016192316,0.9641792220402902,1.0074122692017367,True,32;32;32;32;32;32;32;32;32;32;32;32;32;32;32;32;32;32;32;32;32;32;32;32;32;32;32;32;32;32;32;32,32.0,0.5547,2,1
A4_interleaved,text_chars,0.6337837721923718,1.0,1.0,1.0000;1.0000;1.0000;1.0000;1.0000;1.0000;1.0000;1.0000;1.0000;1.0000;1.0000;1.0000;1.0000;1.0000;1.0000;1.0000;1.0000;1.0000;1.0000;1.0000;1.0000;1.0000;1.0000;1.0000;1.0000;1.0000;1.0000;1.0000;1.0000;1.0000;1.0000;1.0000,0.017648284497316966,0.020194818579239663,True,1.0008745538494637,0.0,0.015572414634966133,1.3380320852955712,text,64,12795,0.9749745019466103,0.9741225792950384,1.0034263918933934,1.3426167075857283,True,32;32;32;32;32;32;32;32;32;32;32;32;32;32;32;32;32;32;32;32;32;32;32;32;32;32;32;32;32;32;32;32,32.0,0.5859,1,1
A1_local,tabular_breastcancer,0.4189688474937486,0.6666666666666666,0.1,0.1000;0.1667;0.2333;0.3000;0.3000;0.3667;0.3667;0.3667;0.4000;0.4333;0.4333;0.4333;0.4667;0.5000;0.5000;0.5000;0.5000;0.5333;0.5667;0.5667;0.5667;0.5667;0.5667;0.5667;0.6000;0.6333;0.6333;0.6333;0.6333;0.6333;0.6333;0.6667,0.0,0.0,False,1.0,0.0,0.0,0.9881657955964804,tabular,30,13215,0.9185032046272026,0.9185032046272026,0.9388695192745058,0.9277587454751771,False,1;2;3;4;4;5;5;5;6;6;6;6;7;7;7;7;7;8;8;8;8;8;8;8;9;9;9;9;9;9;9;10,1.0,0.7422,0,nan
A1_local,tabular_breastcancer,0.47919336990308015,0.7333333333333333,0.1,0.1000;0.1667;0.2333;0.3000;0.3667;0.4000;0.4333;0.4667;0.4667;0.5000;0.5333;0.5333;0.5333;0.5667;0.6000;0.6000;0.6000;0.6333;0.6333;0.6333;0.6333;0.6667;0.6667;0.7000;0.7000;0.7000;0.7000;0.7000;0.7000;0.7333;0.7333;0.7333,0.0,0.0,False,1.0,0.0,0.0,0.9765114485363618,tabular,30,13215,0.9135246947066362,0.9135246947066362,0.9440754605676278,0.9219004955265272,False,1;2;3;4;5;6;6;7;7;7;8;8;8;8;9;9;9;9;9;9;9;10;10;10;10;10;10;10;10;11;11;11,1.0,0.7422,2,nan
A2_pooled,tabular_breastcancer,-0.057714663726968846,1.0,1.0,1.0000;1.0000;1.0000;1.0000;1.0000;1.0000;1.0000;1.0000;1.0000;1.0000;1.0000;1.0000;1.0000;1.0000;1.0000;1.0000;1.0000;1.0000;1.0000;1.0000;1.0000;1.0000;1.0000;1.0000;1.0000;1.0000;1.0000;1.0000;1.0000;1.0000;1.0000;1.0000,1.0205125687075538,0.7965969199384596,True,1.1461091084350155,0.0,0.6137508529224288,0.8260083926173765,tabular,30,13046,1.0293507960141708,0.8981263550201819,1.0565984646047546,0.8727591993901613,False,15;15;15;15;15;15;15;15;15;15;15;15;15;15;15;15;15;15;15;15;15;15;15;15;15;15;15;15;15;15;15;15,15.0,0.6133,1,1
A3_attentive,tabular_breastcancer,0.23105390585220084,1.0,1.0,1.0000;1.0000;1.0000;1.0000;1.0000;1.0000;1.0000;1.0000;1.0000;1.0000;1.0000;1.0000;1.0000;1.0000;1.0000;1.0000;1.0000;1.0000;1.0000;1.0000;1.0000;1.0000;1.0000;1.0000;1.0000;1.0000;1.0000;1.0000;1.0000;1.0000;1.0000;1.0000,0.39719860175334526,0.433441613076875,True,1.1936705507145817,0.0,0.004220457864006864,1.2237623047794361,tabular,30,13163,1.0347087567830342,0.8668294247215982,0.8714325355477428,1.0664262881616937,False,15;15;15;15;15;15;15;15;15;15;15;15;15;15;15;15;15;15;15;15;15;15;15;15;15;15;15;15;15;15;15;15,15.0,0.5547,0,1
A3_attentive,tabular_breastcancer,0.3253336483401034,1.0,1.0,1.0000;1.0000;1.0000;1.0000;1.0000;1.0000;1.0000;1.0000;1.0000;1.0000;1.0000;1.0000;1.0000;1.0000;1.0000;1.0000;1.0000;1.0000;1.0000;1.0000;1.0000;1.0000;1.0000;1.0000;1.0000;1.0000;1.0000;1.0000;1.0000;1.0000;1.0000;1.0000,0.5640813559160419,0.6061531847324063,True,1.3624970554109286,0.0,0.009892533183095988,1.0754794747836478,tabular,30,13163,1.2033578748950662,0.8832003490327793,0.9231633171984298,0.9928431995200974,False,15;15;15;15;15;15;15;15;15;15;15;15;15;15;15;15;15;15;15;15;15;15;15;15;15;15;15;15;15;15;15;15,15.0,0.5547,2,1
A4_interleaved,tabular_breastcancer,0.32297746110441244,1.0,1.0,1.0000;1.0000;1.0000;1.0000;1.0000;1.0000;1.0000;1.0000;1.0000;1.0000;1.0000;1.0000;1.0000;1.0000;1.0000;1.0000;1.0000;1.0000;1.0000;1.0000;1.0000;1.0000;1.0000;1.0000;1.0000;1.0000;1.0000;1.0000;1.0000;1.0000;1.0000;1.0000,0.3408010315228977,0.390195155305959,True,1.2512810734049995,0.0,0.053213276816942004,1.4400669803283115,tabular,30,12795,0.8614070300994444,0.6884200907437802,0.7617354990284803,1.096950139894823,False,15;15;15;15;15;15;15;15;15;15;15;15;15;15;15;15;15;15;15;15;15;15;15;15;15;15;15;15;15;15;15;15,15.0,0.5859,1,1
A1_local,multitone_signal,0.22037591521415936,0.4375,0.046875,0.0469;0.0781;0.1094;0.1406;0.1719;0.2031;0.2344;0.2656;0.2812;0.2812;0.2812;0.2969;0.3125;0.3125;0.3281;0.3281;0.3438;0.3438;0.3438;0.3594;0.3594;0.3750;0.3750;0.3750;0.3906;0.3906;0.3906;0.3906;0.4062;0.4219;0.4219;0.4375,0.0,0.0,False,1.0,0.0,0.0,0.9325609328207443,signal,64,13215,0.5162859487635789,0.5162859487635789,0.6297211550102302,0.5872533477332967,True,1;2;3;4;5;6;7;8;9;9;9;9;10;10;11;11;11;11;11;12;12;12;12;12;13;13;13;13;14;14;14;15,1.0,0.7422,0,nan
A1_local,multitone_signal,0.16472539266726102,0.5625,0.046875,0.0469;0.0781;0.1094;0.1406;0.1719;0.2031;0.2344;0.2656;0.2969;0.3125;0.3281;0.3281;0.3594;0.3750;0.3906;0.4219;0.4219;0.4375;0.4531;0.4688;0.4688;0.4688;0.4844;0.5156;0.5156;0.5156;0.5312;0.5312;0.5312;0.5312;0.5469;0.5625,0.0,0.0,False,1.0,0.0,0.0,0.8250095982090944,signal,64,13215,0.5259469253765576,0.5259469253765576,0.7410877045466111,0.6114044693656997,True,1;2;3;4;5;6;7;8;9;10;10;11;12;12;13;14;14;14;15;15;15;15;16;17;17;17;18;18;17;17;17;18,1.0,0.7422,2,nan
A2_pooled,multitone_signal,0.12545748732360665,1.0,1.0,1.0000;1.0000;1.0000;1.0000;1.0000;1.0000;1.0000;1.0000;1.0000;1.0000;1.0000;1.0000;1.0000;1.0000;1.0000;1.0000;1.0000;1.0000;1.0000;1.0000;1.0000;1.0000;1.0000;1.0000;1.0000;1.0000;1.0000;1.0000;1.0000;1.0000;1.0000;1.0000,0.6042799891942587,0.47982242701761396,True,1.0552151505550638,0.0,0.4997554884340292,0.47821363068448447,signal,64,13046,0.547425221041768,0.5187806683346157,1.218188682501255,0.5825544327176738,True,32;32;32;32;32;32;32;32;32;32;32;32;32;32;32;32;32;32;32;32;32;32;32;32;32;32;32;32;32;32;32;32,32.0,0.6133,1,1
A3_attentive,multitone_signal,0.3425927317634251,1.0,1.0,1.0000;1.0000;1.0000;1.0000;1.0000;1.0000;1.0000;1.0000;1.0000;1.0000;1.0000;1.0000;1.0000;1.0000;1.0000;1.0000;1.0000;1.0000;1.0000;1.0000;1.0000;1.0000;1.0000;1.0000;1.0000;1.0000;1.0000;1.0000;1.0000;1.0000;1.0000;1.0000,2.4917361508819984,1.9004728399370832,True,2.229560251353345,0.0,0.041256636109988296,1.2443057379662437,signal,64,13163,1.1671838130273835,0.5235040462884561,0.5865565573827917,0.7298556899931339,True,32;32;32;32;32;32;32;32;32;32;32;32;32;32;32;32;32;32;32;32;32;32;32;32;32;32;32;32;32;32;32;32,32.0,0.5547,0,1
A3_attentive,multitone_signal,0.3533088308057128,1.0,1.0,1.0000;1.0000;1.0000;1.0000;1.0000;1.0000;1.0000;1.0000;1.0000;1.0000;1.0000;1.0000;1.0000;1.0000;1.0000;1.0000;1.0000;1.0000;1.0000;1.0000;1.0000;1.0000;1.0000;1.0000;1.0000;1.0000;1.0000;1.0000;1.0000;1.0000;1.0000;1.0000,1.9277247180683792,1.561596059676725,True,3.8162791589446043,0.0,0.2645022798954948,1.0115205556345803,signal,64,13163,1.7515180162095454,0.45895961570430016,0.5329235862974506,0.5390631621223705,True,32;32;32;32;32;32;32;32;32;32;32;32;32;32;32;32;32;32;32;32;32;32;32;32;32;32;32;32;32;32;32;32,32.0,0.5547,2,1
A4_interleaved,multitone_signal,0.16802558350058341,1.0,1.0,1.0000;1.0000;1.0000;1.0000;1.0000;1.0000;1.0000;1.0000;1.0000;1.0000;1.0000;1.0000;1.0000;1.0000;1.0000;1.0000;1.0000;1.0000;1.0000;1.0000;1.0000;1.0000;1.0000;1.0000;1.0000;1.0000;1.0000;1.0000;1.0000;1.0000;1.0000;1.0000,0.3472365880796466,0.2874806479351816,True,1.0656090760368029,0.0,0.15543745081889687,0.9106747206031955,signal,64,12795,0.4180917499056419,0.3923500271418506,0.48147880112145064,0.4384705726876386,True,32;32;32;32;32;32;32;32;32;32;32;32;32;32;32;32;32;32;32;32;32;32;32;32;32;32;32;32;32;32;32;32,32.0,0.5859,1,1
A1_local,gray_scott_16x16,0.8217381475143558,0.68359375,0.03515625,0.0352;0.0977;0.1641;0.1797;0.2109;0.2344;0.2539;0.2656;0.2695;0.3125;0.3320;0.3555;0.3516;0.3711;0.3867;0.4023;0.4414;0.4727;0.4922;0.5117;0.5352;0.5586;0.5781;0.5938;0.6016;0.6250;0.6406;0.6328;0.6562;0.6797;0.6719;0.6836,0.0,0.0,False,1.0,0.0,0.0,0.7525310110635494,pde,256,13088,0.1250585891273817,0.1250585891273817,0.4492309000030019,0.3380601833802473,True,1;2;3;3;4;4;4;5;5;6;6;6;6;6;6;6;6;6;7;7;7;8;8;8;8;8;8;8;8;8;8;8,1.0,0.7305,0,nan
A1_local,gray_scott_16x16,0.9786416243941652,0.5078125,0.03515625,0.0352;0.0977;0.1562;0.1758;0.1992;0.2305;0.2578;0.2656;0.2617;0.2812;0.2852;0.3047;0.3203;0.3281;0.3477;0.3477;0.3633;0.3789;0.4062;0.4258;0.4258;0.4375;0.4375;0.4570;0.4609;0.4727;0.4844;0.4961;0.5000;0.5000;0.5039;0.5078,0.0,0.0,False,1.0,0.0,0.0,1.3369852510323472,pde,256,13088,0.10928178030767441,0.10928178030767441,0.4022775818134315,0.5378391937055162,True,1;2;3;4;4;4;5;5;5;5;6;6;6;6;6;6;6;6;6;6;6;6;6;7;7;7;7;7;7;7;7;7,1.0,0.7305,2,nan
A2_pooled,gray_scott_16x16,0.004215440551815624,1.0,1.0,1.0000;1.0000;1.0000;1.0000;1.0000;1.0000;1.0000;1.0000;1.0000;1.0000;1.0000;1.0000;1.0000;1.0000;1.0000;1.0000;1.0000;1.0000;1.0000;1.0000;1.0000;1.0000;1.0000;1.0000;1.0000;1.0000;1.0000;1.0000;1.0000;1.0000;1.0000;1.0000,0.922960992315826,0.7557644002398208,True,5.266675647951341,0.0,0.26324171563475224,0.8949607250255324,pde,256,13016,0.6492665811537742,0.12327825454873595,0.25421053844616986,0.22750844779691515,True,8;8;8;8;8;8;8;8;8;8;8;8;8;8;8;8;8;8;8;8;8;8;8;8;8;8;8;8;8;8;8;8,8.0,0.6016,1,1
A3_attentive,gray_scott_16x16,0.552835250010898,1.0,1.0,1.0000;1.0000;1.0000;1.0000;1.0000;1.0000;1.0000;1.0000;1.0000;1.0000;1.0000;1.0000;1.0000;1.0000;1.0000;1.0000;1.0000;1.0000;1.0000;1.0000;1.0000;1.0000;1.0000;1.0000;1.0000;1.0000;1.0000;1.0000;1.0000;1.0000;1.0000;1.0000,1.5506428397381005,1.3597703960947416,True,11.370313594460804,0.0,0.06397558792252206,3.0716548497836254,pde,256,13016,1.0400189243423754,0.09146791913013148,0.21380930849148058,0.6567483993567396,True,8;8;8;8;8;8;8;8;8;8;8;8;8;8;8;8;8;8;8;8;8;8;8;8;8;8;8;8;8;8;8;8,8.0,0.543,0,1
A3_attentive,gray_scott_16x16,0.493453202694527,1.0,1.0,1.0000;1.0000;1.0000;1.0000;1.0000;1.0000;1.0000;1.0000;1.0000;1.0000;1.0000;1.0000;1.0000;1.0000;1.0000;1.0000;1.0000;1.0000;1.0000;1.0000;1.0000;1.0000;1.0000;1.0000;1.0000;1.0000;1.0000;1.0000;1.0000;1.0000;1.0000;1.0000,0.9875391852569978,0.944021268247814,True,7.612619436951963,0.0,0.0416492782993587,0.92219444560593,pde,256,13016,0.6911347868071205,0.0907880385366861,0.29093729243226224,0.2683007551006604,True,8;8;8;8;8;8;8;8;8;8;8;8;8;8;8;8;8;8;8;8;8;8;8;8;8;8;8;8;8;8;8;8,8.0,0.543,2,1
A4_interleaved,gray_scott_16x16,0.44138732669866165,1.0,1.0,1.0000;1.0000;1.0000;1.0000;1.0000;1.0000;1.0000;1.0000;1.0000;1.0000;1.0000;1.0000;1.0000;1.0000;1.0000;1.0000;1.0000;1.0000;1.0000;1.0000;1.0000;1.0000;1.0000;1.0000;1.0000;1.0000;1.0000;1.0000;1.0000;1.0000;1.0000;1.0000,0.35921173359038105,0.31283857099798107,True,0.9702050875594319,0.0,0.06022711872491004,1.3280357110268557,pde,256,12949,0.08503239471420926,0.08764373203619222,0.3478351202551003,0.461937461248094,True,8;8;8;8;8;8;8;8;8;8;8;8;8;8;8;8;8;8;8;8;8;8;8;8;8;8;8;8;8;8;8;8,8.0,0.5742,1,1
A1_local,game_of_life_16x16,1.4796259630625457,0.265625,0.03515625,0.0352;0.0742;0.0898;0.0938;0.0977;0.1016;0.1172;0.1406;0.1641;0.1680;0.1797;0.1797;0.1797;0.1797;0.1836;0.1836;0.1914;0.1953;0.1992;0.2148;0.2188;0.2266;0.2422;0.2500;0.2539;0.2578;0.2617;0.2656;0.2656;0.2656;0.2656;0.2656,0.0,0.0,False,1.0,0.0,0.0,0.9989643104998812,ca,256,13088,0.9525000816803131,0.9525000816803131,0.9533424605492397,0.9523550937728315,True,1;2;2;2;2;3;3;3;3;3;3;3;3;3;3;3;4;4;4;4;4;4;4;4;4;4;4;4;4;4;4;4,1.0,0.7305,0,nan
A1_local,game_of_life_16x16,1.1632705899910238,0.296875,0.03515625,0.0352;0.0703;0.0820;0.0898;0.0898;0.0938;0.1094;0.1172;0.1172;0.1484;0.1641;0.1758;0.1914;0.1992;0.2109;0.2188;0.2266;0.2344;0.2383;0.2422;0.2500;0.2500;0.2578;0.2656;0.2695;0.2812;0.2852;0.2930;0.2930;0.2930;0.2930;0.2969,0.0,0.0,False,1.0,0.0,0.0,1.0015809315707798,ca,256,13088,0.9599879257263744,0.9599879257263744,0.9599880536247724,0.9615057290463191,True,1;2;2;2;2;2;3;3;3;3;3;4;4;4;4;4;4;4;4;4;5;5;5;5;5;5;5;5;5;5;5;5,1.0,0.7305,2,nan
A2_pooled,game_of_life_16x16,-0.032866182109066604,1.0,1.0,1.0000;1.0000;1.0000;1.0000;1.0000;1.0000;1.0000;1.0000;1.0000;1.0000;1.0000;1.0000;1.0000;1.0000;1.0000;1.0000;1.0000;1.0000;1.0000;1.0000;1.0000;1.0000;1.0000;1.0000;1.0000;1.0000;1.0000;1.0000;1.0000;1.0000;1.0000;1.0000,0.02292461215940481,0.025618610712196822,True,1.0000971878296052,0.0,0.03902838889913089,1.0000105491721953,ca,256,13016,0.9614370740460065,0.9613436431438247,0.9613808321465654,0.961390973918509,True,8;8;8;8;8;8;8;8;8;8;8;8;8;8;8;8;8;8;8;8;8;8;8;8;8;8;8;8;8;8;8;8,8.0,0.6016,1,1
A3_attentive,game_of_life_16x16,0.7807641281130274,1.0,0.94921875,0.9492;1.0000;1.0000;1.0000;1.0000;1.0000;1.0000;1.0000;1.0000;1.0000;1.0000;1.0000;1.0000;1.0000;1.0000;1.0000;1.0000;1.0000;1.0000;1.0000;1.0000;1.0000;1.0000;1.0000;1.0000;1.0000;1.0000;1.0000;1.0000;1.0000;1.0000;1.0000,0.3216545143091884,0.5540164235385155,True,1.0200268703545017,0.0,0.0004538039794614374,0.9996960300559915,ca,256,13016,0.9721083214389526,0.9530222680321203,0.953586436501714,0.9532965748860034,True,8;8;8;8;8;8;8;8;8;8;8;8;8;8;8;8;8;8;8;8;8;8;8;8;8;8;8;8;8;8;8;8,8.0,0.543,0,2
A3_attentive,game_of_life_16x16,0.5158934971001141,1.0,0.9453125,0.9453;0.9883;1.0000;1.0000;1.0000;1.0000;1.0000;1.0000;1.0000;1.0000;1.0000;1.0000;1.0000;1.0000;1.0000;1.0000;1.0000;1.0000;1.0000;1.0000;1.0000;1.0000;1.0000;1.0000;1.0000;1.0000;1.0000;1.0000;1.0000;1.0000;1.0000;1.0000,1.0295678871422365,1.1041033346635323,True,1.057474356655613,0.0,0.002408196519637726,1.0011957089220889,ca,256,13016,1.014717990427875,0.9595674675620881,0.9609736810000487,0.962122725804313,True,8;8;8;8;8;8;8;8;8;8;8;8;8;8;8;8;8;8;8;8;8;8;8;8;8;8;8;8;8;8;8;8,8.0,0.543,2,3
A4_interleaved,game_of_life_16x16,0.6010067125390185,1.0,1.0,1.0000;1.0000;1.0000;1.0000;1.0000;1.0000;1.0000;1.0000;1.0000;1.0000;1.0000;1.0000;1.0000;1.0000;1.0000;1.0000;1.0000;1.0000;1.0000;1.0000;1.0000;1.0000;1.0000;1.0000;1.0000;1.0000;1.0000;1.0000;1.0000;1.0000;1.0000;1.0000,0.873052212315903,0.55533435555515,True,1.00451579660276,0.0,0.08225943931579933,1.0365198449190076,ca,256,12949,0.9603549159431657,0.9560376443964894,0.9563476120483466,0.9912732785290155,True,8;8;8;8;8;8;8;8;8;8;8;8;8;8;8;8;8;8;8;8;8;8;8;8;8;8;8;8;8;8;8;8,8.0,0.5742,1,1
A1_local,random_field,2.2827041768473824,0.078125,0.046875,0.0469;0.0469;0.0469;0.0469;0.0469;0.0469;0.0469;0.0469;0.0469;0.0469;0.0469;0.0469;0.0469;0.0469;0.0469;0.0625;0.0625;0.0625;0.0625;0.0625;0.0625;0.0625;0.0625;0.0625;0.0625;0.0625;0.0781;0.0781;0.0781;0.0781;0.0781;0.0781,0.0,0.0,False,1.0,0.0,0.0,1.0000008073203182,control,64,13215,0.9931295715031203,0.9931295715031203,0.9931623679146369,0.9931631697147957,False,1;1;1;1;1;1;1;1;1;1;1;1;1;1;1;2;2;2;2;2;2;2;2;2;2;2;2;2;2;2;2;2,1.0,0.7422,0,nan
A1_local,random_field,1.9116637421123843,0.078125,0.046875,0.0469;0.0469;0.0469;0.0625;0.0625;0.0625;0.0625;0.0781;0.0781;0.0781;0.0781;0.0781;0.0781;0.0781;0.0781;0.0781;0.0781;0.0781;0.0781;0.0781;0.0781;0.0781;0.0781;0.0781;0.0781;0.0781;0.0781;0.0781;0.0781;0.0781;0.0781;0.0781,0.0,0.0,False,1.0,0.0,0.0,1.0000001214918832,control,64,13215,1.0016520699114324,1.0016520699114324,1.0016537639592553,1.0016538856520574,False,1;1;1;2;2;2;2;2;2;2;2;2;2;2;2;2;2;2;2;2;2;2;2;2;2;2;2;2;2;2;2;2,1.0,0.7422,2,nan
A2_pooled,random_field,0.2376250193044673,1.0,1.0,1.0000;1.0000;1.0000;1.0000;1.0000;1.0000;1.0000;1.0000;1.0000;1.0000;1.0000;1.0000;1.0000;1.0000;1.0000;1.0000;1.0000;1.0000;1.0000;1.0000;1.0000;1.0000;1.0000;1.0000;1.0000;1.0000;1.0000;1.0000;1.0000;1.0000;1.0000;1.0000,0.006090825384982556,0.006177132269723207,True,1.0000011530505932,0.0,0.001324625618580585,1.00000103472793,control,64,13046,1.0033026571032557,1.0033015002458656,1.0034070436337676,1.0034080818870608,False,32;32;32;32;32;32;32;32;32;32;32;32;32;32;32;32;32;32;32;32;32;32;32;32;32;32;32;32;32;32;32;32,32.0,0.6133,1,1
A3_attentive,random_field,0.3535363175814373,1.0,0.046875,0.0469;0.5156;1.0000;1.0000;1.0000;1.0000;1.0000;1.0000;1.0000;1.0000;1.0000;1.0000;1.0000;1.0000;1.0000;1.0000;1.0000;1.0000;1.0000;1.0000;1.0000;1.0000;1.0000;1.0000;1.0000;1.0000;1.0000;1.0000;1.0000;1.0000;1.0000;1.0000,0.0022088003055983395,0.004241431405440265,True,0.9999998846007326,0.0,2.442482052922751e-05,1.0000013208937986,control,64,13163,0.9931248487590402,0.9931249633649334,0.9931486306704129,0.9931499425142802,False,1;31;32;32;32;32;32;32;32;32;32;32;32;32;32;32;32;32;32;32;32;32;32;32;32;32;32;32;32;32;32;32,1.0,0.5547,0,3
A3_attentive,random_field,0.45160912581954926,1.0,0.046875,0.0469;0.4531;0.6094;0.7812;0.8594;1.0000;1.0000;1.0000;1.0000;1.0000;1.0000;1.0000;1.0000;1.0000;1.0000;1.0000;1.0000;1.0000;1.0000;1.0000;1.0000;1.0000;1.0000;1.0000;1.0000;1.0000;1.0000;1.0000;1.0000;1.0000;1.0000;1.0000,0.02170511799966087,0.022370503104696616,True,1.0000007312572103,0.0,3.343620477552338e-05,1.0000001706160522,control,64,13163,1.0016525948445305,1.001651862379384,1.0016501419021564,1.0016503127997494,False,1;30;32;32;32;32;32;32;32;32;32;32;32;32;32;32;32;32;32;32;32;32;32;32;32;32;32;32;32;32;32;32,1.0,0.5547,2,6
A4_interleaved,random_field,0.49929823170679416,1.0,0.109375,0.1094;0.3906;0.6094;0.6250;0.6406;0.7188;0.7969;0.8750;0.8906;0.9062;0.9531;0.9531;0.9844;0.9844;1.0000;1.0000;1.0000;1.0000;1.0000;1.0000;1.0000;1.0000;1.0000;1.0000;1.0000;1.0000;1.0000;1.0000;1.0000;1.0000;1.0000;1.0000,0.027304237340085788,0.027285235542698565,True,1.0000014958342585,0.0,6.702007728566449e-05,0.9999993221418029,control,64,12795,1.003291438638549,1.0032899378830886,1.003376901656313,1.0033762215090554,False,4;31;32;32;32;32;32;32;32;32;32;32;32;32;32;32;32;32;32;32;32;32;32;32;32;32;32;32;32;32;32;32,4.0,0.5859,1,15
A1_local,cml_lattice__shuffled,1.3617872902777635,0.125,0.046875,0.0469;0.0781;0.1094;0.1406;0.1406;0.1406;0.1562;0.1562;0.1562;0.1562;0.1562;0.1406;0.1406;0.1406;0.1406;0.1406;0.1406;0.1406;0.1406;0.1406;0.1250;0.1250;0.1250;0.1250;0.1250;0.1250;0.1250;0.1250;0.1250;0.1250;0.1250;0.1250,0.0,0.0,False,1.0,0.0,0.0,1.1137695148864961,chaos,64,13215,1.0109961360752118,1.0109961360752118,1.01176475219585,1.1268727372324276,False,1;2;3;4;4;4;5;5;5;5;5;4;4;4;4;4;4;4;4;4;4;4;4;4;4;4;4;4;4;4;4;4,1.0,0.7422,0,nan
A1_local,cml_lattice__shuffled,1.523862796689925,0.09375,0.046875,0.0469;0.0781;0.1094;0.1094;0.1094;0.1094;0.1094;0.1094;0.1094;0.1094;0.1094;0.1094;0.1094;0.1094;0.1094;0.1094;0.0938;0.0938;0.0938;0.0938;0.0938;0.0938;0.0938;0.0938;0.0938;0.0938;0.0938;0.0938;0.0938;0.0938;0.0938;0.0938,0.0,0.0,False,1.0,0.0,0.0,1.10596456537672,chaos,64,13215,0.9991058436692487,0.9991058436692487,0.999176852899204,1.1050541938511471,False,1;2;3;3;3;3;3;3;3;3;3;3;3;3;3;3;3;3;3;3;3;3;3;3;3;3;3;3;3;3;3;3,1.0,0.7422,2,nan
A2_pooled,cml_lattice__shuffled,-0.006282930524747948,1.0,1.0,1.0000;1.0000;1.0000;1.0000;1.0000;1.0000;1.0000;1.0000;1.0000;1.0000;1.0000;1.0000;1.0000;1.0000;1.0000;1.0000;1.0000;1.0000;1.0000;1.0000;1.0000;1.0000;1.0000;1.0000;1.0000;1.0000;1.0000;1.0000;1.0000;1.0000;1.0000;1.0000,0.950569245595194,0.8495977185922226,True,1.0063670531501339,0.0,0.3900106878881636,1.0782041268424107,chaos,64,13046,1.013183307608649,1.0067731295824707,1.0066185146327729,1.0853402366330334,False,32;32;32;32;32;32;32;32;32;32;32;32;32;32;32;32;32;32;32;32;32;32;32;32;32;32;32;32;32;32;32;32,32.0,0.6133,1,1
A3_attentive,cml_lattice__shuffled,0.25948895975381187,1.0,1.0,1.0000;1.0000;1.0000;1.0000;1.0000;1.0000;1.0000;1.0000;1.0000;1.0000;1.0000;1.0000;1.0000;1.0000;1.0000;1.0000;1.0000;1.0000;1.0000;1.0000;1.0000;1.0000;1.0000;1.0000;1.0000;1.0000;1.0000;1.0000;1.0000;1.0000;1.0000;1.0000,0.7045214123947336,0.7661236063798307,True,1.0701731177854519,0.0,0.0023214992368476837,1.0187397595202072,chaos,64,13163,1.079435889419259,1.0086553955428958,1.008903214080171,1.0278098176911976,False,32;32;32;32;32;32;32;32;32;32;32;32;32;32;32;32;32;32;32;32;32;32;32;32;32;32;32;32;32;32;32;32,32.0,0.5547,0,1
A3_attentive,cml_lattice__shuffled,0.32222040673595165,1.0,1.0,1.0000;1.0000;1.0000;1.0000;1.0000;1.0000;1.0000;1.0000;1.0000;1.0000;1.0000;1.0000;1.0000;1.0000;1.0000;1.0000;1.0000;1.0000;1.0000;1.0000;1.0000;1.0000;1.0000;1.0000;1.0000;1.0000;1.0000;1.0000;1.0000;1.0000;1.0000;1.0000,0.9093218501766758,0.9248747409812679,True,1.0624243951971224,0.0,0.003974438974889071,1.0125897619809303,chaos,64,13163,1.0565312053112739,0.9944530736375315,0.9947341839078805,1.0072576505175757,False,32;32;32;32;32;32;32;32;32;32;32;32;32;32;32;32;32;32;32;32;32;32;32;32;32;32;32;32;32;32;32;32,32.0,0.5547,2,1
A4_interleaved,cml_lattice__shuffled,0.3964256894171996,1.0,1.0,1.0000;1.0000;1.0000;1.0000;1.0000;1.0000;1.0000;1.0000;1.0000;1.0000;1.0000;1.0000;1.0000;1.0000;1.0000;1.0000;1.0000;1.0000;1.0000;1.0000;1.0000;1.0000;1.0000;1.0000;1.0000;1.0000;1.0000;1.0000;1.0000;1.0000;1.0000;1.0000,0.29035762254284997,0.2605380088390502,True,0.9998174152043895,0.0,0.04113124427808193,1.2721213751560616,chaos,64,12795,1.0067756402835004,1.006959495777225,1.0071453118305866,1.2812110790679063,False,32;32;32;32;32;32;32;32;32;32;32;32;32;32;32;32;32;32;32;32;32;32;32;32;32;32;32;32;32;32;32;32,32.0,0.5859,1,1
A1_local,digits_8x8__shuffled,1.0432333168427919,1.0,0.140625,0.1406;0.3906;0.7031;0.9375;0.9531;0.9688;0.9531;0.9844;1.0000;0.9844;0.9844;1.0000;1.0000;1.0000;1.0000;1.0000,0.0,0.0,False,1.0,0.0,0.0,1.0156176199205988,image,64,13088,0.9850981531895193,0.9850981531895193,0.9877629549673949,1.0031894613697232,False,1;2;3;4;4;4;4;4;4;4;4;4;4;4;4;4,1.0,0.7305,0,9
A1_local,digits_8x8__shuffled,1.162972712613917,0.9375,0.140625,0.1406;0.3750;0.6719;0.7031;0.7656;0.7969;0.8594;0.8906;0.9219;0.9375;0.9375;0.9531;0.9531;0.9375;0.9375;0.9375,0.0,0.0,False,1.0,0.0,0.0,1.0258327581982587,image,64,13088,0.9971334813877683,0.9971334813877683,0.998632870791676,1.0244303122716703,False,1;2;3;3;4;4;4;4;4;4;4;4;4;4;4;4,1.0,0.7305,2,nan
A2_pooled,digits_8x8__shuffled,0.008859634512638615,1.0,1.0,1.0000;1.0000;1.0000;1.0000;1.0000;1.0000;1.0000;1.0000;1.0000;1.0000;1.0000;1.0000;1.0000;1.0000;1.0000;1.0000,0.07398384786599896,0.07975252572689676,True,1.0002755789823445,0.0,0.36935435064872063,1.024664239640926,image,64,13016,0.9922729726093362,0.9919995983695314,0.9926907903953204,1.0171747539389708,False,4;4;4;4;4;4;4;4;4;4;4;4;4;4;4;4,4.0,0.6016,1,1
A3_attentive,digits_8x8__shuffled,0.12581888261783203,1.0,1.0,1.0000;1.0000;1.0000;1.0000;1.0000;1.0000;1.0000;1.0000;1.0000;1.0000;1.0000;1.0000;1.0000;1.0000;1.0000;1.0000,0.7196636514743207,0.7830387992104205,True,1.0338394481671278,0.0,0.011632786407318326,1.0055758685077791,image,64,13016,1.014547492829224,0.981339505498551,0.9813523729043825,0.9868242646954943,False,4;4;4;4;4;4;4;4;4;4;4;4;4;4;4;4,4.0,0.543,0,1
A3_attentive,digits_8x8__shuffled,0.16934936646278542,1.0,1.0,1.0000;1.0000;1.0000;1.0000;1.0000;1.0000;1.0000;1.0000;1.0000;1.0000;1.0000;1.0000;1.0000;1.0000;1.0000;1.0000,1.1567286462923774,1.150967833626941,True,1.0071700042874314,0.0,0.002277028755537626,1.000196575765715,image,64,13016,1.001686725507197,0.9945557564692231,0.9945613305335108,0.9947568371886109,False,4;4;4;4;4;4;4;4;4;4;4;4;4;4;4;4,4.0,0.543,2,1
A4_interleaved,digits_8x8__shuffled,0.4690790791300721,1.0,1.0,1.0000;1.0000;1.0000;1.0000;1.0000;1.0000;1.0000;1.0000;1.0000;1.0000;1.0000;1.0000;1.0000;1.0000;1.0000;1.0000,1.3899953490083556,1.1639596025978043,True,1.4967293118848282,0.0,0.09947620356840713,1.3007794619614077,image,64,12949,1.0425099632565318,0.6965253870412287,0.7009107695615275,0.9117303337132,False,4;4;4;4;4;4;4;4;4;4;4;4;4;4;4;4,4.0,0.5742,1,1
A1_local,multitone_signal__shuffled,2.2241636962333597,0.078125,0.046875,0.0469;0.0469;0.0469;0.0469;0.0625;0.0625;0.0781;0.0781;0.0781;0.0781;0.0781;0.0781;0.0781;0.0781;0.0781;0.0781;0.0781;0.0781;0.0781;0.0781;0.0781;0.0781;0.0781;0.0781;0.0781;0.0781;0.0781;0.0781;0.0781;0.0781;0.0781;0.0781,0.0,0.0,False,1.0,0.0,0.0,0.9999928257106555,signal,64,13215,1.0054366893077493,1.0054366893077493,1.0053730822676321,1.0053658694302408,False,1;1;1;1;2;2;2;2;2;2;2;2;2;2;2;2;2;2;2;2;2;2;2;2;2;2;2;2;2;2;2;2,1.0,0.7422,0,nan
A1_local,multitone_signal__shuffled,3.075337181760662,0.078125,0.046875,0.0469;0.0469;0.0469;0.0469;0.0469;0.0469;0.0469;0.0469;0.0469;0.0469;0.0469;0.0469;0.0469;0.0469;0.0469;0.0625;0.0625;0.0625;0.0625;0.0625;0.0625;0.0625;0.0781;0.0781;0.0781;0.0781;0.0781;0.0781;0.0781;0.0781;0.0781;0.0781,0.0,0.0,False,1.0,0.0,0.0,1.0000001518236017,signal,64,13215,1.0063512508214854,1.0063512508214854,1.0063710087696025,1.0063711615604738,False,1;1;1;1;1;1;1;1;1;1;1;1;1;1;1;2;2;2;2;2;2;2;2;2;2;2;2;2;2;2;2;2,1.0,0.7422,2,nan
A2_pooled,multitone_signal__shuffled,0.2574929533305406,1.0,1.0,1.0000;1.0000;1.0000;1.0000;1.0000;1.0000;1.0000;1.0000;1.0000;1.0000;1.0000;1.0000;1.0000;1.0000;1.0000;1.0000;1.0000;1.0000;1.0000;1.0000;1.0000;1.0000;1.0000;1.0000;1.0000;1.0000;1.0000;1.0000;1.0000;1.0000;1.0000;1.0000,3.7015367507736656e-05,3.924509305953547e-05,True,1.000000001483987,0.0,0.0001762383549534793,0.9999999972814105,signal,64,13046,1.0018814042601678,1.0018814027733889,1.0018487031314043,1.001848700407789,False,32;32;32;32;32;32;32;32;32;32;32;32;32;32;32;32;32;32;32;32;32;32;32;32;32;32;32;32;32;32;32;32,32.0,0.6133,1,1
A3_attentive,multitone_signal__shuffled,0.40211591564532156,1.0,0.046875,0.0469;0.0469;0.0469;0.4062;0.7812;0.9844;1.0000;1.0000;1.0000;1.0000;1.0000;1.0000;1.0000;1.0000;1.0000;1.0000;1.0000;1.0000;1.0000;1.0000;1.0000;1.0000;1.0000;1.0000;1.0000;1.0000;1.0000;1.0000;1.0000;1.0000;1.0000;1.0000,0.0015151987714853263,0.002226257347618042,True,1.0000001773638991,0.0,1.6894077805046092e-05,0.9999999365395855,signal,64,13163,1.0054590918185473,1.005458913486434,1.0054009211577908,1.0054008573546316,False,1;1;1;30;32;32;32;32;32;32;32;32;32;32;32;32;32;32;32;32;32;32;32;32;32;32;32;32;32;32;32;32,1.0,0.5547,0,7
A3_attentive,multitone_signal__shuffled,0.40269819023791514,1.0,0.046875,0.0469;0.0469;1.0000;1.0000;1.0000;1.0000;1.0000;1.0000;1.0000;1.0000;1.0000;1.0000;1.0000;1.0000;1.0000;1.0000;1.0000;1.0000;1.0000;1.0000;1.0000;1.0000;1.0000;1.0000;1.0000;1.0000;1.0000;1.0000;1.0000;1.0000;1.0000;1.0000,0.0025343775124113932,0.002690035652839669,True,1.0000001825499631,0.0,2.9225334849278854e-05,0.99999989123142,signal,64,13163,1.006348737647958,1.0063485539390666,1.006364739395125,1.0063646299342612,False,1;1;32;32;32;32;32;32;32;32;32;32;32;32;32;32;32;32;32;32;32;32;32;32;32;32;32;32;32;32;32;32,1.0,0.5547,2,3
A4_interleaved,multitone_signal__shuffled,0.7077678978553221,1.0,0.078125,0.0781;0.0938;0.1875;0.3594;0.4375;0.5469;0.6406;0.6719;0.6875;0.6875;0.6875;0.7031;0.7031;0.7812;0.7812;0.8125;0.8281;0.8281;0.8281;0.8281;0.8750;0.8906;0.9219;0.9219;0.9219;0.9219;0.9219;0.9375;0.9531;0.9688;1.0000;1.0000,0.003871887523372797,0.0038638086202238135,True,1.0000133559600357,0.0,3.216149703859088e-05,1.0000002781708277,signal,64,12795,1.0018942735824912,1.0018808925013303,1.0018499907791867,1.0018502694646279,False,2;12;32;32;32;32;32;32;32;32;32;32;32;32;32;32;32;32;32;32;32;32;32;32;32;32;32;32;32;32;32;32,2.0,0.5859,1,31
