arch,dataset,frac_affected_final,frac_affected_step1,frac_curve,global_share_final,global_share_mean,has_global,knockout_ratio,memory_ratio,modality,n_cells,n_params,nrmse_global_off,nrmse_global_on,nrmse_intact,nrmse_wiped,ordered,radius_curve,radius_step1,scale,seed,steps_to_cover
A1_local,cml_lattice,0.5625,0.046875,0.0469;0.0781;0.1094;0.1406;0.1719;0.2031;0.2344;0.2656;0.2969;0.3125;0.3125;0.3438;0.3594;0.3438;0.3594;0.3594;0.3906;0.4062;0.4219;0.4219;0.4219;0.4531;0.4531;0.4531;0.4688;0.4844;0.5000;0.5000;0.5156;0.5312;0.5312;0.5625,0.0,0.0,False,1.0,1.084258723562259,chaos,64,13215,0.6276094261899481,0.6276094261899481,0.6315542874400022,0.6847682455599687,True,1;2;3;4;5;6;7;8;9;10;10;11;11;11;11;11;12;13;13;13;13;14;14;14;15;16;16;16;16;17;17;18,1.0,0.7422,1,nan
A2_pooled,cml_lattice,1.0,1.0,1.0000;1.0000;1.0000;1.0000;1.0000;1.0000;1.0000;1.0000;1.0000;1.0000;1.0000;1.0000;1.0000;1.0000;1.0000;1.0000;1.0000;1.0000;1.0000;1.0000;1.0000;1.0000;1.0000;1.0000;1.0000;1.0000;1.0000;1.0000;1.0000;1.0000;1.0000;1.0000,0.4209387995375318,0.47696986138023173,True,1.0374426565114245,1.4885216664310927,chaos,64,13046,0.6581306966559403,0.6343779027450206,0.6599382338644632,0.9823323596135228,True,32;32;32;32;32;32;32;32;32;32;32;32;32;32;32;32;32;32;32;32;32;32;32;32;32;32;32;32;32;32;32;32,32.0,0.6133,0,1
A2_pooled,cml_lattice,1.0,1.0,1.0000;1.0000;1.0000;1.0000;1.0000;1.0000;1.0000;1.0000;1.0000;1.0000;1.0000;1.0000;1.0000;1.0000;1.0000;1.0000;1.0000;1.0000;1.0000;1.0000;1.0000;1.0000;1.0000;1.0000;1.0000;1.0000;1.0000;1.0000;1.0000;1.0000;1.0000;1.0000,0.3218966995953838,0.3944002835043372,True,1.0229017062470116,1.0450769370200135,chaos,64,13046,0.6619285409583425,0.6471086487742148,0.6894684057621483,0.7205475296659778,True,32;32;32;32;32;32;32;32;32;32;32;32;32;32;32;32;32;32;32;32;32;32;32;32;32;32;32;32;32;32;32;32,32.0,0.6133,2,1
A3_attentive,cml_lattice,1.0,1.0,1.0000;1.0000;1.0000;1.0000;1.0000;1.0000;1.0000;1.0000;1.0000;1.0000;1.0000;1.0000;1.0000;1.0000;1.0000;1.0000;1.0000;1.0000;1.0000;1.0000;1.0000;1.0000;1.0000;1.0000;1.0000;1.0000;1.0000;1.0000;1.0000;1.0000;1.0000;1.0000,1.8093204857679317,1.5799694637533683,True,1.4219062591841212,0.9533763802312779,chaos,64,13163,0.881437069066808,0.6198981566988598,0.7568380592826428,0.7215515293801513,True,32;32;32;32;32;32;32;32;32;32;32;32;32;32;32;32;32;32;32;32;32;32;32;32;32;32;32;32;32;32;32;32,32.0,0.5547,1,1
A4_interleaved,cml_lattice,1.0,1.0,1.0000;1.0000;1.0000;1.0000;1.0000;1.0000;1.0000;1.0000;1.0000;1.0000;1.0000;1.0000;1.0000;1.0000;1.0000;1.0000;1.0000;1.0000;1.0000;1.0000;1.0000;1.0000;1.0000;1.0000;1.0000;1.0000;1.0000;1.0000;1.0000;1.0000;1.0000;1.0000,0.2484158018087126,0.2478440848884994,True,0.9956472004914327,0.9617740046721565,chaos,64,12795,0.6440194348993092,0.6468349778731195,0.7350400434519937,0.7069424061852199,True,32;32;32;32;32;32;32;32;32;32;32;32;32;32;32;32;32;32;32;32;32;32;32;32;32;32;32;32;32;32;32;32,32.0,0.5859,0,1
A4_interleaved,cml_lattice,1.0,1.0,1.0000;1.0000;1.0000;1.0000;1.0000;1.0000;1.0000;1.0000;1.0000;1.0000;1.0000;1.0000;1.0000;1.0000;1.0000;1.0000;1.0000;1.0000;1.0000;1.0000;1.0000;1.0000;1.0000;1.0000;1.0000;1.0000;1.0000;1.0000;1.0000;1.0000;1.0000;1.0000,0.13928062998074006,0.12023766186842505,True,1.0033472602432456,1.0230926269830882,chaos,64,12795,0.605565553983614,0.6035453306931882,0.6495893356300658,0.664590059849963,True,32;32;32;32;32;32;32;32;32;32;32;32;32;32;32;32;32;32;32;32;32;32;32;32;32;32;32;32;32;32;32;32,32.0,0.5859,2,1
A1_local,cml_timewindow,0.1875,0.046875,0.0469;0.0781;0.0938;0.1094;0.1094;0.1250;0.1250;0.1250;0.1250;0.1250;0.1250;0.1250;0.1406;0.1406;0.1406;0.1562;0.1562;0.1562;0.1562;0.1562;0.1719;0.1719;0.1875;0.1875;0.1875;0.1875;0.1875;0.1875;0.1875;0.1875;0.1875;0.1875,0.0,0.0,False,1.0,0.9534725089295673,chaos,64,13215,0.43184702256374524,0.43184702256374524,0.7351300157614328,0.7009262605174856,True,1;2;3;3;3;4;4;4;4;4;4;4;5;5;5;5;5;5;5;5;5;5;6;6;6;6;6;6;6;6;6;6,1.0,0.7422,1,nan
A2_pooled,cml_timewindow,1.0,1.0,1.0000;1.0000;1.0000;1.0000;1.0000;1.0000;1.0000;1.0000;1.0000;1.0000;1.0000;1.0000;1.0000;1.0000;1.0000;1.0000;1.0000;1.0000;1.0000;1.0000;1.0000;1.0000;1.0000;1.0000;1.0000;1.0000;1.0000;1.0000;1.0000;1.0000;1.0000;1.0000,0.2725206851838132,0.43352483618582366,True,1.0728453966992333,1.851981308781507,chaos,64,13046,0.4606378000676595,0.42936083939482744,0.6099689228609864,1.1296510440761356,True,32;32;32;32;32;32;32;32;32;32;32;32;32;32;32;32;32;32;32;32;32;32;32;32;32;32;32;32;32;32;32;32,32.0,0.6133,0,1
A2_pooled,cml_timewindow,1.0,1.0,1.0000;1.0000;1.0000;1.0000;1.0000;1.0000;1.0000;1.0000;1.0000;1.0000;1.0000;1.0000;1.0000;1.0000;1.0000;1.0000;1.0000;1.0000;1.0000;1.0000;1.0000;1.0000;1.0000;1.0000;1.0000;1.0000;1.0000;1.0000;1.0000;1.0000;1.0000;1.0000,0.11188872438006436,0.15971682452784566,True,1.1453456641657058,0.8089508772037652,chaos,64,13046,0.5032945364501408,0.4394258887920541,1.393378842041966,1.127175036547015,True,32;32;32;32;32;32;32;32;32;32;32;32;32;32;32;32;32;32;32;32;32;32;32;32;32;32;32;32;32;32;32;32,32.0,0.6133,2,1
A3_attentive,cml_timewindow,1.0,1.0,1.0000;1.0000;1.0000;1.0000;1.0000;1.0000;1.0000;1.0000;1.0000;1.0000;1.0000;1.0000;1.0000;1.0000;1.0000;1.0000;1.0000;1.0000;1.0000;1.0000;1.0000;1.0000;1.0000;1.0000;1.0000;1.0000;1.0000;1.0000;1.0000;1.0000;1.0000;1.0000,0.5160897716652415,0.6168267307560712,True,2.3869026861801688,0.924993906759596,chaos,64,13163,1.0565837827054965,0.4426589273299528,0.7916684597683946,0.7322885014595194,True,32;32;32;32;32;32;32;32;32;32;32;32;32;32;32;32;32;32;32;32;32;32;32;32;32;32;32;32;32;32;32;32,32.0,0.5547,1,1
A4_interleaved,cml_timewindow,1.0,1.0,1.0000;1.0000;1.0000;1.0000;1.0000;1.0000;1.0000;1.0000;1.0000;1.0000;1.0000;1.0000;1.0000;1.0000;1.0000;1.0000;1.0000;1.0000;1.0000;1.0000;1.0000;1.0000;1.0000;1.0000;1.0000;1.0000;1.0000;1.0000;1.0000;1.0000;1.0000;1.0000,0.27843174277591526,0.23528475558189862,True,1.0920688975820607,1.4153676696089397,chaos,64,12795,0.37336840422685275,0.341890887153296,0.6013300889274593,0.8511031666309946,True,32;32;32;32;32;32;32;32;32;32;32;32;32;32;32;32;32;32;32;32;32;32;32;32;32;32;32;32;32;32;32;32,32.0,0.5859,0,1
A4_interleaved,cml_timewindow,1.0,1.0,1.0000;1.0000;1.0000;1.0000;1.0000;1.0000;1.0000;1.0000;1.0000;1.0000;1.0000;1.0000;1.0000;1.0000;1.0000;1.0000;1.0000;1.0000;1.0000;1.0000;1.0000;1.0000;1.0000;1.0000;1.0000;1.0000;1.0000;1.0000;1.0000;1.0000;1.0000;1.0000,0.22433000251137947,0.20575295738086358,True,1.1560614683852566,1.5238663464216184,chaos,64,12795,0.40407364750331626,0.34952609230001513,0.7044280306767936,1.0734541694244213,True,32;32;32;32;32;32;32;32;32;32;32;32;32;32;32;32;32;32;32;32;32;32;32;32;32;32;32;32;32;32;32;32,32.0,0.5859,2,1
A1_local,lorenz_state,1.0,1.0,1.0000;1.0000;1.0000;1.0000;1.0000;1.0000,0.0,0.0,False,1.0,0.9361376317862395,chaos,3,13215,0.9234536812750674,0.9234536812750674,0.9419924470517593,0.8818345785435586,False,1;1;1;1;1;1,1.0,0.7422,1,1
A2_pooled,lorenz_state,1.0,1.0,1.0000;1.0000;1.0000;1.0000;1.0000;1.0000,0.28905250878161487,0.28511433720418,True,1.1417798581879568,1.0118392325342922,chaos,3,13046,0.99492581005473,0.8713814689582201,0.8720719758466171,0.8823966387553048,False,1;1;1;1;1;1,1.0,0.6133,0,1
A2_pooled,lorenz_state,1.0,1.0,1.0000;1.0000;1.0000;1.0000;1.0000;1.0000,0.545816647192642,0.4418378567153417,True,1.2252647441317395,0.9864223866778363,chaos,3,13046,0.995555564546766,0.8125228195088952,0.825756245192896,0.8145444461973051,False,1;1;1;1;1;1,1.0,0.6133,2,1
A3_attentive,lorenz_state,1.0,1.0,1.0000;1.0000;1.0000;1.0000;1.0000;1.0000,2.2807667412261194,2.0486962861867437,True,1.0585142728803325,1.1249656421498848,chaos,3,13163,0.9238206285680017,0.8727521699392728,0.9232508400601538,1.0386254741536916,False,1;1;1;1;1;1,1.0,0.5547,1,1
A4_interleaved,lorenz_state,1.0,1.0,1.0000;1.0000;1.0000;1.0000;1.0000;1.0000,0.7327255142670969,0.8334245786587622,True,2.243592320235578,1.161185122331982,chaos,3,13065,1.1995064494167254,0.5346365463092585,0.7853260007086117,0.9119088682033154,False,1;1;1;1;1;1,1.0,0.6055,0,1
A4_interleaved,lorenz_state,1.0,1.0,1.0000;1.0000;1.0000;1.0000;1.0000;1.0000,0.24516553982172878,0.4441415323213804,True,2.5181473276289634,1.4729852596481456,chaos,3,13065,1.2606190631886072,0.5006137049080367,0.4988919904899692,0.7348605481482474,False,1;1;1;1;1;1,1.0,0.6055,2,1
A1_local,eca_rule110,0.15625,0.046875,0.0469;0.0781;0.0781;0.0938;0.0938;0.1094;0.1094;0.1094;0.1094;0.1094;0.1250;0.1250;0.1406;0.1406;0.1406;0.1406;0.1406;0.1406;0.1406;0.1406;0.1406;0.1406;0.1562;0.1562;0.1562;0.1562;0.1562;0.1562;0.1562;0.1562;0.1562;0.1562,0.0,0.0,False,1.0,1.0078407035008383,ca,64,13215,0.9921458392092317,0.9921458392092317,0.9901203001184492,0.997883539821839,True,1;2;2;3;3;3;3;3;3;3;4;4;4;4;4;4;4;4;4;4;4;4;5;5;5;5;5;5;5;5;5;5,1.0,0.7422,1,nan
A2_pooled,eca_rule110,1.0,1.0,1.0000;1.0000;1.0000;1.0000;1.0000;1.0000;1.0000;1.0000;1.0000;1.0000;1.0000;1.0000;1.0000;1.0000;1.0000;1.0000;1.0000;1.0000;1.0000;1.0000;1.0000;1.0000;1.0000;1.0000;1.0000;1.0000;1.0000;1.0000;1.0000;1.0000;1.0000;1.0000,0.0376926019778733,0.060467082464753505,True,0.9995422839909573,1.0012223373260047,ca,64,13046,0.9816493662907745,0.9820988886745838,0.9823559425886299,0.9835567129246785,True,32;32;32;32;32;32;32;32;32;32;32;32;32;32;32;32;32;32;32;32;32;32;32;32;32;32;32;32;32;32;32;32,32.0,0.6133,0,1
A2_pooled,eca_rule110,1.0,1.0,1.0000;1.0000;1.0000;1.0000;1.0000;1.0000;1.0000;1.0000;1.0000;1.0000;1.0000;1.0000;1.0000;1.0000;1.0000;1.0000;1.0000;1.0000;1.0000;1.0000;1.0000;1.0000;1.0000;1.0000;1.0000;1.0000;1.0000;1.0000;1.0000;1.0000;1.0000;1.0000,0.022538355386978733,0.04429393273356784,True,0.9999250540148157,1.0015016052762047,ca,64,13046,0.9791621720938838,0.9792355618677955,0.9782939865341682,0.9797629979460273,True,32;32;32;32;32;32;32;32;32;32;32;32;32;32;32;32;32;32;32;32;32;32;32;32;32;32;32;32;32;32;32;32,32.0,0.6133,2,1
A3_attentive,eca_rule110,1.0,1.0,1.0000;1.0000;1.0000;1.0000;1.0000;1.0000;1.0000;1.0000;1.0000;1.0000;1.0000;1.0000;1.0000;1.0000;1.0000;1.0000;1.0000;1.0000;1.0000;1.0000;1.0000;1.0000;1.0000;1.0000;1.0000;1.0000;1.0000;1.0000;1.0000;1.0000;1.0000;1.0000,0.6924324684815443,0.7838049441995758,True,0.9951730561618356,0.9813223524712139,ca,64,13163,0.9885230714974453,0.9933177605410282,1.0248541424855375,1.0057122780437764,True,32;32;32;32;32;32;32;32;32;32;32;32;32;32;32;32;32;32;32;32;32;32;32;32;32;32;32;32;32;32;32;32,32.0,0.5547,1,1
A4_interleaved,eca_rule110,1.0,1.0,1.0000;1.0000;1.0000;1.0000;1.0000;1.0000;1.0000;1.0000;1.0000;1.0000;1.0000;1.0000;1.0000;1.0000;1.0000;1.0000;1.0000;1.0000;1.0000;1.0000;1.0000;1.0000;1.0000;1.0000;1.0000;1.0000;1.0000;1.0000;1.0000;1.0000;1.0000;1.0000,0.2727326457008928,0.2291578526754452,True,1.0045725510269878,0.9997360125278226,ca,64,12795,0.9758874531005097,0.9714454691230086,0.9786068764131647,0.978348536457605,True,32;32;32;32;32;32;32;32;32;32;32;32;32;32;32;32;32;32;32;32;32;32;32;32;32;32;32;32;32;32;32;32,32.0,0.5859,0,1
A4_interleaved,eca_rule110,1.0,1.0,1.0000;1.0000;1.0000;1.0000;1.0000;1.0000;1.0000;1.0000;1.0000;1.0000;1.0000;1.0000;1.0000;1.0000;1.0000;1.0000;1.0000;1.0000;1.0000;1.0000;1.0000;1.0000;1.0000;1.0000;1.0000;1.0000;1.0000;1.0000;1.0000;1.0000;1.0000;1.0000,0.6752209665014354,0.4676546910531678,True,0.9998845007306542,1.002846522888106,ca,64,12795,0.9550066475490853,0.9551169628604355,0.9550807101633412,0.9577993692648098,True,32;32;32;32;32;32;32;32;32;32;32;32;32;32;32;32;32;32;32;32;32;32;32;32;32;32;32;32;32;32;32;32,32.0,0.5859,2,1
A1_local,digits_8x8,1.0,0.140625,0.1406;0.3906;0.7656;1.0000;1.0000;1.0000;1.0000;1.0000;1.0000;1.0000;1.0000;1.0000;1.0000;1.0000;1.0000;1.0000,0.0,0.0,False,1.0,1.275395037375736,image,64,13088,0.5567179393377193,0.5567179393377193,0.6245761522307652,0.7965813250183501,True,1;2;3;4;4;4;4;4;4;4;4;4;4;4;4;4,1.0,0.7305,1,4
A2_pooled,digits_8x8,1.0,1.0,1.0000;1.0000;1.0000;1.0000;1.0000;1.0000;1.0000;1.0000;1.0000;1.0000;1.0000;1.0000;1.0000;1.0000;1.0000;1.0000,0.8734211542870236,0.8408892054842723,True,1.2497801177707113,1.2713633076194677,image,64,13016,0.7314594257602323,0.5852704930727888,0.6668330926077899,0.8477871262479586,True,4;4;4;4;4;4;4;4;4;4;4;4;4;4;4;4,4.0,0.6016,0,1
A2_pooled,digits_8x8,1.0,1.0,1.0000;1.0000;1.0000;1.0000;1.0000;1.0000;1.0000;1.0000;1.0000;1.0000;1.0000;1.0000;1.0000;1.0000;1.0000;1.0000,0.9744472102185645,0.597384325403814,True,1.158541459034869,1.2940837885123588,image,64,13016,0.6538858201382257,0.5644043336031753,0.6484318956931892,0.8391252041708929,True,4;4;4;4;4;4;4;4;4;4;4;4;4;4;4;4,4.0,0.6016,2,1
A3_attentive,digits_8x8,1.0,1.0,1.0000;1.0000;1.0000;1.0000;1.0000;1.0000;1.0000;1.0000;1.0000;1.0000;1.0000;1.0000;1.0000;1.0000;1.0000;1.0000,0.6346008325275788,0.7156399942185441,True,1.4369755210038249,0.9746257532651937,image,64,13016,0.8693894822008769,0.6050134254155904,0.6418606982089414,0.6255739664832127,True,4;4;4;4;4;4;4;4;4;4;4;4;4;4;4;4,4.0,0.543,1,1
A4_interleaved,digits_8x8,1.0,1.0,1.0000;1.0000;1.0000;1.0000;1.0000;1.0000;1.0000;1.0000;1.0000;1.0000;1.0000;1.0000;1.0000;1.0000;1.0000;1.0000,0.5520403340916756,0.5652331775170965,True,1.1068611117792964,1.1195168578479158,image,64,12949,0.5596246381171454,0.5055960790035708,0.5294874067644273,0.5927700778909529,True,4;4;4;4;4;4;4;4;4;4;4;4;4;4;4;4,4.0,0.5742,0,1
A4_interleaved,digits_8x8,1.0,1.0,1.0000;1.0000;1.0000;1.0000;1.0000;1.0000;1.0000;1.0000;1.0000;1.0000;1.0000;1.0000;1.0000;1.0000;1.0000;1.0000,1.187790864611568,1.0514368812725297,True,1.1872925227834612,1.1768811338346623,image,64,12949,0.5845877257991018,0.49237042647974216,0.5652140762904511,0.6651897829640174,True,4;4;4;4;4;4;4;4;4;4;4;4;4;4;4;4,4.0,0.5742,2,1
A1_local,natural_patches_16x16,0.265625,0.03515625,0.0352;0.0859;0.0977;0.0977;0.1055;0.1211;0.1289;0.1445;0.1484;0.1484;0.1562;0.1602;0.1680;0.1719;0.1719;0.1836;0.1836;0.1914;0.1992;0.2070;0.2148;0.2188;0.2227;0.2266;0.2305;0.2344;0.2344;0.2383;0.2461;0.2539;0.2539;0.2656,0.0,0.0,False,1.0,0.492415429899303,image,256,13088,0.31266160954067607,0.31266160954067607,0.6389611508327573,0.31463432977626554,True,1;2;2;2;3;3;3;3;3;3;3;3;3;3;3;4;4;4;4;4;4;4;4;4;4;4;4;4;4;5;5;5,1.0,0.7305,1,nan
A2_pooled,natural_patches_16x16,1.0,1.0,1.0000;1.0000;1.0000;1.0000;1.0000;1.0000;1.0000;1.0000;1.0000;1.0000;1.0000;1.0000;1.0000;1.0000;1.0000;1.0000;1.0000;1.0000;1.0000;1.0000;1.0000;1.0000;1.0000;1.0000;1.0000;1.0000;1.0000;1.0000;1.0000;1.0000;1.0000;1.0000,0.1400391670031552,0.16945561420052108,True,1.1837186182106638,1.9420978805185058,image,256,13016,0.3585009504879019,0.30285994067561445,0.3443785165877329,0.6688167871611431,True,8;8;8;8;8;8;8;8;8;8;8;8;8;8;8;8;8;8;8;8;8;8;8;8;8;8;8;8;8;8;8;8,8.0,0.6016,0,1
A2_pooled,natural_patches_16x16,1.0,1.0,1.0000;1.0000;1.0000;1.0000;1.0000;1.0000;1.0000;1.0000;1.0000;1.0000;1.0000;1.0000;1.0000;1.0000;1.0000;1.0000;1.0000;1.0000;1.0000;1.0000;1.0000;1.0000;1.0000;1.0000;1.0000;1.0000;1.0000;1.0000;1.0000;1.0000;1.0000;1.0000,1.0491950962167773,0.9486570732062426,True,3.3689400079060117,2.0888079324072506,image,256,13016,0.9802093853781947,0.2909548353719278,0.32300697672365064,0.6746995352032457,True,8;8;8;8;8;8;8;8;8;8;8;8;8;8;8;8;8;8;8;8;8;8;8;8;8;8;8;8;8;8;8;8,8.0,0.6016,2,1
A3_attentive,natural_patches_16x16,1.0,1.0,1.0000;1.0000;1.0000;1.0000;1.0000;1.0000;1.0000;1.0000;1.0000;1.0000;1.0000;1.0000;1.0000;1.0000;1.0000;1.0000;1.0000;1.0000;1.0000;1.0000;1.0000;1.0000;1.0000;1.0000;1.0000;1.0000;1.0000;1.0000;1.0000;1.0000;1.0000;1.0000,2.3785936305347484,2.0600627768980484,True,7.861209273230139,1.6584153410764741,image,256,13016,2.393053101740288,0.3044128477649587,0.46690793234852446,0.7743272778770895,True,8;8;8;8;8;8;8;8;8;8;8;8;8;8;8;8;8;8;8;8;8;8;8;8;8;8;8;8;8;8;8;8,8.0,0.543,1,1
A4_interleaved,natural_patches_16x16,1.0,1.0,1.0000;1.0000;1.0000;1.0000;1.0000;1.0000;1.0000;1.0000;1.0000;1.0000;1.0000;1.0000;1.0000;1.0000;1.0000;1.0000;1.0000;1.0000;1.0000;1.0000;1.0000;1.0000;1.0000;1.0000;1.0000;1.0000;1.0000;1.0000;1.0000;1.0000;1.0000;1.0000,0.1312152516692035,0.12124436160590553,True,1.0346718978170109,1.1009778225172493,image,256,12949,0.24446203063863697,0.23627009794545692,0.39591037752297276,0.43588854535722465,True,8;8;8;8;8;8;8;8;8;8;8;8;8;8;8;8;8;8;8;8;8;8;8;8;8;8;8;8;8;8;8;8,8.0,0.5742,0,1
A4_interleaved,natural_patches_16x16,1.0,1.0,1.0000;1.0000;1.0000;1.0000;1.0000;1.0000;1.0000;1.0000;1.0000;1.0000;1.0000;1.0000;1.0000;1.0000;1.0000;1.0000;1.0000;1.0000;1.0000;1.0000;1.0000;1.0000;1.0000;1.0000;1.0000;1.0000;1.0000;1.0000;1.0000;1.0000;1.0000;1.0000,0.19498115800765045,0.15724252356320825,True,1.0465861374321317,1.059981799398902,image,256,12949,0.24373076933687224,0.23288170998985502,0.3743357254505859,0.3967890558424054,True,8;8;8;8;8;8;8;8;8;8;8;8;8;8;8;8;8;8;8;8;8;8;8;8;8;8;8;8;8;8;8;8,8.0,0.5742,2,1
A1_local,text_chars,0.15625,0.046875,0.0469;0.0781;0.1094;0.1406;0.1406;0.1406;0.1406;0.1562;0.1562;0.1562;0.1562;0.1562;0.1562;0.1562;0.1562;0.1562;0.1562;0.1562;0.1562;0.1562;0.1562;0.1562;0.1562;0.1562;0.1562;0.1562;0.1562;0.1562;0.1562;0.1562;0.1562;0.1562,0.0,0.0,False,1.0,1.0923029724886983,text,64,13215,0.9756716327581303,0.9756716327581303,0.975706543664224,1.0657671579211059,True,1;2;3;4;4;4;4;5;5;5;5;5;5;5;5;5;5;5;5;5;5;5;5;5;5;5;5;5;5;5;5;5,1.0,0.7422,1,nan
A2_pooled,text_chars,1.0,1.0,1.0000;1.0000;1.0000;1.0000;1.0000;1.0000;1.0000;1.0000;1.0000;1.0000;1.0000;1.0000;1.0000;1.0000;1.0000;1.0000;1.0000;1.0000;1.0000;1.0000;1.0000;1.0000;1.0000;1.0000;1.0000;1.0000;1.0000;1.0000;1.0000;1.0000;1.0000;1.0000,0.11892288253058488,0.11078692654569139,True,1.0122477898345155,1.0650541507760476,text,64,13046,1.0049891222649359,0.9928291593792797,1.0268279907179083,1.0936274136471371,True,32;32;32;32;32;32;32;32;32;32;32;32;32;32;32;32;32;32;32;32;32;32;32;32;32;32;32;32;32;32;32;32,32.0,0.6133,0,1
A2_pooled,text_chars,1.0,1.0,1.0000;1.0000;1.0000;1.0000;1.0000;1.0000;1.0000;1.0000;1.0000;1.0000;1.0000;1.0000;1.0000;1.0000;1.0000;1.0000;1.0000;1.0000;1.0000;1.0000;1.0000;1.0000;1.0000;1.0000;1.0000;1.0000;1.0000;1.0000;1.0000;1.0000;1.0000;1.0000,0.25035309912083625,0.2251549578852754,True,1.003871279097244,1.1652997858185146,text,64,13046,0.976432211125962,0.9726667466809518,0.9717514494427649,1.132381755904485,True,32;32;32;32;32;32;32;32;32;32;32;32;32;32;32;32;32;32;32;32;32;32;32;32;32;32;32;32;32;32;32;32,32.0,0.6133,2,1
A3_attentive,text_chars,1.0,1.0,1.0000;1.0000;1.0000;1.0000;1.0000;1.0000;1.0000;1.0000;1.0000;1.0000;1.0000;1.0000;1.0000;1.0000;1.0000;1.0000;1.0000;1.0000;1.0000;1.0000;1.0000;1.0000;1.0000;1.0000;1.0000;1.0000;1.0000;1.0000;1.0000;1.0000;1.0000;1.0000,0.845695218513065,0.8352904278130044,True,1.044597151631354,1.1591690101662477,text,64,13163,1.0125014828001107,0.96927459664128,0.975339286684724,1.1305830755225856,True,32;32;32;32;32;32;32;32;32;32;32;32;32;32;32;32;32;32;32;32;32;32;32;32;32;32;32;32;32;32;32;32,32.0,0.5547,1,1
A4_interleaved,text_chars,1.0,1.0,1.0000;1.0000;1.0000;1.0000;1.0000;1.0000;1.0000;1.0000;1.0000;1.0000;1.0000;1.0000;1.0000;1.0000;1.0000;1.0000;1.0000;1.0000;1.0000;1.0000;1.0000;1.0000;1.0000;1.0000;1.0000;1.0000;1.0000;1.0000;1.0000;1.0000;1.0000;1.0000,0.03913642107394829,0.04303198023107864,True,1.0006404691318969,1.1280446151075452,text,64,12795,0.9845990757015861,0.9839688740110347,0.9854062470971936,1.1115822107313242,True,32;32;32;32;32;32;32;32;32;32;32;32;32;32;32;32;32;32;32;32;32;32;32;32;32;32;32;32;32;32;32;32,32.0,0.5859,0,1
A4_interleaved,text_chars,1.0,1.0,1.0000;1.0000;1.0000;1.0000;1.0000;1.0000;1.0000;1.0000;1.0000;1.0000;1.0000;1.0000;1.0000;1.0000;1.0000;1.0000;1.0000;1.0000;1.0000;1.0000;1.0000;1.0000;1.0000;1.0000;1.0000;1.0000;1.0000;1.0000;1.0000;1.0000;1.0000;1.0000,0.20009058845869887,0.22585859694794247,True,1.0238726022850355,1.1068994008292747,text,64,12795,0.9887617471039356,0.9657077891304632,1.0030115780254028,1.1102329147411436,True,32;32;32;32;32;32;32;32;32;32;32;32;32;32;32;32;32;32;32;32;32;32;32;32;32;32;32;32;32;32;32;32,32.0,0.5859,2,1
A1_local,tabular_breastcancer,0.36666666666666664,0.1,0.1000;0.1667;0.2000;0.2333;0.2333;0.2667;0.2667;0.2667;0.3000;0.3000;0.3000;0.3000;0.3000;0.3000;0.3333;0.3333;0.3333;0.3333;0.3333;0.3333;0.3667;0.3667;0.3667;0.3667;0.3667;0.3667;0.3667;0.3667;0.3667;0.3667;0.3667;0.3667,0.0,0.0,False,1.0,0.9271948797275924,tabular,30,13215,0.9030980905734299,0.9030980905734299,0.9881893705885845,0.9162441246109678,False,1;2;3;3;3;4;4;4;4;4;4;4;4;4;5;5;5;5;5;5;5;5;5;5;5;5;5;5;5;5;5;5,1.0,0.7422,1,nan
A2_pooled,tabular_breastcancer,1.0,1.0,1.0000;1.0000;1.0000;1.0000;1.0000;1.0000;1.0000;1.0000;1.0000;1.0000;1.0000;1.0000;1.0000;1.0000;1.0000;1.0000;1.0000;1.0000;1.0000;1.0000;1.0000;1.0000;1.0000;1.0000;1.0000;1.0000;1.0000;1.0000;1.0000;1.0000;1.0000;1.0000,0.5379199662581969,0.47041335944581053,True,1.077640933227389,1.0037072327186929,tabular,30,13046,0.9412955395569228,0.8734779002295967,0.8770263078519228,0.8802776484755459,False,15;15;15;15;15;15;15;15;15;15;15;15;15;15;15;15;15;15;15;15;15;15;15;15;15;15;15;15;15;15;15;15,15.0,0.6133,0,1
A2_pooled,tabular_breastcancer,1.0,1.0,1.0000;1.0000;1.0000;1.0000;1.0000;1.0000;1.0000;1.0000;1.0000;1.0000;1.0000;1.0000;1.0000;1.0000;1.0000;1.0000;1.0000;1.0000;1.0000;1.0000;1.0000;1.0000;1.0000;1.0000;1.0000;1.0000;1.0000;1.0000;1.0000;1.0000;1.0000;1.0000,0.7698172473856788,0.8049829448707388,True,1.2617359183163102,0.998075267048353,tabular,30,13046,1.1037728432772493,0.8748049629514785,0.881996297931374,0.8802986905935148,False,15;15;15;15;15;15;15;15;15;15;15;15;15;15;15;15;15;15;15;15;15;15;15;15;15;15;15;15;15;15;15;15,15.0,0.6133,2,1
A3_attentive,tabular_breastcancer,1.0,1.0,1.0000;1.0000;1.0000;1.0000;1.0000;1.0000;1.0000;1.0000;1.0000;1.0000;1.0000;1.0000;1.0000;1.0000;1.0000;1.0000;1.0000;1.0000;1.0000;1.0000;1.0000;1.0000;1.0000;1.0000;1.0000;1.0000;1.0000;1.0000;1.0000;1.0000;1.0000;1.0000,0.3836791670823647,0.45868024288984666,True,1.2888473919046852,1.063769433631047,tabular,30,13163,1.0960692348842178,0.8504259245653779,0.8619709588842633,0.9169383587387234,False,15;15;15;15;15;15;15;15;15;15;15;15;15;15;15;15;15;15;15;15;15;15;15;15;15;15;15;15;15;15;15;15,15.0,0.5547,1,1
A4_interleaved,tabular_breastcancer,1.0,1.0,1.0000;1.0000;1.0000;1.0000;1.0000;1.0000;1.0000;1.0000;1.0000;1.0000;1.0000;1.0000;1.0000;1.0000;1.0000;1.0000;1.0000;1.0000;1.0000;1.0000;1.0000;1.0000;1.0000;1.0000;1.0000;1.0000;1.0000;1.0000;1.0000;1.0000;1.0000;1.0000,0.4317883096053931,0.48159393065016864,True,1.1999205540265236,1.0052599936405986,tabular,30,12795,0.8921453353174182,0.7435036697418701,0.8029482658461927,0.8071717686182733,False,15;15;15;15;15;15;15;15;15;15;15;15;15;15;15;15;15;15;15;15;15;15;15;15;15;15;15;15;15;15;15;15,15.0,0.5859,0,1
A4_interleaved,tabular_breastcancer,1.0,1.0,1.0000;1.0000;1.0000;1.0000;1.0000;1.0000;1.0000;1.0000;1.0000;1.0000;1.0000;1.0000;1.0000;1.0000;1.0000;1.0000;1.0000;1.0000;1.0000;1.0000;1.0000;1.0000;1.0000;1.0000;1.0000;1.0000;1.0000;1.0000;1.0000;1.0000;1.0000;1.0000,1.1897287445481755,1.147884795574786,True,1.2685507037961512,0.9764375362097908,tabular,30,12795,0.9370786362431256,0.7387001823726147,0.8784468289338162,0.857748457335439,False,15;15;15;15;15;15;15;15;15;15;15;15;15;15;15;15;15;15;15;15;15;15;15;15;15;15;15;15;15;15;15;15,15.0,0.5859,2,1
A1_local,multitone_signal,0.4375,0.046875,0.0469;0.0781;0.1094;0.1406;0.1719;0.2031;0.2344;0.2656;0.2969;0.2812;0.2969;0.2969;0.3281;0.3281;0.3438;0.3438;0.3594;0.3594;0.3594;0.3594;0.3594;0.3594;0.3594;0.3594;0.3594;0.3750;0.3750;0.3906;0.3906;0.4219;0.4219;0.4375,0.0,0.0,False,1.0,0.9158865592343788,signal,64,13215,0.49655350830010775,0.49655350830010775,0.641878801565348,0.5878881670111732,True,1;2;3;4;5;6;7;8;9;9;9;9;10;10;11;11;11;11;11;11;11;11;11;11;11;12;12;13;13;14;14;15,1.0,0.7422,1,nan
A2_pooled,multitone_signal,1.0,1.0,1.0000;1.0000;1.0000;1.0000;1.0000;1.0000;1.0000;1.0000;1.0000;1.0000;1.0000;1.0000;1.0000;1.0000;1.0000;1.0000;1.0000;1.0000;1.0000;1.0000;1.0000;1.0000;1.0000;1.0000;1.0000;1.0000;1.0000;1.0000;1.0000;1.0000;1.0000;1.0000,0.7674105156247546,0.6685796396996199,True,1.0194773652407272,0.8638113888246207,signal,64,13046,0.540344024699793,0.5300206195085093,0.7549695763524591,0.6521513182693532,True,32;32;32;32;32;32;32;32;32;32;32;32;32;32;32;32;32;32;32;32;32;32;32;32;32;32;32;32;32;32;32;32,32.0,0.6133,0,1
A2_pooled,multitone_signal,1.0,1.0,1.0000;1.0000;1.0000;1.0000;1.0000;1.0000;1.0000;1.0000;1.0000;1.0000;1.0000;1.0000;1.0000;1.0000;1.0000;1.0000;1.0000;1.0000;1.0000;1.0000;1.0000;1.0000;1.0000;1.0000;1.0000;1.0000;1.0000;1.0000;1.0000;1.0000;1.0000;1.0000,0.7876582361758335,0.6155939709271285,True,1.0073222549229541,0.7650896747493696,signal,64,13046,0.5689968953359302,0.5648608402674975,0.7058374431774647,0.5400289398265731,True,32;32;32;32;32;32;32;32;32;32;32;32;32;32;32;32;32;32;32;32;32;32;32;32;32;32;32;32;32;32;32;32,32.0,0.6133,2,1
A3_attentive,multitone_signal,1.0,1.0,1.0000;1.0000;1.0000;1.0000;1.0000;1.0000;1.0000;1.0000;1.0000;1.0000;1.0000;1.0000;1.0000;1.0000;1.0000;1.0000;1.0000;1.0000;1.0000;1.0000;1.0000;1.0000;1.0000;1.0000;1.0000;1.0000;1.0000;1.0000;1.0000;1.0000;1.0000;1.0000,0.8712726293102654,1.1088041114496618,True,2.488939663714113,0.26834296750770653,signal,64,13163,1.4177879752217437,0.569635333427912,2.322627143852022,0.6232606601952003,True,32;32;32;32;32;32;32;32;32;32;32;32;32;32;32;32;32;32;32;32;32;32;32;32;32;32;32;32;32;32;32;32,32.0,0.5547,1,1
A4_interleaved,multitone_signal,1.0,1.0,1.0000;1.0000;1.0000;1.0000;1.0000;1.0000;1.0000;1.0000;1.0000;1.0000;1.0000;1.0000;1.0000;1.0000;1.0000;1.0000;1.0000;1.0000;1.0000;1.0000;1.0000;1.0000;1.0000;1.0000;1.0000;1.0000;1.0000;1.0000;1.0000;1.0000;1.0000;1.0000,0.38487235151819316,0.3398754426972477,True,1.0350545623153642,0.8023778705986876,signal,64,12795,0.4089348412658716,0.39508529903110157,0.5141107359985555,0.412511077602445,True,32;32;32;32;32;32;32;32;32;32;32;32;32;32;32;32;32;32;32;32;32;32;32;32;32;32;32;32;32;32;32;32,32.0,0.5859,0,1
A4_interleaved,multitone_signal,1.0,1.0,1.0000;1.0000;1.0000;1.0000;1.0000;1.0000;1.0000;1.0000;1.0000;1.0000;1.0000;1.0000;1.0000;1.0000;1.0000;1.0000;1.0000;1.0000;1.0000;1.0000;1.0000;1.0000;1.0000;1.0000;1.0000;1.0000;1.0000;1.0000;1.0000;1.0000;1.0000;1.0000,0.2310259599515282,0.2134369327289053,True,0.988499758030845,0.6185484971420363,signal,64,12795,0.4106890740821926,0.4154670456372307,0.6422830562286207,0.39728321917000736,True,32;32;32;32;32;32;32;32;32;32;32;32;32;32;32;32;32;32;32;32;32;32;32;32;32;32;32;32;32;32;32;32,32.0,0.5859,2,1
