system,dim,nn_dist,attractor_spread,coverage,lyap_max,model_vpt,parrot_vpt,censored,ratio,log_ratio
Aizawa,3,0.03650970230013026,2.249775737608472,0.01622815185078862,0.1348955553010636,200.0,200.0,1.0,1.0,0.0
AnishchenkoAstakhov,3,0.02020215245897075,2.2274212223555194,0.009069749473611811,0.1010772679152754,200.0,200.0,1.0,1.0,0.0
Arneodo,3,0.042666090669462683,2.3283938516719345,0.01832425843197693,0.2373746866705128,200.0,183.0,1.0,1.092896174863388,0.08883121370661583
AtmosphericRegime,3,0.005722112585142689,2.1303454745811563,0.002686002178246561,0.0105432749322748,23.0,67.0,0.0,0.34328358208955223,-1.0691984034618165
BeerRNN,3,0.011118758999044616,2.218865421394735,0.005011010984188298,0.0387678001318152,48.0,29.0,0.0,1.6551724137931034,0.5039051809214169
BelousovZhabotinsky,3,0.01832561158207667,1.971556978238692,0.00929499465871284,132.08766434104578,61.0,200.0,0.0,0.305,-1.1874435023747254
Blasius,3,0.016959591077798486,2.0645613439392583,0.008214622020113468,0.1259733936412817,200.0,200.0,1.0,1.0,0.0
Bouali2,3,0.07626666452606534,2.207028677037688,0.03455626350466446,0.0768173021397551,68.0,38.0,0.0,1.7894736842105263,0.581921545449721
Bouali,3,0.022454690431573693,2.117225435555809,0.01060571541153762,0.0601256351810203,175.0,200.0,0.3333333333333333,0.875,-0.13353139262452263
BurkeShaw,3,0.04101767435028647,2.23396079548039,0.018360964271741415,2.324596351534631,99.0,50.0,0.0,1.98,0.6830968447064438
CaTwoPlusQuasiperiodic,3,0.022142158819817896,2.10277141310495,0.010529988510316873,0.4808315295437332,200.0,200.0,1.0,1.0,0.0
CaTwoPlus,3,0.011312123539618468,2.1160244086477866,0.005345932444535131,0.5802865327706731,200.0,200.0,1.0,1.0,0.0
CellCycle,6,0.03072945318639142,3.045606333762779,0.01008976532709855,0.0101721284096357,127.0,73.0,0.0,1.7397260273972603,0.5537276453102001
CellularNeuralNetwork,3,0.0070441210195673655,2.1258113236252147,0.003313615343601989,2.325846897709656,88.0,200.0,0.0,0.44,-0.8209805520698302
ChenLee,3,0.0050100910301704915,2.1433379021245655,0.0023375180484627653,0.163631154301603,55.0,200.0,0.0,0.275,-1.2909841813155656
Chen,3,0.036730769304597385,2.2144829995225135,0.01658661155335908,2.005961349488129,62.0,62.0,0.0,1.0,0.0
Chua,3,0.026789605287172252,2.245490171784403,0.011930404160212202,1.2301163591725597,200.0,114.0,1.0,1.7543859649122806,0.5621189181535412
CoevolvingPredatorPrey,3,0.009386453071222793,1.9925040632328739,0.0047108827753119375,0.0073269803903578,65.0,200.0,0.0,0.325,-1.1239300966523995
Colpitts,3,0.02033589439594085,2.2726156388011414,0.00894823306182497,0.3736008151161584,200.0,200.0,1.0,1.0,0.0
Coullet,3,0.05379327564018843,2.2052137357058696,0.024393678839012705,0.1371876202483151,178.0,146.0,0.0,1.2191780821917808,0.1981769285837487
Dadras,3,0.019891893187457373,2.0909062487758088,0.009513527064689654,0.4059152104952006,38.0,60.0,0.0,0.6333333333333333,-0.456758402495715
DequanLi,3,0.09916184908374458,2.1558667576332304,0.0459962790987172,0.739747976641268,200.0,69.0,1.0,2.898550724637681,1.0642108619507773
ExcitableCell,3,0.018409598977801638,1.939542956098054,0.009491720160113296,0.7164303367057223,42.99999999999999,22.0,0.0,1.9545454545454541,0.6701576623352463
Finance,3,0.028775000450855605,2.269476385474343,0.012679136313128609,0.0935410644267021,33.0,18.0,0.0,1.8333333333333333,0.6061358035703155
GenesioTesi,3,0.03904736854710425,2.147299772588028,0.018184404918947343,0.105090611375193,200.0,200.0,1.0,1.0,0.0
GlycolyticOscillation,3,0.00372805370831267,2.1206673542720953,0.001757962511566223,0.0215945612418167,40.0,169.0,0.0,0.23668639053254437,-1.4410192608091372
GuckenheimerHolmes,3,0.029354382942463883,2.2572012557408705,0.013004769897148154,0.7885729042404602,200.0,200.0,1.0,1.0,0.0
Hadley,3,0.06176625096442626,2.2785463939249873,0.027107743396889417,0.2386587703845738,200.0,111.0,1.0,1.8018018018018018,0.5887871652357025
Halvorsen,3,0.025042530496058826,2.245218013076906,0.011153718859461616,0.6963711539102683,187.0,193.00000000000003,0.3333333333333333,0.9689119170984455,-0.031581572050299045
HastingsPowell,3,0.0172043600814051,2.332161080792978,0.007377003339561476,0.0125327961245632,200.0,184.0,0.6666666666666666,1.0869565217391304,0.083381608939051
HenonHeiles,4,0.025742634910213613,2.6425084764263493,0.009741741659435353,0.0355112031523952,200.0,200.0,1.0,1.0,0.0
HindmarshRose,3,0.007206139916727963,1.7862555250371293,0.00403421560673867,0.6535393283242747,38.0,37.0,0.0,1.027027027027027,0.026668247082161273
Hopfield,6,0.030762834593053973,3.140845168234612,0.009794444789631247,0.5684266951234997,53.0,133.0,0.0,0.39849624060150374,-0.920057214669632
HyperBao,4,0.12661675213570234,2.589080084980625,0.048904146638882304,0.7941925747845208,72.0,30.0,0.0,2.4,0.8754687373538999
HyperCai,4,0.20008396308569973,2.5868812632052913,0.07734563079164462,1.677758489904413,55.99999999999999,23.0,0.0,2.434782608695652,0.8898574748059994
HyperJha,4,0.23129072759352715,2.5321435634142864,0.09134186976415344,0.3869536163676076,74.0,47.99999999999999,0.0,1.541666666666667,0.43286408229627904
HyperLorenz,4,0.11955624653746008,2.604986759005345,0.04589514557959209,0.3288809596909799,82.0,39.0,0.0,2.1025641025641026,0.7431576011346067
HyperPang,4,0.18501086095499064,2.5713304812298965,0.07195141282131025,1.4465315511406869,81.0,48.0,0.0,1.6875,0.5232481437645479
HyperQi,4,0.18582870522636752,2.2212584834116815,0.08365919887943386,12.787249321134263,29.0,3.0,0.0,9.666666666666666,2.268683541318364
HyperRossler,4,0.10989192490482641,2.4023336280747123,0.04574382326442162,0.1718849632568779,73.0,49.0,0.0,1.489795918367347,0.3986391430377646
HyperWang,4,0.25227525475738066,2.55356238155163,0.09879345677237372,1.2930140887300063,72.0,44.0,0.0,1.6363636363636365,0.49247648509779424
HyperXu,4,0.14256125851401308,2.6216982595629488,0.0543774471352698,0.9819830018599977,144.0,28.000000000000004,0.0,5.142857142857142,1.6376087894007967
HyperYan,4,0.03140097606908608,2.5119192004336997,0.012500790655871612,1.3945968455812914,55.0,74.0,0.0,0.7432432432432432,-0.2967319079716989
HyperYangChen,4,0.11248435978491,2.5971959923046954,0.04330992351682086,0.4204273252194166,200.0,37.0,0.6666666666666666,5.405405405405405,1.6873994539038122
IsothermalChemical,3,0.00443046044997401,2.166637825578114,0.0020448551196099655,0.450090505359164,143.0,200.0,0.3333333333333333,0.715,-0.33547273628812946
ItikBanksTumor,3,0.006144185345544456,1.9300205425500923,0.0031834818387094905,0.0362150968499142,18.0,13.0,0.0,1.3846153846153846,0.32542240043462795
JerkCircuit,3,0.017697554686887555,2.178053854209076,0.00812539811753834,0.2922722771543928,64.0,96.0,0.0,0.6666666666666666,-0.40546510810816444
KawczynskiStrizhak,3,0.00129596831907269,1.197792158954444,0.0010819642701651547,0.0757060839542753,29.0,171.0,0.0,0.1695906432748538,-1.774367726516186
Laser,3,0.017831052315681856,2.1812115945357715,0.008174838406485203,0.6080602180196161,83.0,125.0,0.0,0.664,-0.40947312950570314
LiuChen,3,0.0006083953630935031,1.6244466992683528,0.0003745246694566975,0.2457084451352168,6.0,4.0,0.0,1.5,0.4054651081081644
Lorenz84,3,0.024707686447543793,2.252742291307172,0.010967826432204527,0.4614668385793661,28.0,28.0,0.0,1.0,0.0
Lorenz96,4,0.07654256605768334,2.6436708854359243,0.028953137275656748,1.3361667787286362,34.0,31.0,0.0,1.096774193548387,0.09237332013101507
LorenzBounded,3,0.02476436229101797,2.2481182015494254,0.01101559618793626,0.7124135270827626,118.0,132.0,0.0,0.8939393939393939,-0.11211729812070612
LorenzCoupled,6,0.14485972226670646,3.186331135005791,0.04546285873280499,1.0284398414904556,56.0,34.0,0.0,1.6470588235294117,0.4989911661189878
LorenzStenflo,4,0.0362419936454407,2.6508351745852967,0.013671915173341733,0.3807742646421621,51.0,55.0,0.0,0.9272727272727272,-0.07550755250814517
Lorenz,3,0.02152307589426109,2.0947000521988186,0.010275015686216362,0.8917098035724058,87.0,109.0,0.0,0.7981651376146789,-0.22543976357456
LuChenCheng,3,0.022937072956195705,2.0538507969301345,0.01116783799021792,0.2612775880231121,200.0,200.0,1.0,1.0,0.0
LuChen,3,0.011846857853865652,2.180146842757903,0.005433972437782807,0.3266868574498627,181.0,200.0,0.3333333333333333,0.905,-0.0998203352822109
MooreSpiegel,3,0.023277384563458403,2.2328219072000413,0.010425096819588376,0.6976623003008144,86.0,54.0,0.0,1.5925925925925926,0.4653632496892333
MultiChua,3,0.02519171454903559,2.229415922701684,0.011299692575312457,1.462134784614238,73.0,200.0,0.0,0.365,-1.0078579253996456
NewtonLiepnik,3,0.036604567544532465,2.1280530996523783,0.017200965309799785,0.1494534178463997,53.0,37.0,0.0,1.4324324324324325,0.3593740009078974
NoseHoover,3,0.019704045516489514,2.1970794626281047,0.008968289882842885,0.0104643837794009,200.0,200.0,1.0,1.0,0.0
NuclearQuadrupole,4,0.14532280162547928,2.69934871787043,0.05383624600386101,0.2955419776766378,136.0,50.0,0.0,2.72,1.000631880307906
PehlivanWei,3,0.014125537999688785,2.1808328836439776,0.006477129956003904,0.1041507608587888,200.0,200.0,1.0,1.0,0.0
QiChen,3,0.028726309363284325,2.136561933159777,0.013445109602229399,4.027570312302744,57.0,45.0,0.0,1.2666666666666666,0.23638877806423034
Qi,4,0.03460357883913624,2.4653234670517765,0.0140361211425606,2.191606047298956,81.0,158.0,0.0,0.5126582278481012,-0.6681458783545281
RabinovichFabrikant,3,0.027784371036340356,2.1542118475671477,0.012897696699476678,0.2541443669572464,200.0,200.0,1.0,1.0,0.0
RayleighBenard,3,0.026920567287592168,2.2295712290610714,0.012074324846275082,1.8138795790741329,92.0,90.0,0.0,1.0222222222222221,0.021978906718775167
RikitakeDynamo,3,0.022295007275987693,2.024913006967013,0.01101035313580308,0.1318127385277225,56.0,58.0,0.0,0.9655172413793104,-0.03509131981127006
Rossler,3,0.011515039712993662,2.0405919174392904,0.005642989965109595,0.1505968893954788,200.0,200.0,1.0,1.0,0.0
Rucklidge,3,0.018165686577802702,2.2231939965417222,0.00817098580063649,0.1936356650629198,169.0,54.0,0.3333333333333333,3.1296296296296298,1.1409146683587992
Sakarya,3,0.02837827253596696,2.159013730094713,0.013144090813504018,0.2650103648549151,140.0,111.0,0.0,1.2612612612612613,0.23211222129697015
SaltonSea,3,0.02430664776746414,2.1354312527550854,0.011382547546826549,1.0702552017260385,200.0,200.0,1.0,1.0,0.0
SanUmSrisuchinwong,3,0.03090449380518729,2.231986692317561,0.013846181929112631,0.2606135207962152,45.0,28.0,0.0,1.6071428571428572,0.4744579795951159
ShimizuMorioka,3,0.01762482780424174,2.3157122361778186,0.007610974942781433,0.035774253344634,196.0,200.0,0.3333333333333333,0.98,-0.020202707317519466
SprottA,3,0.04706322237175417,2.2843327933676765,0.02060261206615663,0.0129930526524297,200.0,200.0,1.0,1.0,0.0
SprottB,3,0.039348090518445775,2.2668064217841,0.01735838143932762,0.2067427525600688,35.0,54.0,0.0,0.6481481481481481,-0.43363598507486073
SprottC,3,0.025399062737913695,2.16991493114399,0.011705096072371458,0.1580692476694403,124.0,66.0,0.0,1.878787878787879,0.6306268235786113
SprottD,3,0.01731017886932059,2.0516902452432118,0.008437033275102698,0.1017094188693234,200.0,200.0,1.0,1.0,0.0
SprottE,3,0.01211359363670617,2.2305864388377072,0.005430676626465194,0.0901606759008489,119.0,200.00000000000003,0.0,0.5949999999999999,-0.5191938734365075
SprottF,3,0.03222683223755058,2.0388437521319265,0.015806425678207288,0.1183090101484132,122.0,96.0,0.0,1.2708333333333333,0.23967285326542026
SprottG,3,0.017248382991174323,2.1782531154922578,0.00791844752499133,0.0906783225338874,200.0,200.0,1.0,1.0,0.0
SprottH,3,0.035406081377357616,2.1830533790825903,0.016218605425139317,0.1310018247069025,116.0,83.0,0.0,1.3975903614457832,0.3347495833097668
SprottI,3,0.01935728604400616,2.2043352261053513,0.008781462009390863,0.0232187043765068,200.00000000000003,200.00000000000003,1.0,1.0,0.0
SprottJ,3,0.012838976395970276,2.149214601898295,0.005973799165811661,0.1229078909964204,200.00000000000003,200.00000000000003,1.0,1.0,0.0
SprottJerk,3,0.009723319246487705,2.2502495589757836,0.0043209959569610315,0.0878519028216262,196.00000000000003,200.0,0.3333333333333333,0.9800000000000001,-0.020202707317519355
SprottK,3,0.012882502196510399,2.1169078416993052,0.006085528119244544,0.0596259378679915,200.0,200.0,1.0,1.0,0.0
SprottL,3,0.012290707088449551,2.312950389983339,0.0053138654169483015,0.0921619758329696,122.0,200.0,0.0,0.61,-0.4942963218147801
SprottM,3,0.013411396674673167,2.2340392725706026,0.006003205422275908,0.0842204313070008,200.0,200.0,1.0,1.0,0.0
SprottMore,3,0.12420819698088512,2.2868394840918254,0.05431434862172324,1.0946909441433958,114.0,84.0,0.0,1.3571428571428572,0.3053816495511819
SprottN,3,0.016614290599656682,2.1320779574646482,0.007792534293358343,0.118696122097289,200.0,200.0,1.0,1.0,0.0
SprottO,3,0.016066637764095462,2.2444896117233215,0.007158258911147056,0.0914107785459031,200.0,200.0,1.0,1.0,0.0
SprottP,3,0.020024938696041727,2.1539866428262293,0.009296686570798397,0.1064676723437159,200.00000000000003,200.00000000000003,1.0,1.0,0.0
SprottQ,3,0.024950706805732446,2.2078678492819592,0.011300815315484979,0.1716978433806359,200.0,200.0,1.0,1.0,0.0
SprottR,3,0.016907845651952948,2.0223044818058673,0.00836068248083724,0.0966141527779969,200.0,200.0,1.0,1.0,0.0
SprottS,3,0.031796196798992475,2.160126096013727,0.014719602183256257,0.2737629235389973,200.0,200.0,1.0,1.0,0.0
SprottTorus,3,0.006015226550114472,2.1281321665721094,0.0028265286548454847,0.1056964344650892,20.0,16.0,0.0,1.25,0.22314355131420976
ThomasLabyrinth,3,0.06730585892047614,2.285779843333356,0.029445468738723286,1.390858033637042,9.0,11.0,0.0,0.8181818181818182,-0.2006706954621511
Thomas,3,0.018067896378006727,2.111820314392386,0.00855560307610983,0.6324054000339867,34.0,33.0,0.0,1.0303030303030303,0.02985296314968113
Torus,3,0.019037368707816752,2.3872793434074664,0.007974504014533925,0.008172841288153,200.0,200.0,1.0,1.0,0.0
Tsucs2,3,0.010266146635515411,2.055147953575688,0.004995332145140043,0.1362148834449908,191.0,200.0,0.0,0.955,-0.046043938501406846
VallisElNino,3,0.022981337782423714,2.13295123600626,0.01077443187377035,0.5477586276153029,54.0,52.0,0.0,1.0384615384615385,0.03774032798284711
WangSun,3,0.03181982783402705,2.120263854876332,0.01500748492261733,0.0673546300248001,67.0,66.0,0.0,1.0151515151515151,0.015037877364540502
WindmiReduced,3,0.015922843452382603,2.2085537390680945,0.007209624638384978,0.403521000622694,21.0,200.0,0.0,0.105,-2.2537949288246137
YuWang2,3,0.012748174988396945,2.1737270353264093,0.005864662297160354,1.1576066800869989,51.0,200.0,0.0,0.255,-1.3664917338237108
YuWang,3,0.02657669790231475,2.258526802092189,0.011767271425645867,1.8525516537708413,32.0,20.0,0.0,1.6,0.47000362924573563
ZhouChen,3,0.035392527177908806,1.9594862114099114,0.018062146583028404,0.6828000288089435,93.0,70.0,0.0,1.3285714285714285,0.2841042511038969
