system,lyap_max,n_unbounded,nonautonomous,kaplan_yorke_dim,correlation_dim_pub,multiscale_entropy,period,dim,lyap_time_per_step,autocorr_time,perm_entropy,wpe,wpe_x,k01,perm_entropy_naive,wpe_naive,k01_naive,spectral_entropy,corr_dim_ours,fsle_small,fsle_large,fsle_ratio,fsle_log_range,wall_s
CaTwoPlus,0.5802865327706731,0,0,2.0647813731079956,1.2267327876216785,0.5770296569860646,1.343,3,0.007793248135110139,16.0,0.6188676906157828,0.6005335743489987,0.5822962210268396,0.9711119859040932,0.20646180346395968,0.1381300521826575,-0.002274203101887408,0.42758094383870043,1.4380571384858034,1.0955992063096256,0.4927929911893948,2.223244295064567,0.7989675232601663,15.08
ChenLee,0.16363115430160305,0,0,2.0300416878282137,1.2279387897055603,0.6224325755254609,2.8043,3,0.004588708460079854,8.0,0.6350387190169098,0.6565237579655244,0.7297727511179567,0.749284361839732,0.2456066159106047,0.1753542386621001,-0.005867588422126443,0.411852583554317,1.289112140136261,0.5046921437738412,0.32835998327896215,1.5370086778968859,0.6591400099572543,12.99
Arneodo,0.23737468667051287,0,0,2.198607392233255,1.9333366595280337,0.7388404221540498,3.1641,3,0.007510772460941699,19.0,0.8207225462462793,0.785604355988076,0.952739237409375,0.9846892355294675,0.21868157683962688,0.14591493182676493,-0.0020099713631947904,0.4654600734940105,2.0649302732485677,0.3599115151279477,0.1511235243745059,2.3815717415115003,0.867760665311238,12.01
ArnoldWeb,0.06514413995171335,3,1,22.554733912627043,2.271925873318733,0.620621428966386,67.25,5,0.043809434117527225,1.0,0.378227962027687,0.3687409165969397,0.8940576838921019,-0.03859670694428574,0.08750957381366753,0.05887759040533218,-0.04343889808721963,0.27198349212726036,2.2751307086286965,0.7214914890586792,0.007641434280687145,94.41833333333335,4.54773526333487,29.86
AtmosphericRegime,0.010543274932274862,0,0,2.1859596374283137,1.0906156314277713,0.4278776303819699,89.59496756697331,3,0.009446243756068489,13.0,0.60576403905309,0.6374603870157803,0.5081764628104606,0.9915696423930993,0.5054686171005426,0.5653367065568262,0.9964854579832745,0.5199896660831574,1.094354702855202,0.030842998653475742,0.02384114687903492,1.2936877076411961,0.3269644207864433,14.33
BeerRNN,0.038767800131815223,0,0,2.0303797735862443,1.4274264497038096,0.5244807630539362,181.58,3,0.07039457147935009,6.0,0.8134941586797537,0.7937102724285311,0.810515538426833,0.9847985967157442,0.4418464340372022,0.254989473650439,0.27628737033674744,0.572024405944526,1.535894630921591,0.013386242557808117,0.0104727302315545,1.2781998831092924,0.6070850205376477,12.12
Bouali2,0.07681730213975516,0,0,16.471858210544983,1.925056080468132,0.4520009826326611,7.6779,3,0.0058979556409882615,229.0,0.6942178244902307,0.6807095882843602,0.8265280292983763,0.8942330798928348,0.2535174816674699,0.19538331502362663,0.01836874155290169,0.3866741732917276,2.0176311143094194,0.05488037968841652,0.03403300750971796,1.612563323201621,0.47782503911929197,13.93
BurkeShaw,2.324596351534631,0,0,2.2113447891991065,2.0538157998881426,0.906432166797223,0.78333,3,0.018209260600476222,14.0,0.8102297631564775,0.7835380503227741,0.856096359910683,0.9989424362454906,0.24432516633021958,0.15194273820253476,0.01726383573516688,0.6382267111847222,2.154783753826084,1.5275234391829693,1.3480347948030122,1.13314837648993,0.33831715306746873,12.57
CellCycle,0.010172128409635746,0,0,2.020810681242375,1.7558665560565607,1.021736994304444,204.71,6,0.020823364067365336,20.0,0.737506354410177,0.6836763982759829,0.796772867398702,0.998065346313885,0.2074652620052899,0.13638964258035566,-0.0017819910565798364,0.6085498826526695,1.685388523194354,0.009774814387907638,0.004147386796739253,2.3568610469592,0.8573306688683617,25.26
CellularNeuralNetwork,2.3258468977096562,0,0,2.167668286708633,1.7777777253372764,1.2414841874061011,3.2,3,0.074427100726709,36.0,0.884914706576689,0.8457590987424286,0.834226530382349,0.9889314058596188,0.21545652619101605,0.1471777216382341,-0.0014987203690473394,0.40324211934132803,1.6527025509061068,0.0731826658905286,0.18116127175214625,0.4039641871727013,1.599855054489517,12.24
Chen,2.005961349488129,0,0,2.168621926035506,2.080398064710209,0.7604529380690989,0.58689,3,0.011772786564010882,16.0,0.7928882617882098,0.7783759027756525,0.8145704998193978,0.9975741396326355,0.23544443854586583,0.14758912958350653,-0.00442720290571433,0.5934834094320941,2.039386607448645,3.4483248794428096,1.6134580207775442,2.1372262773722626,0.7681237361088462,10.47
CoevolvingPredatorPrey,0.00732698039035783,0,0,2.0026539580881706,1.453444520919468,1.006450625395487,122.77,3,0.008995333825242308,18.0,0.6064862759690406,0.6129119297049672,0.6640903032008989,0.9932187786572249,0.19887590870268376,0.15732833847028996,0.0756146379452106,0.5023219774186057,1.3642595574432572,0.005439210314005286,0.005136138554412087,1.0590077071290944,0.5553122380428199,9.84
Dadras,0.40591521049520063,0,0,2.0430103150081735,1.605056083622306,0.8537980405426894,3.2886,3,0.013348927612345168,15.0,0.745801177965857,0.7419325269196403,0.7723734526208202,0.999055368448869,0.24885367350702126,0.2720467316987292,0.5626304945898997,0.6957476927802451,1.7951338798081669,0.8539594715960455,0.5683758852829246,1.5024554941682016,0.5377347064373538,9.94
DequanLi,0.739747976641268,0,0,2.6848604732863537,1.9326161168463631,0.8319369667525882,0.083806,3,0.0006199531893039811,48.0,0.8070108578464286,0.7977312729461139,0.8519489365422634,0.9921305314847498,0.19990503731147943,0.14620845600812246,-0.011129688166368414,0.39191432812488713,2.024153508668981,1.1377994566308163,2.294750331828307,0.4958271236959761,1.0297356093030885,9.68
Duffing,0.14026545752865122,1,1,2.561219319140712,2.019134182605584,0.8686568999981737,7.4496,3,0.010449215524054402,15.0,0.6225487905689735,0.6044280736767608,0.9292404118970785,0.9878304568062204,0.1674042026730113,0.09973827370985179,-0.014740633504442218,0.40061386825345363,2.3915109063011535,0.718859904147261,0.18282931529053434,3.931863459669581,1.3691134762673252,12.46
ForcedBrusselator,0.015326007974604663,1,1,1.190019824057157,1.616157126800283,0.47299463051887286,20.411,3,0.0031281914876965583,11.0,0.4509815653710126,0.4182492714472914,0.6432362620173803,0.2778271246847782,0.17264947162019575,0.09571269299072423,-0.0024847966788689056,0.1973517651055565,2.333177583112341,0.39538163921896263,0.0158769586526459,24.902857522594367,3.2149825568297925,12.72
ForcedFitzHughNagumo,0.007561278655908403,1,1,1.5705852319395741,1.6159744662497548,0.946734422406113,42.12235294117647,3,0.003184988482307582,17.0,0.4903834217793455,0.46840961903241257,0.631140487291271,0.9235812723143395,0.15011861503913615,0.1053850520903727,-0.0008264006841919542,0.3326796508697478,1.9737465881701124,0.17774305294129986,0.04992839397494691,3.5599593495934965,1.6280157230860033,12.37
GenesioTesi,0.10509061137519304,0,0,2.1892507433089325,1.9474141853715994,0.7003576241153363,5.9431,3,0.006245640124639098,20.0,0.7117822609239634,0.6639065424995356,0.7055192866674459,0.9318316775011877,0.2135633671065044,0.14323235115909347,0.003802535477326066,0.47958415551317385,1.8073520795841307,0.04460423211910521,0.05643415003030992,0.7903766087581537,0.3508285640709383,9.64
GlycolyticOscillation,0.021594561241816756,0,0,1.5520229717346938,1.6403587221370042,0.4632600047939084,50.45999420049144,3,0.010896614350242306,17.0,0.5547134538400268,0.5603696310027669,0.5797499700062323,0.6400355113838725,0.23918194676821636,0.32615394775826234,0.9658412978813673,0.2923226021081648,1.1127175688782018,0.042793049133349734,0.025615979061641512,1.6705607476635518,0.5131593471122109,9.81
Halvorsen,0.6963711539102683,0,0,2.118235268907861,1.8842400748281847,0.7527831765757674,1.4889,3,0.010368270110569984,17.0,0.813648918506973,0.7777399856194788,0.7739672405469531,0.9858397303762234,0.25529632138972475,0.15318922691532244,-0.003345680184614791,0.48465032351075726,2.0267162389833477,0.8783832822761964,0.51880736211707,1.6930817610062892,0.5265503955503411,9.81
HenonHeiles,0.03551120315239528,0,0,6.81141589838772,1.483374075624846,0.7137794258156454,6.37,4,0.0022620636408075797,20.0,0.6654138651354032,0.6458331624789645,0.6480906309381942,0.07277821841210882,0.21344780306077246,0.14355440280620937,-0.002523591246302972,0.16865935214165545,1.7276051358967928,0.09213743781511095,0.069823436917706,1.3195775212799146,2.2798042842563446,14.37
Hopfield,0.5684266951234997,0,0,2.264479110541058,1.988149295653683,0.9160145554679957,10.865,6,0.061759560425168246,20.0,0.7758868129215584,0.7402197287151592,0.7099995185976559,0.9894066105534864,0.24542725789436826,0.1681495656507771,-0.0016590248563890235,0.5458968801987556,1.7394045708520811,0.1333363916300947,0.05357284960580433,2.488879957127545,1.0924617587150895,19.11
HyperBao,0.7941925747845208,0,0,3.0460429607933572,1.9031345525981107,0.8910215561062699,0.5831505997603473,4,0.004631338763108078,20.5,0.8319877328516122,0.7982803429174479,0.7965560053824319,0.9978524997420006,0.2151674022792715,0.14441483775057246,-0.009223124261783441,0.5494881677639891,2.438353235799604,0.9978577352154197,0.9801742621080868,1.0180411522633745,0.6799887244318402,12.58
HyperCai,1.6777584899044127,0,0,3.138030987910704,2.3775113946995137,1.1155413734604414,0.6113936187028436,4,0.01025770834452077,19.5,0.8642538917227701,0.8302921535615765,0.8125241289909445,0.9969939522961844,0.21812142953947017,0.14356603602052664,-0.00841918754285284,0.5389523772701779,2.709469734606843,2.581518194693081,1.3398267565523474,1.9267552182163192,0.7552218054189009,13.14
HyperJha,0.38695361636760767,0,0,3.053181782412727,2.295404578145075,0.8934166449122942,0.8564467295817622,4,0.003314051592378734,24.0,0.7773652280803802,0.7490583231009084,0.7471532487511644,0.9956650087310965,0.21937564184269703,0.14802542763745258,-4.106345699336097e-05,0.551176283668666,2.5186067404951777,0.6826392015023213,0.5341811822793394,1.277916976763417,0.37958131014763974,12.66
Aizawa,0.13489555530106362,0,0,2.3501297618370773,1.8926529653780282,0.514512246123007,2.5837,3,0.0034852964623135804,14.0,0.6529700093426037,0.64530345433963,0.6654316154692673,0.30431246342742896,0.21941839301945207,0.14674550799005995,-0.003043307693239415,0.22751361392681438,2.0594326894791966,0.15139783274042512,0.06534441949768405,2.316920617005267,1.0084951381730827,9.58
AnishchenkoAstakhov,0.10107726791527546,0,0,2.0916403758729327,1.934087922565906,0.7612343892027325,6.814,3,0.006887405035746871,18.0,0.6383813445138707,0.6181058774461237,0.6167954029190262,0.9904320332362082,0.1984929274033654,0.13307184937768976,-0.010902840246421241,0.5460227010630901,1.9624238558059797,0.08130757141238255,0.05344517190269739,1.5213267825279264,1.1584506773764263,9.45
ArnoldBeltramiChildress,0.3667300080060703,3,0,2.612281260580053,1.9304327374472745,1.2759526834024162,2.8508,3,0.010454739068237053,1.0,0.3960352135692888,0.3522600942835048,0.1440432828020582,0.004473995576120207,0.17418995929476946,0.14437975000326728,-0.05751074203535123,0.1812909114303819,1.9552219048197612,0.6344786609392576,0.045234886935606095,14.026312519415969,2.6409350313021087,15.09
BelousovZhabotinsky,132.08766434104578,0,0,2.0206505961796535,0.8599643745060099,0.8764191281600929,0.038257,3,0.05053277774695388,12.0,0.6867433698635789,0.5893297628577531,0.46723923348247975,0.996903560495703,0.25044257187494345,0.19878242302343707,0.16976132924216808,0.6232344113592924,1.7410124102222355,72.06435202409827,35.2151198666512,2.0464037122969834,0.7292780430660861,9.59
Blasius,0.12597339364128174,0,0,2.016657959617314,1.6871652299106432,0.5917316835585642,6.6038,3,0.008319030969282963,17.0,0.6280380866520052,0.5892558512277407,0.6589974234784592,0.9313822920618013,0.21390949750896926,0.15716785392770094,-0.0037643362181603197,0.33214959131279065,1.617054624929963,0.17247598334976774,0.09066021809066258,1.9024439493106808,0.7673239496256248,9.48
BlinkingRotlet,2.120338159738003,2,1,2.910902586026695,2.0693373122119807,1.2895030395332947,2.9520625,3,0.06259370768681569,1.0,0.4331106017417731,0.4490102305067409,0.9498529807371234,-0.040286050032856756,0.23831898965302215,0.3058042058329759,-0.040286050032856756,0.3407646571853991,1.6777650047095305,20.125798649780197,0.24154409009594746,83.32142857142858,4.422705761846226,15.57
BlinkingVortex,2.863016777441748,2,1,2.8911482753116986,2.212155663068541,1.1011364489263011,2.7616666666666667,3,0.07906698000368294,1.0,0.3604243009597344,0.410615900217491,0.9478713477470284,-0.03818670390188261,0.14326161650329275,0.22150250092857346,-0.03818670390188261,0.32884466375908233,1.7977612367309281,12.210262033384021,0.538121249759048,22.690540540540542,3.121948121361254,15.03
CaTwoPlusQuasiperiodic,0.48083152954373326,0,0,4.547800407390443,1.8508709631136986,0.8512706770213926,0.65614,3,0.003154927997948251,19.0,0.6165238278052785,0.5993015315093423,0.5938782521522619,0.8244294663441032,0.2062017775647996,0.1385599400978646,-0.0025357292572183564,0.3064831933614541,1.8773376812839617,2.679278781481118,1.1127823189538353,2.4077294685990336,0.9439246960762752,9.52
Chua,1.2301163591725595,0,0,2.10727056025829,1.7987707234207353,1.2693527097629784,1.4235,3,0.017510706372821382,34.0,0.7762569365625781,0.7650675573480873,0.8093988084275815,0.9363316270975862,0.21252083191463753,0.14567694231618789,-0.0051683094456493345,0.4260956562382227,1.8897432399536493,0.2620227720734511,0.21746918769953485,1.2048730895867117,0.2925944372136875,9.42
CircadianRhythm,0.006263277393890506,1,1,2.640554412377753,1.6328881174569194,0.7054585345031309,27.0,5,0.0016910848963504368,17.0,0.48590963935165277,0.4779688978991826,0.4826927329162776,0.5245992790522526,0.15053023946661634,0.09332982833890488,-0.002395494953482384,0.22715016493521514,2.3937011926397314,0.083853651100682,0.02316107161733688,3.620456448911223,1.2866001087483494,18.9
Colpitts,0.3736008151161584,0,0,2.134959031654127,1.7352885770533426,0.7266290517682168,4.2676,3,0.015943788385897176,21.0,0.7290094396672554,0.6747594813909337,0.6839761460387618,0.983811796081587,0.22176882650615082,0.14081856419484373,-0.01168484730359461,0.5356185037982494,1.8396082126490523,0.13525409067256194,0.10275464417005081,1.3162820207788088,0.5602486325931848,9.56
Coullet,0.13718762024831516,0,0,2.252992250313846,2.0922372256742787,0.9055084400125268,5.7663,3,0.007910649746378597,21.0,0.7901229983135697,0.7510314769498821,0.841788464936864,0.9585332371996127,0.21461288847363416,0.14631640566910176,-0.003912527839283354,0.4639111989801224,2.0801028494500384,0.16710830802287208,0.08339474561215424,2.003822984244671,0.6950568481059529,9.7
DoubleGyre,0.12185254082886439,1,1,2.881525629972418,2.3304138196892192,0.66519273658672,13.953,3,0.017002085021851448,18.0,0.6141289449583053,0.5805736539476299,0.9561254214992702,0.9966871980362788,0.15989938123690886,0.09782813512881217,-0.040286050032828834,0.42644561574424733,2.521869357716339,0.46385418253012706,0.07879030395743378,5.887198795180723,1.7727802979795864,12.34
DoublePendulum,3.985298067514186,2,0,3.810221473882809,2.6609798545500714,0.5591104791210428,4.0234,4,0.16034448244836574,13.0,0.8277709910499458,0.7599104314257523,0.8057000363761893,0.9589304918305079,0.3182863036821856,0.1746208281754294,0.03373861112630382,0.47597723178885837,2.606770705300907,0.4086909711073109,0.1494396095462504,2.734823600973236,1.006066936892005,12.91
ExcitableCell,0.7164303367057223,0,0,2.1287842177704674,0.19124944684169679,0.7807524009298388,1.0,3,0.0071643033670572235,7.0,0.5475517995144445,0.5961483522704843,0.5183993579349081,0.9978683081182531,0.1891233411072504,0.23586075278773608,0.9869846656021053,0.6525033606574367,1.33260774276488,1.2998540657476705,1.22916597705325,1.057508985779028,0.5298369125798112,9.8
Finance,0.09354106442670211,0,0,2.172040321306389,1.922279579804101,0.7817861077722251,9.8932,3,0.009254204585862494,16.0,0.7488642914747308,0.6880271930565277,0.6716347067419808,0.9944824704928792,0.2445312014285063,0.15643081412214296,-0.008177359724175109,0.5880417296969079,1.958041500554835,0.15522515584589225,0.08831469428283291,1.7576367908694188,0.6207316840035979,9.61
FluidTrampoline,0.22311237411461174,1,1,2.8462636972682116,2.18441887672186,0.796312585554829,7.7351,3,0.017257965250139333,17.0,0.5036223820086693,0.5219294064986484,0.8299711459585069,0.40537397484700977,0.16037033631931022,0.09750846911404763,-0.040286050032829236,0.3037355739397814,2.158848107977505,0.2382557358540395,0.2214430713525326,1.0759231905465287,0.4074467748805679,12.9
ForcedVanDerPol,0.0035097622587646343,1,1,2.012828649055009,1.3243672479645296,0.39443058905146283,14.476875,3,0.0005081038949985326,2.0,0.302315308534687,0.35190931064378966,0.5221911363758253,0.35591326925964695,0.16780555763962657,0.2861597708930877,0.6651951359739496,0.3608101864251057,1.5112729022000004,0.737994043597733,0.2239981920947049,3.2946428571428568,1.2062352805892143,13.06
GuckenheimerHolmes,0.7885729042404602,0,0,2.3663164666051353,2.072148151317943,0.5385101182847213,0.3076923076923077,3,0.002426378166893724,21.0,0.6195345777338951,0.615039950357961,0.6049614869210245,0.4429353245685999,0.19099953293891633,0.13642072289930027,0.006815293295302869,0.3198472603022149,2.078618344481011,0.8039968871240638,0.4814636586431664,1.6699015028254516,0.7135357206068691,9.55
Hadley,0.2386587703845738,0,0,2.7273838319442127,2.029661693798021,0.9351389987191853,1.4541,3,0.003470337180162088,20.0,0.8074328181826314,0.7771224537675181,0.7834938483576319,0.9933969803650651,0.20780321471700128,0.14420100588455628,-0.01130510925029776,0.5022764917756514,2.1994228873831503,0.4693098029829633,0.21334536982644461,2.1997655883731833,1.015665432360453,9.5
HastingsPowell,0.012532796124563227,0,0,2.027757892627057,1.0147969186008294,0.47829796264231095,135.19,3,0.016943087080797024,6.0,0.6930934120436966,0.6516805389322378,0.6526837830240745,0.9832696946070503,0.34191539811225136,0.27550815558305847,0.5049289877400523,0.5060111808671326,1.4753038977146846,0.019588185252732357,0.005929121121598955,3.303724928366761,1.1950505980666315,9.8
HindmarshRose,0.6535393283242747,0,0,2.0405369895957373,1.646027113328854,0.8692605688019491,1.752,3,0.011450009032241294,27.0,0.7338040917257141,0.597027016676728,0.5005058026362988,0.9938397518943993,0.20967717569924127,0.1160464944017605,-0.017885324524733487,0.5754217641587699,1.7330634838921533,0.3713110768412933,0.2987404624020121,1.2429219458783043,0.3952456967889274,9.37
HyperLorenz,0.3288809596909799,0,0,3.044709906668086,2.3256965997358985,0.8026458791332332,1.277546730110058,4,0.004201607946486692,16.0,0.784022290077516,0.7570710752896888,0.7417727243168719,0.9970093374312525,0.24738008026488606,0.15890275306810323,0.0016217980803430732,0.5961791990919992,2.5792286137353497,0.5901412554478805,0.5559027835321673,1.061590754588715,0.2572822556499418,12.89
Bouali,0.06012563518102038,0,0,2.224727237508172,1.7283783962483246,0.7505556173926505,3.0411,3,0.0018284806914900108,31.0,0.6969551510385118,0.6034409740439957,0.7334748313011737,0.9751485696941431,0.20071594592379513,0.14118416669590764,-0.0019280457520535312,0.41172262567606505,1.8698827849063047,0.23659123758049277,0.1000518568595493,2.3646861238429047,0.8606452959450299,9.59
PanXuZhou,0.6132378917107628,0,0,2.0644468877116084,0.7715266839229182,1.0993195372407014,1.7829,3,0.010933418371311189,9.0,0.5570752632961925,0.5963850823703277,0.5649927994333577,-0.2934411654973851,0.2827276501430551,0.15515220166116567,-0.36593550632792454,0.44756960271809404,0.3832624876215275,0.22393759094791937,0.13984716932359118,1.6013022789882296,0.47081722255656544,10.56
SprottP,0.1064676723437159,0,0,2.2122245136720187,1.9850786402587843,0.8486396469370624,5.3414,3,0.005686864250567241,21.0,0.7383438389671736,0.6859640987666636,0.674789002366645,0.9508176342608636,0.2111413080014699,0.13643173114642512,-0.002507819593059936,0.47711621440916985,2.028165957736083,0.10148353758803055,0.08562301930821396,1.1852366151995186,0.46625657712120505,9.62
HyperRossler,0.1718849632568779,0,0,2.916384112225743,1.8918979971680174,0.9144754695112332,1.1157476694793766,4,0.0019178024717240983,117.0,0.6071689465385025,0.6179687716783757,0.6585830465819245,0.847037684464677,0.14135844279361912,0.12023889853974194,0.013306979098504899,0.38157897569816357,2.1331952548755857,0.08708302960887476,0.1288278476162384,0.6759643292984597,0.4907984039550348,12.88
SprottK,0.05962593786799159,0,0,2.0417036451446204,1.817781482577807,0.6562812206790845,7.006,3,0.004177393207031491,19.0,0.6340752546608668,0.6159917116644954,0.5965866656266309,0.6111174787103051,0.20776086743710587,0.13476787720941327,-0.0018941387769083376,0.16951717035440902,1.6124940275432198,0.08069838769751136,0.04290072558378937,1.8810494834148996,0.7673376864008095,9.55
RabinovichFabrikant,0.2541443669572464,0,0,2.36076141745315,2.0781334886735414,0.9189339042839536,2.3356,3,0.005935795834653447,22.0,0.75263447536608,0.7169047707100599,0.7423878034018014,0.9817178241324681,0.209084100849199,0.1425257010996777,-0.01706124673263875,0.5398607051342988,2.053585855977351,0.27403026951102094,0.16554164377656425,1.655355493998154,0.5803292912133751,9.57
SprottD,0.10170941886932346,0,0,2.0807565309303526,1.950013918317399,1.0030259093693934,4.8333,3,0.004915921342211011,21.0,0.8110305341202789,0.7216889574558638,0.6968091890783876,0.9901575840781656,0.2204510621046106,0.14260369825530714,-0.02835811732211404,0.5172383676374092,1.9450278254601472,0.07850380475959051,0.07612709043695653,1.0312203488796439,0.4818043838084818,9.61
SprottI,0.023218704376506836,0,0,2.019844528960972,1.5880853049819768,0.5893805046352655,10.93,3,0.002537804388352197,18.0,0.6701707789276017,0.6450221646487986,0.6376906538638837,0.2127508748266407,0.22619865550533932,0.1425728746854066,-0.0025748134164313204,0.22460580634090746,1.50901188475699,0.05628306404411438,0.04069971702537548,1.3828858812218026,1.3367550812880427,9.67
SaltonSea,1.0702552017260383,0,0,2.0843843542474496,1.699295461860061,0.9335269725171643,0.96738,3,0.010353434770457349,25.0,0.7599247581336254,0.699205714227181,0.7131628176237242,0.9847567597096163,0.2070125735990125,0.13605123308199765,-0.005321573747918948,0.4688837290316277,1.8421657974733585,1.1661612585394883,0.3224179083919084,3.6169245819992883,1.3313955792793783,9.5
SprottN,0.11869612209728901,0,0,2.028951405806632,1.7798181024992923,0.6385218945868028,4.8135,3,0.005713437837153007,19.0,0.6448717776903373,0.6283124516712014,0.6280486066094818,0.7163643251081293,0.2116623955683027,0.14234401476730243,-0.0022725674219462163,0.1701901749321354,1.6195863068122518,0.12416704480191364,0.04659964212014647,2.664549321683146,0.9800349332544793,9.55
SprottM,0.08422043130700084,0,0,2.04996202872584,1.5501956414464297,0.7481178461456197,5.3644,3,0.004517920817032753,22.0,0.715612317813263,0.6871702336355566,0.7034522171892201,0.9469615922693257,0.22987236804042907,0.14443825953628872,-0.003669356259429835,0.4176922824699017,1.522182566920678,0.1271775924481918,0.04491091114057507,2.831774934383202,1.0409037003510657,9.58
SprottJ,0.12290789099642041,0,0,2.0221468017281006,1.7631890086601887,0.6352974298685767,4.836,3,0.005943825608586891,19.0,0.6457898188819123,0.6296464784724027,0.6297427840295584,0.7764134681376668,0.2120698898446599,0.1424101016789572,-0.0021434585877089093,0.17129389741810686,1.622533054313339,0.11213112196794019,0.05441904037129185,2.060512666208162,0.8127194512021361,9.53
SprottE,0.09016067590084897,0,0,2.0894640654250147,1.5319512189227282,0.8387888716672988,7.6275,3,0.006877005554337256,18.0,0.720255335543798,0.7272871723880859,0.7129834262544226,0.9966971270686931,0.22132044156251887,0.15793007342690243,-0.020863382604690495,0.615096644631853,1.4676456683280792,0.17162370777919717,0.1027317041195496,1.6706011960969465,0.6846188952487176,9.54
SprottG,0.09067832253388744,0,0,2.0519020031307744,1.4356008167477212,0.6185493944257671,8.7097,3,0.007897809857733994,13.0,0.7299787439517109,0.6597224209705645,0.6637218557633482,0.638169801619471,0.2568079003210085,0.1423667808579101,-0.0033062459419836167,0.39472104241354217,1.5735614831633733,0.09607648955514023,0.033250942034681714,2.889436619718311,1.0610615418468798,9.59
SprottA,0.012993052652429771,0,0,60.66528307527488,1.9642234277909487,0.5748267225365974,6.3728461538461545,3,0.0008280272562275763,16.0,0.7284234072114932,0.705926560951605,0.7418225040886538,0.0780565548858244,0.21834918592018726,0.13885594065360787,-0.0022441167624700597,0.21032372627589094,2.16660723184924,0.25656613925455657,0.08066678632222107,3.180567256388655,2.4540700493888767,9.72
SprottR,0.09661415277799693,0,0,2.071744469374985,1.831336989240481,0.5877166245477188,7.0133,3,0.006775840376779259,15.0,0.6738117105083147,0.6458560369753217,0.6741915210165652,0.9900685723597988,0.22056247889708758,0.1425936462543598,-0.003838826437365597,0.48506031887689094,1.6370086575108875,0.11781056040521466,0.07406012936176447,1.590742028409655,0.4670689607713294,10.61
HyperWang,1.2930140887300063,0,0,3.105321722354005,2.384028593490252,0.9969261837212393,0.6481520567576332,4,0.008380697410269505,23.0,0.8247770484127568,0.7969636133852092,0.8149624313021434,0.9986916864845283,0.20974458824756237,0.14157492739711472,-0.0041978503155886,0.5677752667644191,2.7249737446755318,2.1666988152281204,0.817183364378119,2.651423058369513,0.9750964990218398,13.59
NewtonLiepnik,0.14945341784639976,0,0,2.2206092778719664,2.0051574625339903,0.6322918700854281,8.5095,3,0.012717738591639386,10.0,0.779095607603928,0.7661132511533851,0.785496570059269,0.9984130240561847,0.25376414289932636,0.16611037371791185,-0.015258433749887796,0.6479634080917965,1.9393056045914892,0.16016567946596422,0.13012090800977472,1.230898876404494,0.5136938190911755,9.77
SprottC,0.15806924766944033,0,0,2.1529236029587073,1.903676120558973,1.14839462464542,8.8852,3,0.01404476879392511,18.0,0.8524499877209332,0.8391017738724825,0.8596104724521657,0.9987131280284607,0.24725421457565064,0.1458526413197672,-0.006049175524965653,0.6044391022782626,1.9024144020220501,0.1036045586729251,0.08945410326708675,1.158186767169179,0.3545726519185153,9.64
SprottQ,0.17169784338063596,0,0,2.2246852931286063,1.831711145721785,0.8105158145249107,4.8443,3,0.008317558626888146,18.0,0.7210047902793724,0.675131411446109,0.6879632091767436,0.7393139110422103,0.22668079046960024,0.1429701754117332,-0.003787204219464727,0.40802780749031314,1.8435316880002075,0.1156180155917601,0.05053332379406099,2.287955885564533,0.8634975916013121,9.55
KawczynskiStrizhak,0.0757060839542753,0,0,1.4235221965773541,0.49778489205270265,0.5935098791328474,10.991666666666667,3,0.008321360394640761,33.0,0.7205421309638552,0.6559578952238342,0.6179275749356965,0.9880568456579538,0.24558108449264848,0.1489836314485612,-0.005175176814394094,0.40389517196695773,1.7497421654552014,0.03061468742721373,0.029630519747283326,1.0332146613803708,0.33695436988476635,9.41
IsothermalChemical,0.450090505359164,0,0,2.0385823810364654,1.0903385466106001,0.6589422003608746,0.7302799999999999,3,0.0032869209425369023,20.0,0.5895147320354885,0.5857675121243789,0.6163925837574533,0.5908581945976747,0.19608006365956618,0.13390257692921062,-0.0021471239135684712,0.25429576154811473,1.2317443529193184,2.0603892051156993,0.9762433809787938,2.110528219971056,1.5846765565258236,9.69
ShimizuMorioka,0.03577425334463406,0,0,2.0312187919639926,1.7168454070369197,0.7156563118943259,12.038,3,0.0043065046176270485,15.0,0.7729588286312611,0.7380140763659778,0.7361899711690144,0.9945149632947611,0.23214712372546278,0.15097772122537303,-0.006674327130636154,0.5168962158127238,1.6303752676749201,0.1698958765798271,0.06511725033200588,2.609076330981398,0.9589962625228627,9.67
PehlivanWei,0.10415076085878888,0,0,2.1563635563177295,1.7200323215068793,0.6547493000137818,3.7487330316742087,3,0.003904333975053432,12.0,0.6626938798569951,0.6614300008686691,0.7611078626045913,0.49589942694027145,0.22133122111493905,0.14014785743067976,-0.0023464596786286554,0.2902067982252759,2.0684175916065834,0.34139903750907996,0.15476184868375623,2.2059638109305757,0.9501758711387707,9.64
RikitakeDynamo,0.1318127385277225,0,0,2.0672834652602137,1.9056463792003642,0.9664471212975273,5.8975,3,0.007773656254672434,15.0,0.7375038680212538,0.7037763919797828,0.7573257876178406,0.998915962830325,0.2161717605095348,0.14742356910249546,-0.009517822169937674,0.561555619858205,1.7437190467618826,0.32216996146295357,0.13929762942815224,2.312817258883248,0.894543270451069,9.66
NoseHoover,0.010464383779400952,0,0,6.213204677134776,1.9624149541987226,0.5656074689683536,5.8673,3,0.0006139767894887921,15.0,0.6888426611118903,0.6580170460352375,0.7379025145323391,0.9633817149131745,0.21136739512181482,0.14041936798571344,-0.005282499553965503,0.3786935541018807,1.990010486562784,0.21796556113143478,0.08540562742326958,2.552121771217712,1.5398518233836955,9.64
ZhouChen,0.6828000288089435,0,0,2.045920730005392,1.6212203970681585,0.7337896982114851,0.87518,3,0.005975729292130111,53.0,0.8481827917630526,0.825188042340356,0.8646251004698806,0.9983910068060065,0.20213816603713428,0.2656527910179293,0.040685628002762354,0.6135782936310991,1.7579747451479182,1.154064835921336,0.5993229508542246,1.9256142857142862,0.7592425249333851,9.64
OscillatingFlow,0.13470179997834794,2,1,2.962629189215532,2.346659533315372,0.6177682255070645,23.857,3,0.032135808420834466,1.0,0.38697845054116176,0.32326449846478494,0.14847879828187738,-0.040286050032827966,0.1816122246827628,0.09928674719566317,-0.040286050032827966,0.35638006945213413,2.2944514967198657,0.4729761206958532,0.08869269116511984,5.332751937984496,1.6738674160015652,15.59
SanUmSrisuchinwong,0.2606135207962152,0,0,2.194219372064799,2.067524991580239,0.9947542017597873,7.4654,3,0.01945584178152065,21.0,0.8592638070393761,0.8217471175260073,0.8942243428049169,0.9988948487315654,0.2398194599992092,0.14393896960055055,-0.038542337212794556,0.6137669079561685,2.0962693329878315,0.11156631029135294,0.09788925954222852,1.139719626168224,0.20321327902262176,9.78
SprottO,0.09141077854590315,0,0,2.2474645346215256,1.710108209511237,0.4161154943097029,9.755,3,0.008917121447152853,10.0,0.6388016586772629,0.6263001931821416,0.6622368682925285,0.1767103861384775,0.2671596604568554,0.15014866660474366,-0.002565190536156026,0.07923531894453245,1.6098446383432246,0.0735799376200037,0.02519701409933241,2.9201848016568435,1.2765398130692316,9.74
LuChenCheng,0.2612775880231121,0,0,2.0293036172873244,1.7225991312358646,0.6029763775293518,0.92333,3,0.0024124543534938007,15.0,0.5952591260903466,0.5843005651863532,0.5720447752311947,0.9546064740590494,0.20400718281132546,0.1397052192993524,-0.004134597608448094,0.4145421626632102,1.6038366433237485,1.0007157889740248,0.6950423217609885,1.4397911575205509,0.6430342134119587,9.49
Laser,0.6080602180196161,0,0,2.049321615812801,1.7191054642322454,1.004437967414151,0.94667,3,0.005756323665926299,16.0,0.661588581164431,0.6525489803535188,0.6545306725063559,0.9966012446554746,0.21869965723261434,0.16172933590238567,-0.013383141374174201,0.5965520050774804,1.602765266811706,1.5479460955814006,1.337546319607262,1.1573027960900206,0.3545016206165673,9.77
SprottB,0.20674275256006883,0,0,2.1852994894688953,1.9347401711496346,0.8826029903839796,11.050142857142857,3,0.022845369504676978,12.0,0.8047849794780065,0.766168147690717,0.7763371228301276,0.999121015242632,0.26891489952306463,0.16650162612826783,-0.005667239399224566,0.6690193158918513,2.0226383899045164,0.12117801040157189,0.10944014075916383,1.107253787878788,0.2123673698309676,9.79
Qi,2.1916060472989556,0,0,2.498645226832379,1.8913519055600239,0.8855652233700573,0.40820999999999996,4,0.008946355045679066,21.5,0.7557779980514068,0.6856089057011605,0.7232452984315566,0.9954836174802701,0.2161643694222952,0.1430819889228705,-0.012557813059458679,0.5879981850349141,1.9415098386780794,1.44090473149442,1.750983417912303,0.8229116945107399,0.31578779262165313,12.9
SprottS,0.2737629235389973,0,0,2.182390107009358,1.909825606415139,0.6690400524585065,3.3505,3,0.009172426753174104,19.0,0.7089020083746407,0.6665619596841239,0.6564032449746605,0.9617313011991293,0.2175452243235284,0.14451093825977562,-0.0034333061100991834,0.4838180704956789,1.9987426998818296,0.20005629605477143,0.1072141975634295,1.8659496652615917,0.6237701273890845,9.64
HyperQi,12.787249321134263,0,0,3.2816770286126777,2.0678487037707702,0.9988440965886223,0.06186038560173437,4,0.007910241737908816,40.5,0.8160516198108417,0.8177894729518818,0.9374141826041055,0.9971338738322215,0.23003372627533025,0.3367368048509507,0.037856611597097536,0.5907788285014942,2.4731176606268264,22.03544781974421,10.328005422542375,2.1335627663061287,0.7577932426207821,12.82
SprottMore,1.0946909441433958,0,0,2.999952495039482,2.234865750080784,0.6370154977546665,6.62095890410959,3,0.0724790375387435,21.0,0.8089856088346769,0.7493138859710097,0.7477279277605522,0.9880541374237645,0.25336378834096235,0.16060945532192997,0.041326914865323305,0.4873557188963579,2.59535391062512,0.3198264192171646,0.11700457992782179,2.7334521384928716,1.1400531630356303,9.75
WindmiReduced,0.403521000622694,0,0,2.0947817139683895,0.9743571353772181,0.5896070173085494,4.6733,3,0.018857746922100363,17.0,0.5689525323008396,0.568265489126493,0.6306236588374735,0.9454497802682766,0.1833222174877129,0.19417959941511787,0.0020301860496936106,0.4457791166196447,1.491913930957916,0.5335277388291586,0.2920657264086106,1.8267386091127098,0.9087080994067586,9.51
Rossler,0.15059688939547888,0,0,2.0146095059018845,1.796820702938341,0.605878349292794,5.9086,3,0.008898167806821265,19.0,0.6109093992656525,0.5876782861872888,0.6382424612562844,0.7145939566552008,0.21425349555185955,0.16525471362967467,-0.0018108584702657214,0.32853474886722994,1.789482387366036,0.11082813078990125,0.08083485026088576,1.37104393008975,0.3155724424371815,9.64
SprottJerk,0.08785190282162628,0,0,2.031190248069004,1.1444423838257205,0.5314887786603959,11.921,3,0.010472825335366068,16.0,0.5898940280347383,0.5774263655190056,0.5975852087032658,0.8205734816098955,0.20868142716102223,0.13792694698874355,-0.004702622945252496,0.4264236249941169,1.197766639699349,0.1124662539928717,0.05464760649841605,2.058027079303675,0.7217477953931604,9.53
LorenzBounded,0.7124135270827626,0,0,2.0704391073439155,1.9641115851657072,1.1983193915488475,1.3716,3,0.009771463937467171,22.0,0.7802331339482776,0.745144170104298,0.8220094180116907,0.9987657348395387,0.23841265281826837,0.14616871946259694,-0.004953126442930042,0.5619527581254757,1.837397366359531,1.095878732044509,0.5211205460965159,2.1029275092936808,0.8496185854946852,9.55
HyperPang,1.4465315511406867,0,0,3.08902125132107,2.409444534598458,0.9172158388570456,0.8439374360017028,4,0.012207821283652371,18.5,0.8766423801843061,0.8329847669159629,0.8467746472506239,0.9984893155865436,0.22997009354853595,0.14940335547741457,-0.009558825446396158,0.5904569245326868,2.653588135663439,1.9701956584425175,1.0384473481570642,1.8972513743128432,0.647336082808291,12.88
Rucklidge,0.1936356650629198,0,0,2.055660980653234,1.9824460344125072,0.6441822675461503,6.0721,3,0.011757751218285551,12.0,0.8075597015692177,0.7590888159690362,0.8089755069275053,0.9979809215707504,0.2531486572149964,0.15596829018138011,-0.010223315235815995,0.6004074326931379,1.9742872792248942,0.14992417647595588,0.21350273195486563,0.7022119815668203,0.41374526190320515,9.67
HyperXu,0.9819830018599975,0,0,3.0909471864561056,2.305709840802521,0.9312323303231519,1.1328151255687646,4,0.011124051975584255,18.0,0.8456861624381751,0.7959935446423644,0.8400232746309719,0.998019421131089,0.24798804376512334,0.15726394607507793,-0.014115050930452993,0.5655655070914769,2.743532485074892,0.8265673147486714,0.8747394293990229,0.9449297550432275,0.1314493705124278,13.09
ItikBanksTumor,0.03621509684991421,0,0,2.0152772613355485,1.0127192656492157,0.5883298730506914,49.74,3,0.018013389173147328,10.0,0.6385927750595336,0.6261911866682003,0.5959459123089784,0.9987279107452476,0.21923438519877844,0.18121158322625527,0.11943203293350407,0.6673764377332976,1.165074224725567,0.06657041909905508,0.04113773500044929,1.618232484076433,0.5632488527853039,9.93
SprottL,0.09216197583296963,0,0,2.0329815956000377,1.410583582611956,0.5605870039438788,6.7262,3,0.006198998818477203,13.0,0.7374922161176137,0.7049001617945905,0.6809054180634516,0.6582339437136129,0.28871200940805203,0.1669784394383571,-0.0030360611881173434,0.2872507914809395,1.4287291045214507,0.1258776355371191,0.04927958442323494,2.5543566775244306,1.0149039617674225,9.81
Sakarya,0.26501036485491514,0,0,2.245095314885476,2.055704010721625,0.6082767822064958,4.9844,3,0.01320917662582839,10.0,0.7739000917150607,0.7892603850877821,0.7987963349885465,0.9965258104019731,0.2764370491241183,0.19037465149477462,-0.048044412307382406,0.6466808292708498,2.051810204293379,0.2797250561936931,0.16856159230373197,1.6594827586206893,0.6389714464579206,9.91
RayleighBenard,1.8138795790741327,0,0,2.1059475747031655,1.9218207098924294,0.9190517908569512,0.91967,3,0.016681706324871075,15.0,0.8228415853818406,0.7741364255213942,0.8313002733859022,0.9985914673079248,0.2623378627016493,0.15853679732188586,-0.01151056355877624,0.6355713551914977,1.9351669471878732,2.038809882285534,1.5071311998450134,1.3527753141167778,0.561531384170179,9.77
Tsucs2,0.13621488344499086,0,0,2.315349160163322,1.4738205303007272,0.3913632586715302,0.34526,3,0.00047029550658217543,12.0,0.6968021791841778,0.7114629224388066,0.7688993738530598,0.9790187643573987,0.23119719931064994,0.16774010187855726,-0.012121837782923781,0.3839875125565439,1.4369401315808867,1.0653744031759078,0.8768767336032908,1.214964843231769,0.41140879075063835,9.74
QiChen,4.0275703123027435,0,0,2.0917466081236316,1.830987290684598,0.846453868214798,0.39179,3,0.01577961772657092,13.0,0.7551388570409733,0.7129794088380915,0.7559980465186948,0.9989065742823438,0.25152690932239075,0.16141278634384615,-0.03134909757555221,0.6351406999588669,1.9407875359935063,3.8271355290842064,2.3594314896716266,1.6220583415273682,0.6149464332524702,9.64
YuWang2,1.1576066800869989,0,0,2.0619881661890873,1.5232465346725725,0.9335570471768684,0.39265,3,0.004545342629361601,34.0,0.5992750266760164,0.5755661494672745,0.5954820548173708,0.9200024510685118,0.17706329583055713,0.1194684944694734,-0.0030634047001495785,0.274824877672954,1.4716227210061459,3.1094792336424257,1.516911225639975,2.0498755504499324,0.9938472516438168,9.68
LorenzStenflo,0.3807742646421621,0,0,2.1738121741011174,2.119146547661978,1.0299236916146275,3.8877142857142855,4,0.014803415482816855,15.0,0.8309596646916424,0.7844990829518704,0.8108181972542594,0.9991033099168649,0.2692404812573784,0.16313194013455268,-0.008647015126578554,0.6091852083761589,1.966921759047324,0.4341959154938153,0.33057793164335203,1.3134449518011166,0.33029242125074065,12.73
HyperYan,1.3945968455812914,0,0,2.0711118082329567,1.7169092247689766,0.8166157518949907,0.9127028626966961,4,0.01272852533269827,11.0,0.7487412285556866,0.7047674230524212,0.7420972481296481,0.9969378600659919,0.26098106225727413,0.17718980770523615,0.0014450347646817706,0.6609633252460032,1.8588733180253099,3.3780892645438567,1.528826396449605,2.209596375617792,0.7963265713526781,12.82
WangSun,0.06735463002480017,0,0,2.0595560098996604,1.7810104871604908,0.9045422097501858,26.958,3,0.01815746116208563,15.0,0.8008944208364658,0.7978954555522947,0.7553940756502866,0.9993699752980247,0.26044984846259783,0.2725922530536585,0.47350566041919673,0.6868756914599085,1.7703133591411018,0.08991016556579211,0.08049709706532454,1.1169367448471927,0.5116040817508813,9.9
SprottF,0.1183090101484132,0,0,2.2516153966506316,2.248574151957115,0.7674306147320477,19.244,3,0.02276738591296064,13.0,0.8159606298772414,0.7321799508452682,0.7410575465721868,0.998101006382994,0.3480160798438145,0.19194724976100377,-0.013413644251634285,0.66625530382946,2.0191316987136982,0.12018073226365925,0.07530077854683467,1.5960091593065093,0.5227464368599168,9.76
HyperYangChen,0.42042732521941667,0,0,3.026605264361547,2.4394788306107964,0.9730322217427024,0.9127028626966961,4,0.003837252232836765,19.5,0.7835585661672466,0.7243106445019841,0.7621880527475442,0.9973555128647602,0.22482594217640636,0.15220397104013916,-0.010280936121530616,0.5739804969469655,2.5288312784729134,0.6753953173840979,0.6205456999343657,1.088389328063241,0.47041226508878464,13.74
VallisElNino,0.5477586276153029,0,0,2.1205065379188333,1.3112426349362432,0.9058707360850027,2.2087,3,0.012098344808139195,13.0,0.7952831658832996,0.760732316343121,0.8197486784877205,0.9987128378387178,0.26020880056441387,0.15874043414725836,-0.01225059541731785,0.6017500713558025,1.9045195997952409,0.8629075789838958,0.5871391237042708,1.4696816208393628,0.5511519817305472,9.82
NuclearQuadrupole,0.29554197767663787,0,0,4.280996083113027,2.0980551223412083,0.8209529097052416,6.023076923076923,4,0.017800720655446727,18.5,0.8652716070168799,0.8082306848440868,0.7832678578083583,0.996779618433957,0.2551347300780996,0.14949034456546476,-0.014883586096331192,0.5883482411762149,2.8448184929333125,0.08696365796422681,0.15167302454386838,0.5733627204030227,0.7072025988152217,13.17
SprottH,0.13100182470690253,0,0,2.2414973487697853,2.1841850324956043,0.6325364503922819,20.229,3,0.02650035911995931,7.0,0.8025523711725268,0.7329993728398341,0.7500331124041475,0.9981592799794426,0.3498453404591899,0.2041749975925595,-0.02242244697216495,0.7005973884772082,2.0736020033424514,0.0897979952348299,0.07939376211044807,1.1310459770114942,0.44201865530351325,9.89
LorenzCoupled,1.0284398414904556,0,0,3.0408069075490425,2.3989498239642524,1.1717493753138832,1.6207,6,0.016667924511035815,24.0,0.86780347887463,0.8314676117769794,0.8219988432328138,0.9990357686703958,0.2699534901394574,0.16344403988146908,-0.011201830556438407,0.6023141914746685,2.398196152370998,1.6669191526990172,0.8473181343656505,1.9672884187082407,0.6835663527016246,19.16
Lorenz,0.8917098035724058,0,0,2.075158758095728,1.993931310517824,1.1541457906835575,1.5008,3,0.013382780732014665,15.0,0.7874286198281109,0.7451378773229539,0.8287188778437469,0.9995116086861918,0.2680405297126018,0.16179987812709226,-0.008365432970886174,0.6267179350641859,1.8735188947570007,0.7089168704258538,0.6992457220493712,1.013830829523187,0.2183920516338922,9.63
MultiChua,1.462134784614238,0,0,2.0710214570482988,1.7519423469999007,0.8118881305702679,2.2586,3,0.033023776245297176,20.0,0.6283724621726999,0.587356909594015,0.14569278282680373,0.7886868348241611,0.2147012125809072,0.14593101913735163,-0.0021594958999880598,0.3497939887119441,1.8947860718098954,0.26012329576945775,0.15338229202219167,1.6959147782967188,0.5921879665054552,12.3
SprottTorus,0.1056964344650892,0,0,2.759693065535405,1.0564310259305965,0.9562901894463037,13.607,3,0.014382113837664686,13.0,0.5931418628898546,0.6544785112923437,0.7547333756971815,0.9911911919156484,0.2408487805903786,0.22234884063523955,0.8773342365577809,0.5927489984886277,1.191578778853651,0.11074018496872538,0.0612265445740549,1.808695652173913,0.7158937509616408,9.85
MooreSpiegel,0.6976623003008144,0,0,2.3217713120052443,1.8466427700305443,0.5401952179209213,1.2887,3,0.008990774063976595,10.0,0.769736869908319,0.7281680193004728,0.6530499927344386,0.991168056053904,0.2854542813870027,0.181715425125731,-0.00678712383898831,0.573078331232931,1.7514720073566632,1.578243634721477,0.9718995887000378,1.6238751956181536,0.5366054728801601,9.69
LidDrivenCavityFlow,2.172601412109087,1,1,2.9856669109882814,2.4669485126996986,0.7815824521381879,2.7333134945588955,3,0.0593840075801548,14.0,0.5957178456571838,0.5641002337665956,0.846616673030386,0.9972560412272372,0.20769541981414608,0.12195853389477258,0.19021154297696938,0.46803365617787573,2.56959405053445,9.595383284058412,0.7640239191782818,12.559009009009008,2.5304382573706325,12.44
LiuChen,0.2457084451352168,0,0,1.2188137323261288,1.06018642946504,0.7641473604711979,8.0164,3,0.019696971795819522,4.0,0.4728256565609523,0.6286351716886223,0.7010974371399913,0.9982876475649493,0.24242592405862032,0.5972412626319638,0.9982122775189831,0.8008070093422918,1.0990894055120473,0.2859960594672646,0.251598861238418,1.1367144432194047,0.2163026749912682,10.96
YuWang,1.8525516537708415,0,0,2.1703721122420614,1.8558772226523095,0.6340382196367295,1.3366,3,0.024761205404301066,8.0,0.7231280711719915,0.6779769153595204,0.7754550171246756,0.9985938159331944,0.28041592877685023,0.2499473081291389,0.8153889321516069,0.6833273333530917,1.9852912977650599,1.5422746180258633,1.8406028050086836,0.8379182156133828,0.45378618680523175,10.18
TurchinHanski,0.12906862565697674,1,1,1.2053069221786739,1.6209562623031344,0.4989636261373046,4.40529411764706,3,0.005685852573794701,9.0,0.4839294035770337,0.46534070260349053,0.7769730146258047,0.5660339029434136,0.19744554280469553,0.10802267540151116,-0.0005190282568717951,0.2978071299023037,1.9747627218849728,0.5795363989723451,0.23189997394398187,2.4990791896869244,0.9769882806926122,12.45
LuChen,0.3266868574498627,0,0,2.0358980309317456,1.372789971167648,0.4483903807918106,2.3385,3,0.007639572161465039,8.0,0.7248321138033692,0.6588274703895275,0.6719377883881675,0.30714296235861394,0.34885970987014553,0.24099457346342246,0.001785525465054238,0.29031995810292954,1.5250226355590317,1.1400259544414486,0.20624382337106115,5.527564102564101,1.7097472307087414,9.88
Torus,0.00817284128815307,0,0,2.0,1.0422059009112339,0.47330913201518593,6.36,3,0.0005197927059265353,19.0,0.5849258558841504,0.5724750604456702,0.6023754907632407,0.012558780132756332,0.6117217904639815,0.5667320523711371,-0.002421488950188942,0.18706412283769247,2.1822445889107303,4.153951940411055,3.257035114320569,1.275378310214376,0.292791945604052,10.81
Thomas,0.6324054000339867,0,0,2.1271136075295507,1.6488268116215494,0.9921951854111759,4.969,3,0.0314242243276888,22.0,0.9322765029855454,0.8766984671495949,0.8797652145266615,0.9984154914280644,0.4033521230542683,0.22210520221941596,-0.001430895914525966,0.621143752927095,1.3470408486588346,0.6595475214033345,0.4873163345914594,1.3534278959810875,0.4583685236026237,9.49
JerkCircuit,0.2922722771543928,0,0,2.5082428902531144,1.836822800294913,0.38139916676685187,19.4546,3,0.0568604024312785,9.0,0.6719101722043344,0.6239850585411307,0.6233278918126609,0.8023947888521081,0.36354901305748255,0.3194279439617234,0.8627141481975723,0.4659206026158418,1.6185000499967117,0.10881872032240111,0.11952684636971292,0.9104123770304279,0.31616283172451976,10.47
StickSlipOscillator,0.06406131604734494,1,1,5.682155291949877,1.7159805502964127,0.9213029740441252,1.6129,3,0.0010332449665276266,54.0,0.396003045883959,0.39514785219373927,0.5752409004061384,0.1979759556837508,0.11462375401492331,0.09462145042920589,-0.0019895153014467494,0.16088716014491442,2.039018282511289,0.8698483656291789,0.1310064741313279,6.639735718382866,2.3320493893602214,12.71
Lorenz96,1.3361667787286362,0,0,3.1698163415908196,2.2561447518650386,0.8046726640855828,2.1969,4,0.02935424796188941,11.0,0.924668635524962,0.8722395322488956,0.8676624313764616,0.9987245035268766,0.3917342891716359,0.2119005517786138,-0.0033703864544146005,0.6704529167267812,2.2590800211233786,0.857650658355352,1.2553507345591963,0.6831960461285008,0.44784071032213485,12.8
Lorenz84,0.46146683857936616,0,0,2.4449761695022096,1.8667731027742769,0.6685802317710752,6.2586,3,0.028881363559328212,4.0,0.8729190047289666,0.8377275855135626,0.8057787787248368,0.9988323089855812,0.4602536463482651,0.3955618777390602,0.9712939603121087,0.756675263602863,1.704789746738532,0.3796848678530279,0.5935747492625203,0.6396580520393813,0.6120501765315028,10.43
ThomasLabyrinth,1.390858033637042,0,0,2.4720317677959973,2.150032278884401,1.3049872431864915,6.05,3,0.08414691103504103,37.0,0.9880028720708475,0.9714538580774358,0.9729637804661962,0.9991347165250348,0.4386816892867575,0.26139168948053637,-0.009773448428235722,0.6104776044462463,2.5708920033789946,0.9000173950524812,0.6232263748544048,1.4441259731068652,0.3675042756592087,9.55
