density_kl,dim,diverged,final_train_loss,lyap_max,lyap_time_per_step,n_params,n_train,nrmse_1,parrot_err_10,parrot_err_final,parrot_vpt_lyap,parrot_vpt_steps,persistence_err_10,persistence_err_final,persistence_vpt_lyap,persistence_vpt_steps,seed,smape_1,smape_all,spectrum_error,system,vpt_lyap,vpt_steps,wall_s
5.466097901797357,3,False,0.00010647877695737407,0.0035097622587646343,0.0005081038949985326,9987,8000,0.01487453134267499,1.3897699290954457,1.467568587341178,0.0,0.0,0.9069476974626167,0.8690761787782952,0.0,0.0,0,0.08246901441864998,0.8553858593248477,0.9794171464157504,ForcedVanDerPol,0.0035567272649897285,7.0,19.79
0.1496609908404652,3,False,0.00011754488351289183,0.0035097622587646343,0.0005081038949985326,9987,8000,0.022777029659800902,1.3897699290954457,1.467568587341178,0.0,0.0,0.9069476974626167,0.8690761787782952,0.0,0.0,1,0.10625129041189213,0.7927117949365099,0.33015562161332707,ForcedVanDerPol,0.0020324155799941305,4.0,14.08
3.3993582868083236,3,False,0.00012526042317040264,0.0035097622587646343,0.0005081038949985326,9987,8000,0.01913985521204947,1.3897699290954457,1.467568587341178,0.0,0.0,0.9069476974626167,0.8690761787782952,0.0,0.0,2,0.07676964454587835,0.9146023196531743,1.3866989256236855,ForcedVanDerPol,0.002540519474992663,5.0,15.96
5.292837379762406,3,False,0.00012545504921581595,0.0035097622587646343,0.0005081038949985326,9987,8000,0.021313739695456385,1.3897699290954457,1.467568587341178,0.0,0.0,0.9069476974626167,0.8690761787782952,0.0,0.0,3,0.17908940789455377,0.848204916629377,0.4334078066169929,ForcedVanDerPol,0.003048623369991196,6.0,14.32
3.3920565128402402,3,False,0.00010554475570097565,0.0035097622587646343,0.0005081038949985326,9987,8000,0.012169974263080856,1.3897699290954457,1.467568587341178,0.0,0.0,0.9069476974626167,0.8690761787782952,0.0,0.0,4,0.05570530911788305,0.6638504871560837,1.1626306233180321,ForcedVanDerPol,0.003048623369991196,6.0,13.9
0.19225766573810324,6,False,4.658405730879167e-06,0.010172128409635746,0.020823364067365336,9957,8000,0.0021103512965703892,0.06529113943176754,0.8041483987420471,1.5201055769176695,73.0,0.7390689736058298,1.411175249302901,0.08329345626946134,4.0,0,0.002197429002313339,0.17541534438429157,1.0896082783986218,CellCycle,2.644567236555398,127.00000000000001,14.38
0.03151218805398585,6,False,3.326870464661624e-06,0.010172128409635746,0.020823364067365336,9957,8000,0.0018558295198622037,0.06529113943176754,0.8041483987420471,1.5201055769176695,73.0,0.7390689736058298,1.411175249302901,0.08329345626946134,4.0,1,0.00236258819533712,0.16078264001317283,0.6032423709821242,CellCycle,3.227621430441627,155.0,16.39
0.01474130783436129,6,False,3.702706944750389e-06,0.010172128409635746,0.020823364067365336,9957,8000,0.0016559521132638024,0.06529113943176754,0.8041483987420471,1.5201055769176695,73.0,0.7390689736058298,1.411175249302901,0.08329345626946134,4.0,2,0.002091899942332772,0.20497362697310278,0.7140163184281066,CellCycle,2.3738635036796483,114.0,16.09
0.01609485212092737,6,False,3.3896479835675563e-06,0.010172128409635746,0.020823364067365336,9957,8000,0.0016235926174758628,0.06529113943176754,0.8041483987420471,1.5201055769176695,73.0,0.7390689736058298,1.411175249302901,0.08329345626946134,4.0,3,0.0024104675521021512,0.1833405602434345,1.077481249982353,CellCycle,2.852800877229051,137.0,16.64
0.15314057785582516,6,False,3.879334111843491e-06,0.010172128409635746,0.020823364067365336,9957,8000,0.0018074930110533727,0.06529113943176754,0.8041483987420471,1.5201055769176695,73.0,0.7390689736058298,1.411175249302901,0.08329345626946134,4.0,4,0.00208816136595311,0.19394470274701958,0.4362793802630616,CellCycle,2.290570047410187,110.0,14.32
0.0023177977829435033,4,False,1.3604168611891508e-07,0.03551120315239528,0.0022620636408075797,9979,8000,0.00039811828883166473,0.015971908299716342,0.034474295665712355,0.45241272816151595,200.0,0.6184583971604731,0.8162751486103171,0.013572381844845478,6.0,0,0.0010401963379546497,0.042448065081502964,0.2375169853424612,HenonHeiles,0.45241272816151595,200.0,15.12
0.03275761538739261,4,False,1.4344597730087115e-07,0.03551120315239528,0.0022620636408075797,9979,8000,0.00040479424114720186,0.015971908299716342,0.034474295665712355,0.45241272816151595,200.0,0.6184583971604731,0.8162751486103171,0.013572381844845478,6.0,1,0.0010196421127334038,0.04889276293870081,1.0462226372598598,HenonHeiles,0.45241272816151595,200.0,14.7
0.005174582903982334,4,False,1.2578179018873926e-07,0.03551120315239528,0.0022620636408075797,9979,8000,0.00037194467960678526,0.015971908299716342,0.034474295665712355,0.45241272816151595,200.0,0.6184583971604731,0.8162751486103171,0.013572381844845478,6.0,2,0.0010020328605631792,0.03878031467022277,0.29921880052475447,HenonHeiles,0.45241272816151595,200.0,17.94
0.004778643105932832,4,False,1.0212257041075645e-07,0.03551120315239528,0.0022620636408075797,9979,8000,0.00032742564146258666,0.015971908299716342,0.034474295665712355,0.45241272816151595,200.0,0.6184583971604731,0.8162751486103171,0.013572381844845478,6.0,3,0.0010000277610499703,0.03255473248468133,0.2707116378805069,HenonHeiles,0.45241272816151595,200.0,18.1
0.03605001390157953,4,False,1.5288690690340446e-07,0.03551120315239528,0.0022620636408075797,9979,8000,0.0004261002336026675,0.015971908299716342,0.034474295665712355,0.45241272816151595,200.0,0.6184583971604731,0.8162751486103171,0.013572381844845478,6.0,4,0.0011728417885919233,0.05053961318482127,0.7770866800721574,HenonHeiles,0.45241272816151595,200.0,16.29
0.04781235089152009,3,False,5.666515058692312e-06,0.07681730213975516,0.0058979556409882615,9987,8000,0.0016949497207805531,0.09607331295614514,0.8096803811614977,0.22412231435755395,38.0,0.7868161993502989,1.057698352579952,0.023591822563953046,4.0,0,0.0025882333797585147,0.17000152144208344,0.4177694981039273,Bouali2,0.3892650723052253,66.0,15.43
0.0945586500726338,3,False,4.923438449623063e-06,0.07681730213975516,0.0058979556409882615,9987,8000,0.0015324001685185131,0.09607331295614514,0.8096803811614977,0.22412231435755395,38.0,0.7868161993502989,1.057698352579952,0.023591822563953046,4.0,1,0.006164170330045568,0.16031093591278286,0.7061865269831138,Bouali2,0.4246528061511548,72.0,14.18
0.5532135359251106,3,False,6.357149243740423e-06,0.07681730213975516,0.0058979556409882615,9987,8000,0.0017594101955552245,0.09607331295614514,0.8096803811614977,0.22412231435755395,38.0,0.7868161993502989,1.057698352579952,0.023591822563953046,4.0,2,0.004835163642115562,0.19922998875312642,0.44706677244688126,Bouali2,0.40106098358720177,68.0,14.59
0.7346512592480755,3,False,6.672387500657351e-06,0.07681730213975516,0.0058979556409882615,9987,8000,0.0025234890150076256,0.09607331295614514,0.8096803811614977,0.22412231435755395,38.0,0.7868161993502989,1.057698352579952,0.023591822563953046,4.0,3,0.007474122490661577,0.21240088568510884,0.6321569009081519,Bouali2,0.5072241851249905,86.0,14.48
0.34368803298322015,3,False,5.481760609654885e-06,0.07681730213975516,0.0058979556409882615,9987,8000,0.0025349665340546213,0.09607331295614514,0.8096803811614977,0.22412231435755395,38.0,0.7868161993502989,1.057698352579952,0.023591822563953046,4.0,4,0.004121031830193123,0.19523247252819567,0.937944364707664,Bouali2,0.3951630279462135,67.0,14.17
2.4896088407248635,3,False,5.262864610995166e-05,0.12185254082886439,0.017002085021851448,9987,8000,0.00796599753352059,1.393498810461655,1.784558697315724,0.0,0.0,0.5555552811881751,1.0998014365365878,0.11901459515296013,7.0,0,0.030964864421340544,0.6984650855641374,2.3672190338884445,DoubleGyre,0.44205421056813765,26.0,14.58
5.330466706198105,3,False,5.21704220736865e-05,0.12185254082886439,0.017002085021851448,9987,8000,0.007262555161284008,1.393498810461655,1.784558697315724,0.0,0.0,0.5555552811881751,1.0998014365365878,0.11901459515296013,7.0,1,0.039908581743978565,0.8561727937080518,3.1769537672702093,DoubleGyre,0.44205421056813765,26.0,14.5
0.8552493961304585,3,False,4.9252837721724064e-05,0.12185254082886439,0.017002085021851448,9987,8000,0.006641583500780276,1.393498810461655,1.784558697315724,0.0,0.0,0.5555552811881751,1.0998014365365878,0.11901459515296013,7.0,2,0.023990443942683643,0.7062752639975571,1.2166079987554437,DoubleGyre,0.44205421056813765,26.0,14.29
1.2897185002452243,3,False,5.051029621972703e-05,0.12185254082886439,0.017002085021851448,9987,8000,0.007284599339576686,1.393498810461655,1.784558697315724,0.0,0.0,0.5555552811881751,1.0998014365365878,0.11901459515296013,7.0,3,0.026238387427236706,0.7640998980567991,2.889232121926097,DoubleGyre,0.4590562955899891,27.0,14.38
0.9607814298022209,3,False,5.056917932233773e-05,0.12185254082886439,0.017002085021851448,9987,8000,0.007173203534401014,1.393498810461655,1.784558697315724,0.0,0.0,0.5555552811881751,1.0998014365365878,0.11901459515296013,7.0,4,0.032487178003161726,0.7763115918676413,1.0704724433987824,DoubleGyre,0.44205421056813765,26.0,14.0
3.902055436076522,3,False,0.0002948248762404546,0.14026545752865122,0.010449215524054402,9987,8000,0.021370643681261535,1.3190027454795976,1.6191439706474238,0.0,0.0,0.5450952463538417,1.1512474724969148,0.06269529314432641,6.0,0,0.063705462308969,0.7045746712323688,1.2552334942579868,Duffing,0.16718744838487043,16.0,15.49
2.49977340966068,3,False,0.0002920377552509308,0.14026545752865122,0.010449215524054402,9987,8000,0.015613940362138147,1.3190027454795976,1.6191439706474238,0.0,0.0,0.5450952463538417,1.1512474724969148,0.06269529314432641,6.0,1,0.05956410546349985,0.6004264662658692,0.6123151801470071,Duffing,0.24033195705325125,23.0,14.32
1.7500336544308148,3,False,0.0002929261580575258,0.14026545752865122,0.010449215524054402,9987,8000,0.019733200827832163,1.3190027454795976,1.6191439706474238,0.0,0.0,0.5450952463538417,1.1512474724969148,0.06269529314432641,6.0,2,0.06366576540688146,0.7024931813179356,0.5375607477699217,Duffing,0.20898431048108804,20.0,14.18
3.3114995702835777,3,False,0.0002906048186123371,0.14026545752865122,0.010449215524054402,9987,8000,0.02271574377677732,1.3190027454795976,1.6191439706474238,0.0,0.0,0.5450952463538417,1.1512474724969148,0.06269529314432641,6.0,3,0.07273207430217503,0.7199849294463858,0.9382123283287696,Duffing,0.17763666390892482,17.0,14.06
0.37649939578310493,3,False,0.0002959280825452879,0.14026545752865122,0.010449215524054402,9987,8000,0.02053476057794873,1.3190027454795976,1.6191439706474238,0.0,0.0,0.5450952463538417,1.1512474724969148,0.06269529314432641,6.0,4,0.0662320931578002,0.7030579843251427,0.5670859591684944,Duffing,0.16718744838487043,16.0,14.53
0.12431637147716079,3,False,1.1137127276015235e-06,0.2386587703845738,0.003470337180162088,9987,8000,0.001027091650358312,0.08103217028109828,0.6268700239299713,0.38520742699799176,111.0,0.5367063660841177,1.1934982244473022,0.024292360261134616,7.0,0,0.013971277137699559,0.19838409486385564,0.8034594669665817,Hadley,0.6940674360324176,200.0,14.09
0.21447110450666282,3,False,1.1245303503528703e-06,0.2386587703845738,0.003470337180162088,9987,8000,0.0008979115159443241,0.08103217028109828,0.6268700239299713,0.38520742699799176,111.0,0.5367063660841177,1.1934982244473022,0.024292360261134616,7.0,1,0.008463260367202142,0.1985370560083227,0.81405511984741,Hadley,0.6940674360324176,200.0,14.19
0.0782889098003277,3,False,9.924081114149884e-07,0.2386587703845738,0.003470337180162088,9987,8000,0.0009329773607212764,0.08103217028109828,0.6268700239299713,0.38520742699799176,111.0,0.5367063660841177,1.1934982244473022,0.024292360261134616,7.0,2,0.0031717477342179377,0.17568320732869702,0.4644449268854609,Hadley,0.6940674360324176,200.0,14.05
0.11662995085128013,3,False,9.316306413893471e-07,0.2386587703845738,0.003470337180162088,9987,8000,0.0008872032471828182,0.08103217028109828,0.6268700239299713,0.38520742699799176,111.0,0.5367063660841177,1.1934982244473022,0.024292360261134616,7.0,3,0.004785289330749234,0.20218014122733136,0.7400962866103984,Hadley,0.6940674360324176,200.0,14.22
0.024661389781121965,3,False,1.1415020908316364e-06,0.2386587703845738,0.003470337180162088,9987,8000,0.0010221725745574622,0.08103217028109828,0.6268700239299713,0.38520742699799176,111.0,0.5367063660841177,1.1934982244473022,0.024292360261134616,7.0,4,0.011266633412526166,0.17743915319474182,0.49501860077950144,Hadley,0.6940674360324176,200.0,14.17
0.05713444833111233,3,False,2.3331295073148794e-05,0.40591521049520063,0.013348927612345168,9987,8000,0.003267470366702228,0.05988581101513831,1.3203251449787248,0.8009356567407101,60.0,1.0637959039175278,1.3362680293759874,0.026697855224690335,2.0,0,0.008107738341573835,0.5793319850652238,0.43073708742555955,Dadras,0.42716568359504536,32.0,13.94
0.0699858907290587,3,False,1.631119384910562e-05,0.40591521049520063,0.013348927612345168,9987,8000,0.0028359436716704173,0.05988581101513831,1.3203251449787248,0.8009356567407101,60.0,1.0637959039175278,1.3362680293759874,0.026697855224690335,2.0,1,0.017433691834271375,0.6261085035427201,0.4279606851564484,Dadras,0.5072592492691164,38.0,14.14
0.04140908749891003,3,False,1.505848759006767e-05,0.40591521049520063,0.013348927612345168,9987,8000,0.0025138828135297673,0.05988581101513831,1.3203251449787248,0.8009356567407101,60.0,1.0637959039175278,1.3362680293759874,0.026697855224690335,2.0,2,0.017315861678249205,0.5593879455970227,0.4620216571867539,Dadras,0.5072592492691164,38.0,16.33
0.07015317074960088,3,False,1.849351117562037e-05,0.40591521049520063,0.013348927612345168,9987,8000,0.0027320437742764064,0.05988581101513831,1.3203251449787248,0.8009356567407101,60.0,1.0637959039175278,1.3362680293759874,0.026697855224690335,2.0,3,0.015096712286549298,0.5527074497186555,0.40879031118494263,Dadras,0.8676802948024359,65.0,16.24
0.06570373719981536,3,False,2.634669066173956e-05,0.40591521049520063,0.013348927612345168,9987,8000,0.00409361922645347,0.05988581101513831,1.3203251449787248,0.8009356567407101,60.0,1.0637959039175278,1.3362680293759874,0.026697855224690335,2.0,4,0.0222400194897667,0.5829271353195523,0.4422606341088617,Dadras,0.5339571044938067,40.0,18.49
0.011515901469772017,3,False,2.189336511037254e-06,0.6963711539102683,0.010368270110569984,9987,8000,0.0014200288828413112,0.023384658576729243,0.4299912727697483,2.001076131340007,193.00000000000003,0.6671168544697351,1.0136325168801215,0.05184135055284992,5.0,0,0.0029371009114352252,0.30573249161332683,0.3169764239008562,Halvorsen,1.6278184073594875,157.0,17.82
0.021120259716510336,3,False,1.9120453180221376e-06,0.6963711539102683,0.010368270110569984,9987,8000,0.0013252670304761882,0.023384658576729243,0.4299912727697483,2.001076131340007,193.00000000000003,0.6671168544697351,1.0136325168801215,0.05184135055284992,5.0,1,0.003637547902160891,0.26134293192722874,1.4063875743296375,Halvorsen,2.0736540221139967,200.0,20.06
0.028172856124970124,3,False,1.3240771049822797e-06,0.6963711539102683,0.010368270110569984,9987,8000,0.0011344258067299397,0.023384658576729243,0.4299912727697483,2.001076131340007,193.00000000000003,0.6671168544697351,1.0136325168801215,0.05184135055284992,5.0,2,0.003237319877423138,0.26770517648656666,0.3720172049871416,Halvorsen,1.938866510676587,187.0,15.08
0.06524108150857004,3,False,1.3545185465773102e-06,0.6963711539102683,0.010368270110569984,9987,8000,0.0011156693729189896,0.023384658576729243,0.4299912727697483,2.001076131340007,193.00000000000003,0.6671168544697351,1.0136325168801215,0.05184135055284992,5.0,3,0.003133817819213725,0.2655174911835463,0.6121000296129733,Halvorsen,2.021812671561147,195.0,13.29
0.025068525405415414,3,False,2.2553203079951344e-06,0.6963711539102683,0.010368270110569984,9987,8000,0.0012865442174702349,0.023384658576729243,0.4299912727697483,2.001076131340007,193.00000000000003,0.6671168544697351,1.0136325168801215,0.05184135055284992,5.0,4,0.003211468943750189,0.3203026419913459,0.5289854172041869,Halvorsen,1.6070818671383476,155.0,13.55
0.044885694311595815,3,False,1.9747800695313344e-07,0.7885729042404602,0.002426378166893724,9987,8000,0.0004220365318846396,0.060439526764379574,0.07574397708153996,0.4852756333787448,200.0,0.48051534207042,1.0939156057615926,0.019411025335149792,8.0,0,0.0037293575056891962,0.0856769262438517,0.5456346965402651,GuckenheimerHolmes,0.4852756333787448,200.0,13.77
0.501391606889192,3,False,2.580114846750803e-07,0.7885729042404602,0.002426378166893724,9987,8000,0.0004549046880666774,0.060439526764379574,0.07574397708153996,0.4852756333787448,200.0,0.48051534207042,1.0939156057615926,0.019411025335149792,8.0,1,0.002420761475476162,0.08870387329052183,0.6227690885674887,GuckenheimerHolmes,0.4852756333787448,200.0,13.66
0.3942930722368534,3,False,2.5904542667376517e-07,0.7885729042404602,0.002426378166893724,9987,8000,0.00047522361897176424,0.060439526764379574,0.07574397708153996,0.4852756333787448,200.0,0.48051534207042,1.0939156057615926,0.019411025335149792,8.0,2,0.001994663165723665,0.08957906502385878,0.24073036508544432,GuckenheimerHolmes,0.4852756333787448,200.0,13.98
0.5741010936693581,3,False,2.7987258158646e-07,0.7885729042404602,0.002426378166893724,9987,8000,0.0005433118534219169,0.060439526764379574,0.07574397708153996,0.4852756333787448,200.0,0.48051534207042,1.0939156057615926,0.019411025335149792,8.0,3,0.0037417039830278977,0.09947086727425451,0.5672900809890188,GuckenheimerHolmes,0.4852756333787448,200.0,26.79
0.40844188734805625,3,False,2.483961584403005e-07,0.7885729042404602,0.002426378166893724,9987,8000,0.0004511326133826885,0.060439526764379574,0.07574397708153996,0.4852756333787448,200.0,0.48051534207042,1.0939156057615926,0.019411025335149792,8.0,4,0.003291907832164806,0.08426058602051911,0.379617998246848,GuckenheimerHolmes,0.4852756333787448,200.0,16.65
0.18415509836458435,3,False,3.7851202123420082e-06,2.005961349488129,0.011772786564010882,9987,8000,0.0014159521774013053,0.04927940323635232,0.861639538907139,0.7299127669686747,62.0,0.7482999951571323,1.2875134383938636,0.05886393282005441,5.0,0,0.006314821373149031,0.46021775146006555,0.753001064379499,Chen,0.7181399804046638,61.0,16.34
0.28382342694389556,3,False,2.0046596036991107e-06,2.005961349488129,0.011772786564010882,9987,8000,0.0010103164525666869,0.04927940323635232,0.861639538907139,0.7299127669686747,62.0,0.7482999951571323,1.2875134383938636,0.05886393282005441,5.0,1,0.00299888934324475,0.4052943577032568,0.6850949722499098,Chen,0.7299127669686747,62.0,18.26
0.1514824206070867,3,False,3.5401149725657887e-06,2.005961349488129,0.011772786564010882,9987,8000,0.0013958831794518498,0.04927940323635232,0.861639538907139,0.7299127669686747,62.0,0.7482999951571323,1.2875134383938636,0.05886393282005441,5.0,2,0.005022001826242657,0.44150651297413473,0.6263080720848548,Chen,0.7299127669686747,62.0,23.16
0.1654712492201746,3,False,3.012096843121981e-06,2.005961349488129,0.011772786564010882,9987,8000,0.0011587016100496885,0.04927940323635232,0.861639538907139,0.7299127669686747,62.0,0.7482999951571323,1.2875134383938636,0.05886393282005441,5.0,3,0.004866669794144194,0.48918284587635646,0.6060190163122933,Chen,0.6239576878925768,53.0,20.16
0.3410458203275524,3,False,3.893225079082185e-06,2.005961349488129,0.011772786564010882,9987,8000,0.0015500838158097896,0.04927940323635232,0.861639538907139,0.7299127669686747,62.0,0.7482999951571323,1.2875134383938636,0.05886393282005441,5.0,4,0.005619181289036147,0.44451862242658163,0.5205343894163401,Chen,0.7181399804046638,61.0,19.19
8.84372908340829,3,False,0.006309163007885218,2.863016777441748,0.07906698000368294,9987,8000,0.05719711273388068,1.7809238186104377,1.7944138287712226,0.0,0.0,0.5200460409236852,0.9638040622523276,0.5534688600257806,7.0,0,0.07692728712081255,0.4909492892695166,0.9109426465213165,BlinkingVortex,0.6325358400294635,8.0,16.99
7.327018651205054,3,False,0.006313672687858343,2.863016777441748,0.07906698000368294,9987,8000,0.05623227641333119,1.7809238186104377,1.7944138287712226,0.0,0.0,0.5200460409236852,0.9638040622523276,0.5534688600257806,7.0,1,0.07193709820192545,0.4870589809335504,1.2523772365386747,BlinkingVortex,0.5534688600257806,7.0,16.24
4.790646583531443,3,False,0.006295370567589998,2.863016777441748,0.07906698000368294,9987,8000,0.056728987183028566,1.7809238186104377,1.7944138287712226,0.0,0.0,0.5200460409236852,0.9638040622523276,0.5534688600257806,7.0,2,0.07404642121026277,0.5221328956157529,0.6104717897269838,BlinkingVortex,0.5534688600257806,7.0,16.01
6.888846265274206,3,False,0.006300828475505113,2.863016777441748,0.07906698000368294,9987,8000,0.056948298480457106,1.7809238186104377,1.7944138287712226,0.0,0.0,0.5200460409236852,0.9638040622523276,0.5534688600257806,7.0,3,0.08123658131988742,0.5889749022306817,1.1623231553918034,BlinkingVortex,0.5534688600257806,7.0,16.64
6.431807464995025,3,False,0.006302647106349468,2.863016777441748,0.07906698000368294,9987,8000,0.056138611930994654,1.7809238186104377,1.7944138287712226,0.0,0.0,0.5200460409236852,0.9638040622523276,0.5534688600257806,7.0,4,0.07450446179776572,0.5299179585156713,0.6838486969527251,BlinkingVortex,0.5534688600257806,7.0,15.95
