density_kl,dim,diverged,err_h1,err_h10,err_h100,err_h1000,err_h200,err_h50,err_h500,final_train_loss,lyap_max,lyap_time_per_step,n_params,n_train,nrmse_1,parrot_err_10,parrot_err_final,parrot_vpt_lyap,parrot_vpt_steps,persistence_err_10,persistence_err_final,persistence_vpt_lyap,persistence_vpt_steps,rollout_steps,seed,smape_1,smape_all,spectrum_error,system,vpt_censored,vpt_lyap,vpt_steps,wall_s
0.12744749580969375,3,False,0.001972840866073966,0.011689900420606136,0.15060284733772278,nan,0.645255982875824,0.1368018537759781,nan,5.565121486142743e-06,0.00732698039035783,0.008995333825242308,9987,8000,0.002010811824344307,0.022919926685132753,0.19962033252472008,1.7990667650484615,200.0,0.8320840687456578,1.7236738459240706,0.03598133530096923,4.0,200,0,0.0038823877841134957,0.20861269884898898,0.38638796204770154,CoevolvingPredatorPrey,False,0.5936920324659923,66.0,20.32
1.211440671786026,3,False,0.002336943056434393,0.009325804188847542,0.567032516002655,nan,1.939710259437561,0.14780093729496002,nan,7.047136285109445e-06,0.00732698039035783,0.008995333825242308,9987,8000,0.0023830909948136026,0.022919926685132753,0.19962033252472008,1.7990667650484615,200.0,0.8320840687456578,1.7236738459240706,0.03598133530096923,4.0,200,1,0.00402929321196588,0.3437119617103004,1.0844536012017196,CoevolvingPredatorPrey,False,0.58469669864075,65.0,16.5
1.2375664291952682,3,False,0.0023360976483672857,0.0095796724781394,15.328946113586426,nan,45.54182434082031,4.895615100860596,nan,6.1117626091800045e-06,0.00732698039035783,0.008995333825242308,9987,8000,0.002381720504119513,0.022919926685132753,0.19962033252472008,1.7990667650484615,200.0,0.8320840687456578,1.7236738459240706,0.03598133530096923,4.0,200,2,0.006843173342953497,0.46516144209037236,3.1432812187746584,CoevolvingPredatorPrey,False,0.17990667650484615,20.0,14.15
1.6198204004306611,3,False,0.00249462085776031,0.011588416993618011,0.22655436396598816,nan,1.7017782926559448,0.18104428052902222,nan,8.758182968449546e-06,0.00732698039035783,0.008995333825242308,9987,8000,0.002543601157878555,0.022919926685132753,0.19962033252472008,1.7990667650484615,200.0,0.8320840687456578,1.7236738459240706,0.03598133530096923,4.0,200,3,0.0036722234313084374,0.3085138364399223,1.273695277968422,CoevolvingPredatorPrey,False,0.5397200295145385,60.0,14.07
1.1240004676990647,3,False,0.0030196059960871935,0.05408333241939545,13.17916202545166,nan,49.06376266479492,1.1633628606796265,nan,1.3494051003362983e-05,0.00732698039035783,0.008995333825242308,9987,8000,0.0030777936186745466,0.022919926685132753,0.19962033252472008,1.7990667650484615,200.0,0.8320840687456578,1.7236738459240706,0.03598133530096923,4.0,200,4,0.0064994619772447875,0.45722480531629184,2.992001889623477,CoevolvingPredatorPrey,False,0.37780402066017693,42.0,17.13
0.012105621361947717,3,False,0.005305096507072449,0.24577833712100983,0.7477530837059021,nan,0.834920346736908,0.3154274821281433,nan,3.256333437457215e-05,0.010543274932274862,0.009446243756068489,9987,8000,0.005172285376334565,0.06582164386787871,0.6723941880968274,0.6328983316565888,67.0,1.052171719466078,0.7720823917294211,0.0,0.0,200,0,0.011115287639200083,0.40238395459253573,0.4595098291890882,AtmosphericRegime,False,0.40618848151094505,43.0,14.27
0.008887698413968439,3,False,0.005442402791231871,0.2696792781352997,0.6583070755004883,nan,0.7894183993339539,0.6818938255310059,nan,3.522426405106671e-05,0.010543274932274862,0.009446243756068489,9987,8000,0.005298374243412112,0.06582164386787871,0.6723941880968274,0.6328983316565888,67.0,1.052171719466078,0.7720823917294211,0.0,0.0,200,1,0.01179767810934085,0.4101276732824258,0.4369451904056471,AtmosphericRegime,False,0.21726360638957526,23.0,15.13
0.00845321901505531,3,False,0.005368064623326063,0.23960019648075104,0.4919937551021576,nan,0.8121132254600525,0.217769056558609,nan,4.2308188450988384e-05,0.010543274932274862,0.009446243756068489,9987,8000,0.0052244042584002025,0.06582164386787871,0.6723941880968274,0.6328983316565888,67.0,1.052171719466078,0.7720823917294211,0.0,0.0,200,2,0.010649559561625823,0.35907882611647013,0.48861498917101837,AtmosphericRegime,False,0.12280116882889036,13.0,15.58
0.009496243160076296,3,False,0.007109757978469133,0.33922693133354187,0.5117635726928711,nan,0.8703767657279968,0.38066425919532776,nan,4.5668140868656337e-05,0.010543274932274862,0.009446243756068489,9987,8000,0.006921725911311047,0.06582164386787871,0.6723941880968274,0.6328983316565888,67.0,1.052171719466078,0.7720823917294211,0.0,0.0,200,3,0.01329373185632631,0.3761808354734949,0.43148048745871354,AtmosphericRegime,False,0.12280116882889036,13.0,16.62
0.009980901978999462,3,False,0.005671157035976648,0.23386700451374054,0.524109959602356,nan,0.8910130262374878,0.3034835159778595,nan,3.8216779241338375e-05,0.010543274932274862,0.009446243756068489,9987,8000,0.005519957812791084,0.06582164386787871,0.6723941880968274,0.6328983316565888,67.0,1.052171719466078,0.7720823917294211,0.0,0.0,200,4,0.010735684416372382,0.36487069541435724,0.40417199779212587,AtmosphericRegime,False,0.5289896503398354,56.0,15.38
0.0023177977829435033,4,False,0.0003946844080928713,0.0033929150085896254,0.015307764522731304,nan,0.02657213807106018,0.010543185286223888,nan,1.3604168611891508e-07,0.03551120315239528,0.0022620636408075797,9979,8000,0.00039811828883166473,0.015971908299716342,0.034474295665712355,0.45241272816151595,200.0,0.6184583971604731,0.8162751486103171,0.013572381844845478,6.0,200,0,0.0010401963379546497,0.042448065081502964,0.2375169853424612,HenonHeiles,True,0.45241272816151595,200.0,14.36
0.03275761538739261,4,False,0.0004023717192467302,0.003420668886974454,0.017523828893899918,nan,0.0438702367246151,0.009489314630627632,nan,1.4344597730087115e-07,0.03551120315239528,0.0022620636408075797,9979,8000,0.00040479424114720186,0.015971908299716342,0.034474295665712355,0.45241272816151595,200.0,0.6184583971604731,0.8162751486103171,0.013572381844845478,6.0,200,1,0.0010196421127334038,0.04889276293870081,1.0462226372598598,HenonHeiles,True,0.45241272816151595,200.0,14.47
0.005174582903982334,4,False,0.0003700174856930971,0.0031357770785689354,0.013208070769906044,nan,0.026209015399217606,0.009281116537749767,nan,1.2578179018873926e-07,0.03551120315239528,0.0022620636408075797,9979,8000,0.00037194467960678526,0.015971908299716342,0.034474295665712355,0.45241272816151595,200.0,0.6184583971604731,0.8162751486103171,0.013572381844845478,6.0,200,2,0.0010020328605631792,0.03878031467022277,0.29921880052475447,HenonHeiles,True,0.45241272816151595,200.0,14.81
0.004778643105932832,4,False,0.000325217901263386,0.002763098804280162,0.010553158819675446,nan,0.02106085605919361,0.007262063678354025,nan,1.0212257041075645e-07,0.03551120315239528,0.0022620636408075797,9979,8000,0.00032742564146258666,0.015971908299716342,0.034474295665712355,0.45241272816151595,200.0,0.6184583971604731,0.8162751486103171,0.013572381844845478,6.0,200,3,0.0010000277610499703,0.03255473248468133,0.2707116378805069,HenonHeiles,True,0.45241272816151595,200.0,14.61
0.03605001390157953,4,False,0.00042160580051131546,0.0032366218511015177,0.017173457890748978,nan,0.03854766860604286,0.009807120077311993,nan,1.5288690690340446e-07,0.03551120315239528,0.0022620636408075797,9979,8000,0.0004261002336026675,0.015971908299716342,0.034474295665712355,0.45241272816151595,200.0,0.6184583971604731,0.8162751486103171,0.013572381844845478,6.0,200,4,0.0011728417885919233,0.05053961318482127,0.7770866800721574,HenonHeiles,True,0.45241272816151595,200.0,15.58
0.04138210357900098,3,False,0.0011836891062557697,0.012968725524842739,0.7515908479690552,nan,0.8520237803459167,0.4363293945789337,nan,2.6173053611273643e-06,0.09354106442670211,0.009254204585862494,9987,8000,0.0012469077636997736,0.054079472656817715,0.7517086760877632,0.1665756825455249,18.0,0.8621243411012973,1.325482927074261,0.03701681834344998,4.0,200,0,0.0031433968732344207,0.3645191102173597,0.39559432148502416,Finance,False,0.3238971605051873,35.0,14.14
0.01892535210647778,3,False,0.0011609659995883703,0.012318500317633152,0.6493511199951172,nan,0.7136807441711426,0.26787063479423523,nan,2.4288022605105653e-06,0.09354106442670211,0.009254204585862494,9987,8000,0.0012599889846057633,0.054079472656817715,0.7517086760877632,0.1665756825455249,18.0,0.8621243411012973,1.325482927074261,0.03701681834344998,4.0,200,1,0.0036030284660492646,0.2567982893028876,0.7122193583580462,Finance,False,0.3053887513334623,33.0,14.25
0.03331727667708966,3,False,0.0012679005740210414,0.01342853531241417,0.8061752319335938,nan,0.717467725276947,0.39285600185394287,nan,2.564685675679357e-06,0.09354106442670211,0.009254204585862494,9987,8000,0.0013583855172061828,0.054079472656817715,0.7517086760877632,0.1665756825455249,18.0,0.8621243411012973,1.325482927074261,0.03701681834344998,4.0,200,2,0.0050395167192618445,0.3376435864903796,0.7411192586417555,Finance,False,0.2868803421617373,30.999999999999996,14.04
0.05660065313259971,3,False,0.001111319987103343,0.009789559058845043,0.5223703384399414,nan,0.5462391376495361,0.47571486234664917,nan,2.1981445961500868e-06,0.09354106442670211,0.009254204585862494,9987,8000,0.0011852924596217449,0.054079472656817715,0.7517086760877632,0.1665756825455249,18.0,0.8621243411012973,1.325482927074261,0.03701681834344998,4.0,200,3,0.0038981784759272776,0.2373427308558521,0.5460299860035555,Finance,False,0.34240556967691227,37.0,14.2
0.006306514447288615,3,False,0.0010599843226373196,0.011236426420509815,0.6307018399238586,nan,0.9483916759490967,0.349019318819046,nan,2.0445400077733212e-06,0.09354106442670211,0.009254204585862494,9987,8000,0.001135326592845455,0.054079472656817715,0.7517086760877632,0.1665756825455249,18.0,0.8621243411012973,1.325482927074261,0.03701681834344998,4.0,200,4,0.002399169283804021,0.36065638744996625,0.6684715416981556,Finance,False,0.3146429559193248,34.0,14.33
0.020848554859706908,3,False,0.000531605037394911,0.004654089454561472,0.04028269276022911,nan,0.10207832604646683,0.02005465142428875,nan,2.1539618091992452e-07,0.10509061137519304,0.006245640124639098,9987,8000,0.0004418337174470382,0.03388310398542392,0.17608249163484105,1.2491280249278196,200.0,0.6529777139788608,1.3071856149846302,0.03122820062319549,5.0,200,0,0.001133079180482083,0.1588056934219365,0.5157140958770563,GenesioTesi,True,1.2491280249278196,200.0,14.06
0.10080246269995889,3,False,0.0005898860399611294,0.005370426923036575,0.044596459716558456,nan,0.10228043794631958,0.021999051794409752,nan,2.855800591987645e-07,0.10509061137519304,0.006245640124639098,9987,8000,0.0004884858173505764,0.03388310398542392,0.17608249163484105,1.2491280249278196,200.0,0.6529777139788608,1.3071856149846302,0.03122820062319549,5.0,200,1,0.0011969251315580647,0.1739995439711518,0.49051174430072697,GenesioTesi,True,1.2491280249278196,200.0,13.91
0.10646461990280061,3,False,0.0004745071055367589,0.0044593848288059235,0.03298209235072136,nan,0.09288591146469116,0.01673915423452854,nan,2.0285963648802863e-07,0.10509061137519304,0.006245640124639098,9987,8000,0.0003932311243494693,0.03388310398542392,0.17608249163484105,1.2491280249278196,200.0,0.6529777139788608,1.3071856149846302,0.03122820062319549,5.0,200,2,0.0008782474346304322,0.1272920526760792,0.20372316360849782,GenesioTesi,True,1.2491280249278196,200.0,13.98
0.09981925667933329,3,False,0.00045982611482031643,0.004298471380025148,0.03849741443991661,nan,0.09403355419635773,0.020169103518128395,nan,1.7789483763408498e-07,0.10509061137519304,0.006245640124639098,9987,8000,0.00038135633665031636,0.03388310398542392,0.17608249163484105,1.2491280249278196,200.0,0.6529777139788608,1.3071856149846302,0.03122820062319549,5.0,200,3,0.0009716953902081555,0.157991547596812,0.4894299170900153,GenesioTesi,True,1.2491280249278196,200.0,13.98
0.09135441228482377,3,False,0.0004553570761345327,0.00411613192409277,0.03216453269124031,nan,0.07531067728996277,0.017600463703274727,nan,1.7505008656826248e-07,0.10509061137519304,0.006245640124639098,9987,8000,0.00037710666664827303,0.03388310398542392,0.17608249163484105,1.2491280249278196,200.0,0.6529777139788608,1.3071856149846302,0.03122820062319549,5.0,200,4,0.0010686381403426641,0.13119740843914993,0.4838393177052076,GenesioTesi,True,1.2491280249278196,200.0,14.07
0.00273845171267981,3,False,0.0006408423068933189,0.006181465927511454,0.05226636305451393,nan,0.08105998486280441,0.02940160036087036,nan,4.3549051656555094e-07,0.13489555530106362,0.0034852964623135804,9987,8000,0.0006477182824701546,0.023326339805950152,0.11354543301242329,0.697059292462716,200.0,0.7334494708352989,0.8663425628126353,0.017426482311567904,5.000000000000001,200,0,0.0013049510639750919,0.09450080116671171,0.17238419024068752,Aizawa,True,0.697059292462716,200.0,13.82
0.17695104410072357,3,False,0.0005877413204871118,0.0052095134742558,0.04143889620900154,nan,0.08706916868686676,0.022334089502692223,nan,3.571466061202955e-07,0.13489555530106362,0.0034852964623135804,9987,8000,0.0005932935325359507,0.023326339805950152,0.11354543301242329,0.697059292462716,200.0,0.7334494708352989,0.8663425628126353,0.017426482311567904,5.000000000000001,200,1,0.0012222166542817795,0.08606294143755504,0.33772216224691687,Aizawa,True,0.697059292462716,200.0,13.97
0.013725404778810605,3,False,0.0005931843188591301,0.005343900993466377,0.043584052473306656,nan,0.07243885099887848,0.02449241280555725,nan,3.7379510081336777e-07,0.13489555530106362,0.0034852964623135804,9987,8000,0.000598417201650568,0.023326339805950152,0.11354543301242329,0.697059292462716,200.0,0.7334494708352989,0.8663425628126353,0.017426482311567904,5.000000000000001,200,2,0.0012136640932620235,0.07686984807866332,0.09441196324890537,Aizawa,True,0.697059292462716,200.0,13.95
0.005686006192691881,3,False,0.0007329940563067794,0.006484391633421183,0.05124000832438469,nan,0.08987624943256378,0.028829576447606087,nan,5.007458298678103e-07,0.13489555530106362,0.0034852964623135804,9987,8000,0.0007384423088326321,0.023326339805950152,0.11354543301242329,0.697059292462716,200.0,0.7334494708352989,0.8663425628126353,0.017426482311567904,5.000000000000001,200,3,0.0016160356570973629,0.09743289718848186,0.21372203961910052,Aizawa,True,0.697059292462716,200.0,14.28
0.14299405266614973,3,False,0.0006172072608023882,0.005554520525038242,0.048114143311977386,nan,0.0773921087384224,0.026510188356041908,nan,4.177265029738919e-07,0.13489555530106362,0.0034852964623135804,9987,8000,0.0006233440916825454,0.023326339805950152,0.11354543301242329,0.697059292462716,200.0,0.7334494708352989,0.8663425628126353,0.017426482311567904,5.000000000000001,200,4,0.0012536384773121302,0.08797019276962839,0.3640044891603145,Aizawa,True,0.697059292462716,200.0,13.98
0.16646951702221344,3,False,0.002885068068280816,0.023657893761992455,1.3135180473327637,nan,1.3605793714523315,0.4030623435974121,nan,4.79475856263889e-06,0.16363115430160305,0.004588708460079854,9987,8000,0.0025519469153597036,0.011346049558025218,0.06009516620709642,0.9177416920159708,200.0,1.4565202087906144,1.6642600462362571,0.009177416920159708,2.0,200,0,0.0065857487653499846,0.8927508108565866,0.42105398131284993,ChenLee,False,0.22484671454391283,49.0,13.98
0.18385754466921841,3,False,0.0028136924374848604,0.019850682467222214,1.3564281463623047,nan,1.3135924339294434,0.18212515115737915,nan,4.016910616428504e-06,0.16363115430160305,0.004588708460079854,9987,8000,0.002490358119977791,0.011346049558025218,0.06009516620709642,0.9177416920159708,200.0,1.4565202087906144,1.6642600462362571,0.009177416920159708,2.0,200,1,0.00518133442852127,0.7738134108802395,0.37840070466576065,ChenLee,False,0.29367734144511065,64.0,14.06
0.08408683512658967,3,False,0.0027526789344847202,0.019282115623354912,1.2629450559616089,nan,1.2468435764312744,0.31806036829948425,nan,3.869689389830456e-06,0.16363115430160305,0.004588708460079854,9987,8000,0.0024324629654297837,0.011346049558025218,0.06009516620709642,0.9177416920159708,200.0,1.4565202087906144,1.6642600462362571,0.009177416920159708,2.0,200,2,0.005161962766914941,0.7665383549916064,0.6475501063105967,ChenLee,False,0.25237896530439197,55.0,14.9
0.0655269333116381,3,False,0.0029590586200356483,0.019847244024276733,1.3693338632583618,nan,1.1084595918655396,0.3724184036254883,nan,4.44574609718984e-06,0.16363115430160305,0.004588708460079854,9987,8000,0.002617228716137006,0.011346049558025218,0.06009516620709642,0.9177416920159708,200.0,1.4565202087906144,1.6642600462362571,0.009177416920159708,2.0,200,3,0.005554895230227375,0.8082809588829615,0.4416515950630034,ChenLee,False,0.23402413146407255,51.0,14.33
0.04875132075353114,3,False,0.00275203725323081,0.021156758069992065,1.3486977815628052,nan,1.2837485074996948,0.3552815318107605,nan,3.961951824749121e-06,0.16363115430160305,0.004588708460079854,9987,8000,0.002431430724227623,0.011346049558025218,0.06009516620709642,0.9177416920159708,200.0,1.4565202087906144,1.6642600462362571,0.009177416920159708,2.0,200,4,0.007224686398941906,0.8704776556143429,0.563219879589357,ChenLee,False,0.23861283992415241,52.0,14.44
0.12431637147716079,3,False,0.001074926694855094,0.010064741596579552,0.08736145496368408,nan,0.16398851573467255,0.04314499720931053,nan,1.1137127276015235e-06,0.2386587703845738,0.003470337180162088,9987,8000,0.001027091650358312,0.08103217028109828,0.6268700239299713,0.38520742699799176,111.0,0.5367063660841177,1.1934982244473022,0.024292360261134616,7.0,200,0,0.013971277137699559,0.19838409486385564,0.8034594669665817,Hadley,True,0.6940674360324176,200.0,13.92
0.21447110450666282,3,False,0.0009048020001500845,0.00959013868123293,0.08520753681659698,nan,0.2346414476633072,0.04075540229678154,nan,1.1245303503528703e-06,0.2386587703845738,0.003470337180162088,9987,8000,0.0008979115159443241,0.08103217028109828,0.6268700239299713,0.38520742699799176,111.0,0.5367063660841177,1.1934982244473022,0.024292360261134616,7.0,200,1,0.008463260367202142,0.1985370560083227,0.81405511984741,Hadley,True,0.6940674360324176,200.0,14.06
0.0782889098003277,3,False,0.0009547647787258029,0.009205532260239124,0.07980161905288696,nan,0.13031849265098572,0.0399746373295784,nan,9.924081114149884e-07,0.2386587703845738,0.003470337180162088,9987,8000,0.0009329773607212764,0.08103217028109828,0.6268700239299713,0.38520742699799176,111.0,0.5367063660841177,1.1934982244473022,0.024292360261134616,7.0,200,2,0.0031717477342179377,0.17568320732869702,0.4644449268854609,Hadley,True,0.6940674360324176,200.0,13.88
0.11662995085128013,3,False,0.0009109723032452166,0.009133046492934227,0.09686721116304398,nan,0.1638908088207245,0.04442259296774864,nan,9.316306413893471e-07,0.2386587703845738,0.003470337180162088,9987,8000,0.0008872032471828182,0.08103217028109828,0.6268700239299713,0.38520742699799176,111.0,0.5367063660841177,1.1934982244473022,0.024292360261134616,7.0,200,3,0.004785289330749234,0.20218014122733136,0.7400962866103984,Hadley,True,0.6940674360324176,200.0,13.88
0.024661389781121965,3,False,0.0010583167895674706,0.009287268854677677,0.06965967267751694,nan,0.15708589553833008,0.037723444402217865,nan,1.1415020908316364e-06,0.2386587703845738,0.003470337180162088,9987,8000,0.0010221725745574622,0.08103217028109828,0.6268700239299713,0.38520742699799176,111.0,0.5367063660841177,1.1934982244473022,0.024292360261134616,7.0,200,4,0.011266633412526166,0.17743915319474182,0.49501860077950144,Hadley,True,0.6940674360324176,200.0,14.67
0.05713444833111233,3,False,0.002931721042841673,0.028527891263365746,0.8916006088256836,nan,1.0347013473510742,0.19075100123882294,nan,2.3331295073148794e-05,0.40591521049520063,0.013348927612345168,9987,8000,0.003267470366702228,0.05988581101513831,1.3203251449787248,0.8009356567407101,60.0,1.0637959039175278,1.3362680293759874,0.026697855224690335,2.0,200,0,0.008107738341573835,0.5793319850652238,0.43073708742555955,Dadras,False,0.42716568359504536,32.0,14.06
0.0699858907290587,3,False,0.0025281505659222603,0.02179761789739132,0.9548301100730896,nan,1.1173369884490967,0.16778483986854553,nan,1.631119384910562e-05,0.40591521049520063,0.013348927612345168,9987,8000,0.0028359436716704173,0.05988581101513831,1.3203251449787248,0.8009356567407101,60.0,1.0637959039175278,1.3362680293759874,0.026697855224690335,2.0,200,1,0.017433691834271375,0.6261085035427201,0.4279606851564484,Dadras,False,0.5072592492691164,38.0,13.95
0.04140908749891003,3,False,0.0022410734090954065,0.017885306850075722,1.1566247940063477,nan,1.1400645971298218,0.16246312856674194,nan,1.505848759006767e-05,0.40591521049520063,0.013348927612345168,9987,8000,0.0025138828135297673,0.05988581101513831,1.3203251449787248,0.8009356567407101,60.0,1.0637959039175278,1.3362680293759874,0.026697855224690335,2.0,200,2,0.017315861678249205,0.5593879455970227,0.4620216571867539,Dadras,False,0.5072592492691164,38.0,14.33
0.07015317074960088,3,False,0.0024327056016772985,0.02204938791692257,1.0017832517623901,nan,1.0096303224563599,0.18347275257110596,nan,1.849351117562037e-05,0.40591521049520063,0.013348927612345168,9987,8000,0.0027320437742764064,0.05988581101513831,1.3203251449787248,0.8009356567407101,60.0,1.0637959039175278,1.3362680293759874,0.026697855224690335,2.0,200,3,0.015096712286549298,0.5527074497186555,0.40879031118494263,Dadras,False,0.8676802948024359,65.0,14.05
0.06570373719981536,3,False,0.0036568541545420885,0.02828957326710224,0.7143701910972595,nan,1.1864590644836426,0.22280316054821014,nan,2.634669066173956e-05,0.40591521049520063,0.013348927612345168,9987,8000,0.00409361922645347,0.05988581101513831,1.3203251449787248,0.8009356567407101,60.0,1.0637959039175278,1.3362680293759874,0.026697855224690335,2.0,200,4,0.0222400194897667,0.5829271353195523,0.4422606341088617,Dadras,False,0.5339571044938067,40.0,14.31
0.3452245985235225,6,False,0.005836788099259138,0.033458366990089417,0.7800945043563843,nan,1.4329222440719604,0.38721945881843567,nan,3.4267889670445586e-05,0.5684266951234997,0.061759560425168246,9957,8000,0.0058144365266607845,0.03009392423466273,0.7591078858180963,8.214021536547376,133.0,0.6155352979027376,1.359658425810493,0.37055736255100946,6.0,200,0,0.01191612768155737,0.6618260431877447,0.5506173269566879,Hopfield,False,3.1497375816835804,51.0,14.46
0.29341148902591735,6,False,0.005056335590779781,0.0325443409383297,0.6604173183441162,nan,1.085275411605835,0.33738216757774353,nan,2.6386108525912277e-05,0.5684266951234997,0.061759560425168246,9957,8000,0.005036456860817999,0.03009392423466273,0.7591078858180963,8.214021536547376,133.0,0.6155352979027376,1.359658425810493,0.37055736255100946,6.0,200,1,0.008719501125747679,0.5181438977578443,0.6391580564553901,Hopfield,False,3.458535383809422,56.0,14.27
0.3699363327482151,6,False,0.0045844088308513165,0.03475186601281166,0.8122249841690063,nan,1.2402464151382446,0.35592082142829895,nan,2.427808476204518e-05,0.5684266951234997,0.061759560425168246,9957,8000,0.004555555266460922,0.03009392423466273,0.7591078858180963,8.214021536547376,133.0,0.6155352979027376,1.359658425810493,0.37055736255100946,6.0,200,2,0.008770538257861496,0.6526402575133182,0.5507080599329924,Hopfield,False,3.273256702533917,53.0,14.19
0.05800151335979669,6,False,0.006821266375482082,0.039630405604839325,1.2141510248184204,nan,1.577019453048706,0.47097206115722656,nan,4.42851172410883e-05,0.5684266951234997,0.061759560425168246,9957,8000,0.006808931205334453,0.03009392423466273,0.7591078858180963,8.214021536547376,133.0,0.6155352979027376,1.359658425810493,0.37055736255100946,6.0,200,3,0.008550251773438818,0.8356933394576808,0.721113505306743,Hopfield,False,2.779180219132571,45.0,14.3
2.3189825220295157,6,False,0.006005861796438694,0.03324602171778679,1.3983205556869507,nan,6.565194129943848,0.35617440938949585,nan,3.737102323793806e-05,0.5684266951234997,0.061759560425168246,9957,8000,0.00600068772412157,0.03009392423466273,0.7591078858180963,8.214021536547376,133.0,0.6155352979027376,1.359658425810493,0.37055736255100946,6.0,200,4,0.012276076006682478,0.6708629962177032,2.76016342072785,Hopfield,False,3.273256702533917,53.0,14.55
0.011515901469772017,3,False,0.0012863816227763891,0.01273428462445736,0.15735013782978058,nan,0.4566049873828888,0.05221328139305115,nan,2.189336511037254e-06,0.6963711539102683,0.010368270110569984,9987,8000,0.0014200288828413112,0.023384658576729243,0.4299912727697483,2.001076131340007,193.00000000000003,0.6671168544697351,1.0136325168801215,0.05184135055284992,5.0,200,0,0.0029371009114352252,0.30573249161332683,0.3169764239008562,Halvorsen,False,1.6278184073594875,157.0,14.07
0.021120259716510336,3,False,0.001206201035529375,0.011688429862260818,0.11327523738145828,nan,0.3708721995353699,0.04723227396607399,nan,1.9120453180221376e-06,0.6963711539102683,0.010368270110569984,9987,8000,0.0013252670304761882,0.023384658576729243,0.4299912727697483,2.001076131340007,193.00000000000003,0.6671168544697351,1.0136325168801215,0.05184135055284992,5.0,200,1,0.003637547902160891,0.26134293192722874,1.4063875743296375,Halvorsen,True,2.0736540221139967,200.0,13.92
0.028172856124970124,3,False,0.001038281130604446,0.010938182473182678,0.1156110018491745,nan,0.4634735882282257,0.047625698149204254,nan,1.3240771049822797e-06,0.6963711539102683,0.010368270110569984,9987,8000,0.0011344258067299397,0.023384658576729243,0.4299912727697483,2.001076131340007,193.00000000000003,0.6671168544697351,1.0136325168801215,0.05184135055284992,5.0,200,2,0.003237319877423138,0.26770517648656666,0.3720172049871416,Halvorsen,False,1.938866510676587,187.0,13.96
0.06524108150857004,3,False,0.001021940028294921,0.010698884725570679,0.12479151785373688,nan,0.4284560978412628,0.05590952932834625,nan,1.3545185465773102e-06,0.6963711539102683,0.010368270110569984,9987,8000,0.0011156693729189896,0.023384658576729243,0.4299912727697483,2.001076131340007,193.00000000000003,0.6671168544697351,1.0136325168801215,0.05184135055284992,5.0,200,3,0.003133817819213725,0.2655174911835463,0.6121000296129733,Halvorsen,False,2.021812671561147,195.0,13.98
0.025068525405415414,3,False,0.0011620295699685812,0.012800524942576885,0.1560714691877365,nan,0.5404563546180725,0.06491956114768982,nan,2.2553203079951344e-06,0.6963711539102683,0.010368270110569984,9987,8000,0.0012865442174702349,0.023384658576729243,0.4299912727697483,2.001076131340007,193.00000000000003,0.6671168544697351,1.0136325168801215,0.05184135055284992,5.0,200,4,0.003211468943750189,0.3203026419913459,0.5289854172041869,Halvorsen,False,1.6070818671383476,155.0,13.94
0.04487902954730907,3,False,0.0007724228198640049,0.008233355358242989,0.07401120662689209,nan,0.13968901336193085,0.03996194899082184,nan,6.58585924156796e-07,0.739747976641268,0.0006199531893039811,9987,8000,0.000760238577695302,0.100448923667801,0.6484261266670712,0.0427767700619747,69.0,0.5282227967722707,1.2110816924118217,0.004339672325127868,7.000000000000001,200,0,0.0030041970044465695,0.1879818631857064,0.9168778399243364,DequanLi,True,0.12399063786079623,200.0,14.95
0.03193423519958299,3,False,0.0007507161935791373,0.008235782384872437,0.15220049023628235,nan,0.2821942865848541,0.04707910865545273,nan,6.081413653191702e-07,0.739747976641268,0.0006199531893039811,9987,8000,0.0007408307059420279,0.100448923667801,0.6484261266670712,0.0427767700619747,69.0,0.5282227967722707,1.2110816924118217,0.004339672325127868,7.000000000000001,200,1,0.0037445519209678853,0.19011380440913475,0.4787468562414312,DequanLi,True,0.12399063786079623,200.0,14.3
0.021148151094255396,3,False,0.0008785476093180478,0.00869197491556406,0.09845452010631561,nan,0.22778548300266266,0.037476107478141785,nan,6.64030667849147e-07,0.739747976641268,0.0006199531893039811,9987,8000,0.0008651172468146361,0.100448923667801,0.6484261266670712,0.0427767700619747,69.0,0.5282227967722707,1.2110816924118217,0.004339672325127868,7.000000000000001,200,2,0.003964244507234124,0.22819409016110503,0.782674835681978,DequanLi,True,0.12399063786079623,200.0,14.03
0.10487211557261829,3,False,0.0009222585358656943,0.008981681428849697,0.11139680445194244,nan,0.3139476180076599,0.04323522374033928,nan,5.807246539006883e-07,0.739747976641268,0.0006199531893039811,9987,8000,0.0009009313810623679,0.100448923667801,0.6484261266670712,0.0427767700619747,69.0,0.5282227967722707,1.2110816924118217,0.004339672325127868,7.000000000000001,200,3,0.003608140800239732,0.22366786389539214,0.6388201625324914,DequanLi,True,0.12399063786079623,200.0,14.97
0.06615999711982962,3,False,0.0009169086115434766,0.008398603647947311,0.12918439507484436,nan,0.482086181640625,0.040712691843509674,nan,6.653691821156826e-07,0.739747976641268,0.0006199531893039811,9987,8000,0.000897152218884195,0.100448923667801,0.6484261266670712,0.0427767700619747,69.0,0.5282227967722707,1.2110816924118217,0.004339672325127868,7.000000000000001,200,4,0.002921418057466319,0.2380335789835819,0.6268173439093614,DequanLi,False,0.1153112932105405,186.0,13.98
0.23683642285634013,4,False,0.0025534932501614094,0.03040694259107113,0.4370363652706146,nan,0.5215517282485962,0.21206708252429962,nan,1.1980054860032397e-06,0.7941925747845208,0.004631338763108078,9979,8000,0.0024941089952881896,0.18814415402376317,1.0914759589275869,0.13894016289324235,30.0,0.5830086243188944,1.392956317812549,0.027788032578648467,6.0,200,0,0.0035465547627068546,0.2710113309357537,0.7001784406595823,HyperBao,False,0.3334563909437816,72.0,14.77
0.11190028699639706,4,False,0.0022823449689894915,0.02479536272585392,0.5573011040687561,nan,0.44417282938957214,0.13760563731193542,nan,6.879186803416815e-07,0.7941925747845208,0.004631338763108078,9979,8000,0.0022339481185491756,0.18814415402376317,1.0914759589275869,0.13894016289324235,30.0,0.5830086243188944,1.392956317812549,0.027788032578648467,6.0,200,1,0.0025310862546485445,0.2770149719826286,0.4179370132777075,HyperBao,False,0.4029264723904028,87.0,15.17
0.14919705937334393,4,False,0.002977990545332432,0.03390144929289818,0.46101614832878113,nan,0.3814549744129181,0.4725149869918823,nan,1.1939013702431112e-06,0.7941925747845208,0.004631338763108078,9979,8000,0.00292915129416915,0.18814415402376317,1.0914759589275869,0.13894016289324235,30.0,0.5830086243188944,1.392956317812549,0.027788032578648467,6.0,200,2,0.0034181887555802684,0.25930863369424606,0.6451983169366546,HyperBao,False,0.21304158310297158,46.0,15.55
0.42782278964039344,4,False,0.0028405196499079466,0.029372306540608406,0.5445820093154907,nan,0.7480954527854919,0.3278086483478546,nan,1.2706295337920891e-06,0.7941925747845208,0.004631338763108078,9979,8000,0.002781988064365896,0.18814415402376317,1.0914759589275869,0.13894016289324235,30.0,0.5830086243188944,1.392956317812549,0.027788032578648467,6.0,200,3,0.0035371333276913615,0.32144344491875854,0.662808479436552,HyperBao,False,0.2593549707340524,56.00000000000001,14.5
0.18941009919221316,4,False,0.002712399698793888,0.035153746604919434,0.5242637991905212,nan,0.7290077209472656,0.46620413661003113,nan,1.0471753680576513e-06,0.7941925747845208,0.004631338763108078,9979,8000,0.00265403107805032,0.18814415402376317,1.0914759589275869,0.13894016289324235,30.0,0.5830086243188944,1.392956317812549,0.027788032578648467,6.0,200,4,0.003238749128106126,0.3419538952983591,0.9543441679090134,HyperBao,False,0.21304158310297158,46.0,14.78
0.18415509836458435,3,False,0.0014740732731297612,0.016289804130792618,0.7492290139198303,nan,0.8675955533981323,0.17812880873680115,nan,3.7851202123420082e-06,2.005961349488129,0.011772786564010882,9987,8000,0.0014159521774013053,0.04927940323635232,0.861639538907139,0.7299127669686747,62.0,0.7482999951571323,1.2875134383938636,0.05886393282005441,5.0,200,0,0.006314821373149031,0.46021775146006555,0.753001064379499,Chen,False,0.7181399804046638,61.0,13.86
0.28382342694389556,3,False,0.001064149197191,0.013592180795967579,0.7197769284248352,nan,0.6968277096748352,0.14970239996910095,nan,2.0046596036991107e-06,2.005961349488129,0.011772786564010882,9987,8000,0.0010103164525666869,0.04927940323635232,0.861639538907139,0.7299127669686747,62.0,0.7482999951571323,1.2875134383938636,0.05886393282005441,5.0,200,1,0.00299888934324475,0.4052943577032568,0.6850949722499098,Chen,False,0.7299127669686747,62.0,14.7
0.1514824206070867,3,False,0.001448547001928091,0.016085609793663025,0.7663900256156921,nan,0.8073604702949524,0.14658969640731812,nan,3.5401149725657887e-06,2.005961349488129,0.011772786564010882,9987,8000,0.0013958831794518498,0.04927940323635232,0.861639538907139,0.7299127669686747,62.0,0.7482999951571323,1.2875134383938636,0.05886393282005441,5.0,200,2,0.005022001826242657,0.44150651297413473,0.6263080720848548,Chen,False,0.7299127669686747,62.0,14.18
0.1654712492201746,3,False,0.0012166601372882724,0.01438678614795208,0.7530500292778015,nan,0.876190721988678,0.29772984981536865,nan,3.012096843121981e-06,2.005961349488129,0.011772786564010882,9987,8000,0.0011587016100496885,0.04927940323635232,0.861639538907139,0.7299127669686747,62.0,0.7482999951571323,1.2875134383938636,0.05886393282005441,5.0,200,3,0.004866669794144194,0.48918284587635646,0.6060190163122933,Chen,False,0.6239576878925768,53.0,14.01
0.3410458203275524,3,False,0.0016089831478893757,0.016567105427384377,0.7740456461906433,nan,0.7999647855758667,0.1652793139219284,nan,3.893225079082185e-06,2.005961349488129,0.011772786564010882,9987,8000,0.0015500838158097896,0.04927940323635232,0.861639538907139,0.7299127669686747,62.0,0.7482999951571323,1.2875134383938636,0.05886393282005441,5.0,200,4,0.005619181289036147,0.44451862242658163,0.5205343894163401,Chen,False,0.7181399804046638,61.0,13.85
0.030286466849971782,3,False,0.0034773508086800575,0.033913128077983856,0.495522677898407,nan,1.0261163711547852,0.23647913336753845,nan,1.1228420422412455e-05,2.3258468977096562,0.074427100726709,9987,8000,0.003330030387638575,0.018287652391668106,0.38779989781019303,14.885420145341799,200.0,0.3760056013501685,1.4216824450620054,0.74427100726709,10.0,200,0,0.004261190641753843,0.5506965849684856,1.3262104582584853,CellularNeuralNetwork,False,6.5495848639503915,88.0,14.16
0.018305345611702856,3,False,0.0034784700255841017,0.033064600080251694,0.4507460296154022,nan,0.8762858510017395,0.24093219637870789,nan,1.1164224903041032e-05,2.3258468977096562,0.074427100726709,9987,8000,0.003331477274087212,0.018287652391668106,0.38779989781019303,14.885420145341799,200.0,0.3760056013501685,1.4216824450620054,0.74427100726709,10.0,200,1,0.004369668419986389,0.4761669997341204,1.0446012917762904,CellularNeuralNetwork,False,6.921720367583936,93.0,14.21
0.03940150472454478,3,False,0.0032876143231987953,0.031039608642458916,0.8596832752227783,nan,1.184342622756958,0.32173585891723633,nan,1.0232126514893025e-05,2.3258468977096562,0.074427100726709,9987,8000,0.003148480332424643,0.018287652391668106,0.38779989781019303,14.885420145341799,200.0,0.3760056013501685,1.4216824450620054,0.74427100726709,10.0,200,2,0.004332636639924012,0.60765294093033,1.2737798341972535,CellularNeuralNetwork,False,4.093490539968995,55.0,13.82
0.07643869122040362,3,False,0.0032449758145958185,0.03118376061320305,0.9351038932800293,nan,1.163845419883728,0.2797832787036896,nan,9.864788422419223e-06,2.3258468977096562,0.074427100726709,9987,8000,0.0031073298856028452,0.018287652391668106,0.38779989781019303,14.885420145341799,200.0,0.3760056013501685,1.4216824450620054,0.74427100726709,10.0,200,3,0.00426872761537348,0.7169052728095964,0.7804946407209153,CellularNeuralNetwork,False,4.391198942875831,59.0,13.87
0.018745536538789794,3,False,0.0034454476553946733,0.03270143270492554,0.5489128232002258,nan,0.665325939655304,0.255169540643692,nan,1.1020030193321872e-05,2.3258468977096562,0.074427100726709,9987,8000,0.0032997051189987497,0.018287652391668106,0.38779989781019303,14.885420145341799,200.0,0.3760056013501685,1.4216824450620054,0.74427100726709,10.0,200,4,0.004464016602855351,0.4665075030402733,1.000468154833421,CellularNeuralNetwork,False,4.763334446509376,64.0,14.34
