err_direct,err_parrot,err_refine,err_rollout,horizon,kaplan_yorke_dim,lyap_max,lyap_time,params_direct,params_refine,passes,seed,system,train_passes
0.4661436080932617,0.13181273991180437,0.7145214676856995,0.017365656793117523,8,2.075158758095728,0.8917098035724058,0.5353112292805866,19859,20103,1,0,Lorenz,4
0.4661436080932617,0.13181273991180437,0.44519856572151184,0.017365656793117523,8,2.075158758095728,0.8917098035724058,0.5353112292805866,19859,20103,2,0,Lorenz,4
0.4661436080932617,0.13181273991180437,0.30239641666412354,0.017365656793117523,8,2.075158758095728,0.8917098035724058,0.5353112292805866,19859,20103,3,0,Lorenz,4
0.4661436080932617,0.13181273991180437,0.284915953874588,0.017365656793117523,8,2.075158758095728,0.8917098035724058,0.5353112292805866,19859,20103,4,0,Lorenz,4
0.4661436080932617,0.13181273991180437,0.33057233691215515,0.017365656793117523,8,2.075158758095728,0.8917098035724058,0.5353112292805866,19859,20103,5,0,Lorenz,4
0.4661436080932617,0.13181273991180437,0.37601178884506226,0.017365656793117523,8,2.075158758095728,0.8917098035724058,0.5353112292805866,19859,20103,6,0,Lorenz,4
0.4661436080932617,0.13181273991180437,0.4137760400772095,0.017365656793117523,8,2.075158758095728,0.8917098035724058,0.5353112292805866,19859,20103,7,0,Lorenz,4
0.4661436080932617,0.13181273991180437,0.43921250104904175,0.017365656793117523,8,2.075158758095728,0.8917098035724058,0.5353112292805866,19859,20103,8,0,Lorenz,4
0.4661436080932617,0.13181273991180437,0.4595276415348053,0.017365656793117523,8,2.075158758095728,0.8917098035724058,0.5353112292805866,19859,20103,9,0,Lorenz,4
0.4661436080932617,0.13181273991180437,0.471747487783432,0.017365656793117523,8,2.075158758095728,0.8917098035724058,0.5353112292805866,19859,20103,10,0,Lorenz,4
0.4661436080932617,0.13181273991180437,0.47941291332244873,0.017365656793117523,8,2.075158758095728,0.8917098035724058,0.5353112292805866,19859,20103,11,0,Lorenz,4
0.4661436080932617,0.13181273991180437,0.4856639504432678,0.017365656793117523,8,2.075158758095728,0.8917098035724058,0.5353112292805866,19859,20103,12,0,Lorenz,4
0.4661436080932617,0.13181273991180437,0.487181693315506,0.017365656793117523,8,2.075158758095728,0.8917098035724058,0.5353112292805866,19859,20103,13,0,Lorenz,4
0.4661436080932617,0.13181273991180437,0.4905332326889038,0.017365656793117523,8,2.075158758095728,0.8917098035724058,0.5353112292805866,19859,20103,14,0,Lorenz,4
0.4661436080932617,0.13181273991180437,0.4951188862323761,0.017365656793117523,8,2.075158758095728,0.8917098035724058,0.5353112292805866,19859,20103,15,0,Lorenz,4
0.4661436080932617,0.13181273991180437,0.49948200583457947,0.017365656793117523,8,2.075158758095728,0.8917098035724058,0.5353112292805866,19859,20103,16,0,Lorenz,4
0.9630174040794373,0.6556277439945735,0.9804982542991638,0.24820759892463684,32,2.075158758095728,0.8917098035724058,2.1412449171223464,19859,20103,1,0,Lorenz,4
0.9630174040794373,0.6556277439945735,0.9522398710250854,0.24820759892463684,32,2.075158758095728,0.8917098035724058,2.1412449171223464,19859,20103,2,0,Lorenz,4
0.9630174040794373,0.6556277439945735,0.9461495876312256,0.24820759892463684,32,2.075158758095728,0.8917098035724058,2.1412449171223464,19859,20103,3,0,Lorenz,4
0.9630174040794373,0.6556277439945735,0.9489359855651855,0.24820759892463684,32,2.075158758095728,0.8917098035724058,2.1412449171223464,19859,20103,4,0,Lorenz,4
0.9630174040794373,0.6556277439945735,0.9531183242797852,0.24820759892463684,32,2.075158758095728,0.8917098035724058,2.1412449171223464,19859,20103,5,0,Lorenz,4
0.9630174040794373,0.6556277439945735,0.9497785568237305,0.24820759892463684,32,2.075158758095728,0.8917098035724058,2.1412449171223464,19859,20103,6,0,Lorenz,4
0.9630174040794373,0.6556277439945735,0.9512109160423279,0.24820759892463684,32,2.075158758095728,0.8917098035724058,2.1412449171223464,19859,20103,7,0,Lorenz,4
0.9630174040794373,0.6556277439945735,0.9518054127693176,0.24820759892463684,32,2.075158758095728,0.8917098035724058,2.1412449171223464,19859,20103,8,0,Lorenz,4
0.9630174040794373,0.6556277439945735,0.9499254822731018,0.24820759892463684,32,2.075158758095728,0.8917098035724058,2.1412449171223464,19859,20103,9,0,Lorenz,4
0.9630174040794373,0.6556277439945735,0.9556772708892822,0.24820759892463684,32,2.075158758095728,0.8917098035724058,2.1412449171223464,19859,20103,10,0,Lorenz,4
0.9630174040794373,0.6556277439945735,0.9519641399383545,0.24820759892463684,32,2.075158758095728,0.8917098035724058,2.1412449171223464,19859,20103,11,0,Lorenz,4
0.9630174040794373,0.6556277439945735,0.9527611136436462,0.24820759892463684,32,2.075158758095728,0.8917098035724058,2.1412449171223464,19859,20103,12,0,Lorenz,4
0.9630174040794373,0.6556277439945735,0.9570490121841431,0.24820759892463684,32,2.075158758095728,0.8917098035724058,2.1412449171223464,19859,20103,13,0,Lorenz,4
0.9630174040794373,0.6556277439945735,0.9511569738388062,0.24820759892463684,32,2.075158758095728,0.8917098035724058,2.1412449171223464,19859,20103,14,0,Lorenz,4
0.9630174040794373,0.6556277439945735,0.9518386721611023,0.24820759892463684,32,2.075158758095728,0.8917098035724058,2.1412449171223464,19859,20103,15,0,Lorenz,4
0.9630174040794373,0.6556277439945735,0.9558898210525513,0.24820759892463684,32,2.075158758095728,0.8917098035724058,2.1412449171223464,19859,20103,16,0,Lorenz,4
1.0539876222610474,1.3740207803791125,1.0586563348770142,1.4147756099700928,128,2.075158758095728,0.8917098035724058,8.564979668489386,19859,20103,1,0,Lorenz,4
1.0539876222610474,1.3740207803791125,1.060813307762146,1.4147756099700928,128,2.075158758095728,0.8917098035724058,8.564979668489386,19859,20103,2,0,Lorenz,4
1.0539876222610474,1.3740207803791125,1.0568718910217285,1.4147756099700928,128,2.075158758095728,0.8917098035724058,8.564979668489386,19859,20103,3,0,Lorenz,4
1.0539876222610474,1.3740207803791125,1.0576519966125488,1.4147756099700928,128,2.075158758095728,0.8917098035724058,8.564979668489386,19859,20103,4,0,Lorenz,4
1.0539876222610474,1.3740207803791125,1.057762622833252,1.4147756099700928,128,2.075158758095728,0.8917098035724058,8.564979668489386,19859,20103,5,0,Lorenz,4
1.0539876222610474,1.3740207803791125,1.0587100982666016,1.4147756099700928,128,2.075158758095728,0.8917098035724058,8.564979668489386,19859,20103,6,0,Lorenz,4
1.0539876222610474,1.3740207803791125,1.0582276582717896,1.4147756099700928,128,2.075158758095728,0.8917098035724058,8.564979668489386,19859,20103,7,0,Lorenz,4
1.0539876222610474,1.3740207803791125,1.0590004920959473,1.4147756099700928,128,2.075158758095728,0.8917098035724058,8.564979668489386,19859,20103,8,0,Lorenz,4
1.0539876222610474,1.3740207803791125,1.0594534873962402,1.4147756099700928,128,2.075158758095728,0.8917098035724058,8.564979668489386,19859,20103,9,0,Lorenz,4
1.0539876222610474,1.3740207803791125,1.059757947921753,1.4147756099700928,128,2.075158758095728,0.8917098035724058,8.564979668489386,19859,20103,10,0,Lorenz,4
1.0539876222610474,1.3740207803791125,1.0602048635482788,1.4147756099700928,128,2.075158758095728,0.8917098035724058,8.564979668489386,19859,20103,11,0,Lorenz,4
1.0539876222610474,1.3740207803791125,1.060118556022644,1.4147756099700928,128,2.075158758095728,0.8917098035724058,8.564979668489386,19859,20103,12,0,Lorenz,4
1.0539876222610474,1.3740207803791125,1.0606296062469482,1.4147756099700928,128,2.075158758095728,0.8917098035724058,8.564979668489386,19859,20103,13,0,Lorenz,4
1.0539876222610474,1.3740207803791125,1.06044602394104,1.4147756099700928,128,2.075158758095728,0.8917098035724058,8.564979668489386,19859,20103,14,0,Lorenz,4
1.0539876222610474,1.3740207803791125,1.0611293315887451,1.4147756099700928,128,2.075158758095728,0.8917098035724058,8.564979668489386,19859,20103,15,0,Lorenz,4
1.0539876222610474,1.3740207803791125,1.0608415603637695,1.4147756099700928,128,2.075158758095728,0.8917098035724058,8.564979668489386,19859,20103,16,0,Lorenz,4
1.0101966857910156,1.3688995740601537,1.0042392015457153,1.3561433553695679,256,2.075158758095728,0.8917098035724058,17.12995933697877,19859,20103,1,0,Lorenz,4
1.0101966857910156,1.3688995740601537,1.0036466121673584,1.3561433553695679,256,2.075158758095728,0.8917098035724058,17.12995933697877,19859,20103,2,0,Lorenz,4
1.0101966857910156,1.3688995740601537,0.9949795007705688,1.3561433553695679,256,2.075158758095728,0.8917098035724058,17.12995933697877,19859,20103,3,0,Lorenz,4
1.0101966857910156,1.3688995740601537,0.9972401857376099,1.3561433553695679,256,2.075158758095728,0.8917098035724058,17.12995933697877,19859,20103,4,0,Lorenz,4
1.0101966857910156,1.3688995740601537,0.996856689453125,1.3561433553695679,256,2.075158758095728,0.8917098035724058,17.12995933697877,19859,20103,5,0,Lorenz,4
1.0101966857910156,1.3688995740601537,0.9977836012840271,1.3561433553695679,256,2.075158758095728,0.8917098035724058,17.12995933697877,19859,20103,6,0,Lorenz,4
1.0101966857910156,1.3688995740601537,0.9963494539260864,1.3561433553695679,256,2.075158758095728,0.8917098035724058,17.12995933697877,19859,20103,7,0,Lorenz,4
1.0101966857910156,1.3688995740601537,0.9983948469161987,1.3561433553695679,256,2.075158758095728,0.8917098035724058,17.12995933697877,19859,20103,8,0,Lorenz,4
1.0101966857910156,1.3688995740601537,0.9963043928146362,1.3561433553695679,256,2.075158758095728,0.8917098035724058,17.12995933697877,19859,20103,9,0,Lorenz,4
1.0101966857910156,1.3688995740601537,0.9993764162063599,1.3561433553695679,256,2.075158758095728,0.8917098035724058,17.12995933697877,19859,20103,10,0,Lorenz,4
1.0101966857910156,1.3688995740601537,0.9966304898262024,1.3561433553695679,256,2.075158758095728,0.8917098035724058,17.12995933697877,19859,20103,11,0,Lorenz,4
1.0101966857910156,1.3688995740601537,1.000084400177002,1.3561433553695679,256,2.075158758095728,0.8917098035724058,17.12995933697877,19859,20103,12,0,Lorenz,4
1.0101966857910156,1.3688995740601537,0.9964398741722107,1.3561433553695679,256,2.075158758095728,0.8917098035724058,17.12995933697877,19859,20103,13,0,Lorenz,4
1.0101966857910156,1.3688995740601537,1.0005338191986084,1.3561433553695679,256,2.075158758095728,0.8917098035724058,17.12995933697877,19859,20103,14,0,Lorenz,4
1.0101966857910156,1.3688995740601537,0.9961008429527283,1.3561433553695679,256,2.075158758095728,0.8917098035724058,17.12995933697877,19859,20103,15,0,Lorenz,4
1.0101966857910156,1.3688995740601537,1.0007134675979614,1.3561433553695679,256,2.075158758095728,0.8917098035724058,17.12995933697877,19859,20103,16,0,Lorenz,4
0.4592805504798889,0.13181273991180437,0.6784891486167908,0.011610143817961216,8,2.075158758095728,0.8917098035724058,0.5353112292805866,19859,20103,1,1,Lorenz,4
0.4592805504798889,0.13181273991180437,0.3968721330165863,0.011610143817961216,8,2.075158758095728,0.8917098035724058,0.5353112292805866,19859,20103,2,1,Lorenz,4
0.4592805504798889,0.13181273991180437,0.29201608896255493,0.011610143817961216,8,2.075158758095728,0.8917098035724058,0.5353112292805866,19859,20103,3,1,Lorenz,4
0.4592805504798889,0.13181273991180437,0.28942108154296875,0.011610143817961216,8,2.075158758095728,0.8917098035724058,0.5353112292805866,19859,20103,4,1,Lorenz,4
0.4592805504798889,0.13181273991180437,0.3457484543323517,0.011610143817961216,8,2.075158758095728,0.8917098035724058,0.5353112292805866,19859,20103,5,1,Lorenz,4
0.4592805504798889,0.13181273991180437,0.40065160393714905,0.011610143817961216,8,2.075158758095728,0.8917098035724058,0.5353112292805866,19859,20103,6,1,Lorenz,4
0.4592805504798889,0.13181273991180437,0.4316309094429016,0.011610143817961216,8,2.075158758095728,0.8917098035724058,0.5353112292805866,19859,20103,7,1,Lorenz,4
0.4592805504798889,0.13181273991180437,0.45151329040527344,0.011610143817961216,8,2.075158758095728,0.8917098035724058,0.5353112292805866,19859,20103,8,1,Lorenz,4
0.4592805504798889,0.13181273991180437,0.4666834771633148,0.011610143817961216,8,2.075158758095728,0.8917098035724058,0.5353112292805866,19859,20103,9,1,Lorenz,4
0.4592805504798889,0.13181273991180437,0.486289918422699,0.011610143817961216,8,2.075158758095728,0.8917098035724058,0.5353112292805866,19859,20103,10,1,Lorenz,4
0.4592805504798889,0.13181273991180437,0.502802848815918,0.011610143817961216,8,2.075158758095728,0.8917098035724058,0.5353112292805866,19859,20103,11,1,Lorenz,4
0.4592805504798889,0.13181273991180437,0.5220798850059509,0.011610143817961216,8,2.075158758095728,0.8917098035724058,0.5353112292805866,19859,20103,12,1,Lorenz,4
0.4592805504798889,0.13181273991180437,0.5365341305732727,0.011610143817961216,8,2.075158758095728,0.8917098035724058,0.5353112292805866,19859,20103,13,1,Lorenz,4
0.4592805504798889,0.13181273991180437,0.5498629212379456,0.011610143817961216,8,2.075158758095728,0.8917098035724058,0.5353112292805866,19859,20103,14,1,Lorenz,4
0.4592805504798889,0.13181273991180437,0.5573526620864868,0.011610143817961216,8,2.075158758095728,0.8917098035724058,0.5353112292805866,19859,20103,15,1,Lorenz,4
0.4592805504798889,0.13181273991180437,0.5674582123756409,0.011610143817961216,8,2.075158758095728,0.8917098035724058,0.5353112292805866,19859,20103,16,1,Lorenz,4
0.955534815788269,0.6556277439945735,0.9759067296981812,0.18445922434329987,32,2.075158758095728,0.8917098035724058,2.1412449171223464,19859,20103,1,1,Lorenz,4
0.955534815788269,0.6556277439945735,0.9634798765182495,0.18445922434329987,32,2.075158758095728,0.8917098035724058,2.1412449171223464,19859,20103,2,1,Lorenz,4
0.955534815788269,0.6556277439945735,0.9587892293930054,0.18445922434329987,32,2.075158758095728,0.8917098035724058,2.1412449171223464,19859,20103,3,1,Lorenz,4
0.955534815788269,0.6556277439945735,0.9469639658927917,0.18445922434329987,32,2.075158758095728,0.8917098035724058,2.1412449171223464,19859,20103,4,1,Lorenz,4
0.955534815788269,0.6556277439945735,0.9647115468978882,0.18445922434329987,32,2.075158758095728,0.8917098035724058,2.1412449171223464,19859,20103,5,1,Lorenz,4
0.955534815788269,0.6556277439945735,0.9686451554298401,0.18445922434329987,32,2.075158758095728,0.8917098035724058,2.1412449171223464,19859,20103,6,1,Lorenz,4
0.955534815788269,0.6556277439945735,0.9688661694526672,0.18445922434329987,32,2.075158758095728,0.8917098035724058,2.1412449171223464,19859,20103,7,1,Lorenz,4
0.955534815788269,0.6556277439945735,0.9582992792129517,0.18445922434329987,32,2.075158758095728,0.8917098035724058,2.1412449171223464,19859,20103,8,1,Lorenz,4
0.955534815788269,0.6556277439945735,0.9574334025382996,0.18445922434329987,32,2.075158758095728,0.8917098035724058,2.1412449171223464,19859,20103,9,1,Lorenz,4
0.955534815788269,0.6556277439945735,0.9533388614654541,0.18445922434329987,32,2.075158758095728,0.8917098035724058,2.1412449171223464,19859,20103,10,1,Lorenz,4
0.955534815788269,0.6556277439945735,0.95949387550354,0.18445922434329987,32,2.075158758095728,0.8917098035724058,2.1412449171223464,19859,20103,11,1,Lorenz,4
0.955534815788269,0.6556277439945735,0.9598840475082397,0.18445922434329987,32,2.075158758095728,0.8917098035724058,2.1412449171223464,19859,20103,12,1,Lorenz,4
0.955534815788269,0.6556277439945735,0.9645584225654602,0.18445922434329987,32,2.075158758095728,0.8917098035724058,2.1412449171223464,19859,20103,13,1,Lorenz,4
0.955534815788269,0.6556277439945735,0.9581217765808105,0.18445922434329987,32,2.075158758095728,0.8917098035724058,2.1412449171223464,19859,20103,14,1,Lorenz,4
0.955534815788269,0.6556277439945735,0.9566164612770081,0.18445922434329987,32,2.075158758095728,0.8917098035724058,2.1412449171223464,19859,20103,15,1,Lorenz,4
0.955534815788269,0.6556277439945735,0.9562017917633057,0.18445922434329987,32,2.075158758095728,0.8917098035724058,2.1412449171223464,19859,20103,16,1,Lorenz,4
1.064818024635315,1.3740207803791125,1.0643562078475952,1.3128477334976196,128,2.075158758095728,0.8917098035724058,8.564979668489386,19859,20103,1,1,Lorenz,4
1.064818024635315,1.3740207803791125,1.0572694540023804,1.3128477334976196,128,2.075158758095728,0.8917098035724058,8.564979668489386,19859,20103,2,1,Lorenz,4
1.064818024635315,1.3740207803791125,1.059700608253479,1.3128477334976196,128,2.075158758095728,0.8917098035724058,8.564979668489386,19859,20103,3,1,Lorenz,4
1.064818024635315,1.3740207803791125,1.0610498189926147,1.3128477334976196,128,2.075158758095728,0.8917098035724058,8.564979668489386,19859,20103,4,1,Lorenz,4
1.064818024635315,1.3740207803791125,1.061715841293335,1.3128477334976196,128,2.075158758095728,0.8917098035724058,8.564979668489386,19859,20103,5,1,Lorenz,4
1.064818024635315,1.3740207803791125,1.06179678440094,1.3128477334976196,128,2.075158758095728,0.8917098035724058,8.564979668489386,19859,20103,6,1,Lorenz,4
1.064818024635315,1.3740207803791125,1.0620665550231934,1.3128477334976196,128,2.075158758095728,0.8917098035724058,8.564979668489386,19859,20103,7,1,Lorenz,4
1.064818024635315,1.3740207803791125,1.0617260932922363,1.3128477334976196,128,2.075158758095728,0.8917098035724058,8.564979668489386,19859,20103,8,1,Lorenz,4
1.064818024635315,1.3740207803791125,1.0618441104888916,1.3128477334976196,128,2.075158758095728,0.8917098035724058,8.564979668489386,19859,20103,9,1,Lorenz,4
1.064818024635315,1.3740207803791125,1.0616813898086548,1.3128477334976196,128,2.075158758095728,0.8917098035724058,8.564979668489386,19859,20103,10,1,Lorenz,4
1.064818024635315,1.3740207803791125,1.0620039701461792,1.3128477334976196,128,2.075158758095728,0.8917098035724058,8.564979668489386,19859,20103,11,1,Lorenz,4
1.064818024635315,1.3740207803791125,1.0613774061203003,1.3128477334976196,128,2.075158758095728,0.8917098035724058,8.564979668489386,19859,20103,12,1,Lorenz,4
1.064818024635315,1.3740207803791125,1.0622807741165161,1.3128477334976196,128,2.075158758095728,0.8917098035724058,8.564979668489386,19859,20103,13,1,Lorenz,4
1.064818024635315,1.3740207803791125,1.0612587928771973,1.3128477334976196,128,2.075158758095728,0.8917098035724058,8.564979668489386,19859,20103,14,1,Lorenz,4
1.064818024635315,1.3740207803791125,1.0622748136520386,1.3128477334976196,128,2.075158758095728,0.8917098035724058,8.564979668489386,19859,20103,15,1,Lorenz,4
1.064818024635315,1.3740207803791125,1.0612986087799072,1.3128477334976196,128,2.075158758095728,0.8917098035724058,8.564979668489386,19859,20103,16,1,Lorenz,4
1.003043532371521,1.3688995740601537,0.9930030703544617,1.395965337753296,256,2.075158758095728,0.8917098035724058,17.12995933697877,19859,20103,1,1,Lorenz,4
1.003043532371521,1.3688995740601537,0.9901800751686096,1.395965337753296,256,2.075158758095728,0.8917098035724058,17.12995933697877,19859,20103,2,1,Lorenz,4
1.003043532371521,1.3688995740601537,0.9887999296188354,1.395965337753296,256,2.075158758095728,0.8917098035724058,17.12995933697877,19859,20103,3,1,Lorenz,4
1.003043532371521,1.3688995740601537,0.9897390007972717,1.395965337753296,256,2.075158758095728,0.8917098035724058,17.12995933697877,19859,20103,4,1,Lorenz,4
1.003043532371521,1.3688995740601537,0.9899080395698547,1.395965337753296,256,2.075158758095728,0.8917098035724058,17.12995933697877,19859,20103,5,1,Lorenz,4
1.003043532371521,1.3688995740601537,0.9913657903671265,1.395965337753296,256,2.075158758095728,0.8917098035724058,17.12995933697877,19859,20103,6,1,Lorenz,4
1.003043532371521,1.3688995740601537,0.990773618221283,1.395965337753296,256,2.075158758095728,0.8917098035724058,17.12995933697877,19859,20103,7,1,Lorenz,4
1.003043532371521,1.3688995740601537,0.9914628863334656,1.395965337753296,256,2.075158758095728,0.8917098035724058,17.12995933697877,19859,20103,8,1,Lorenz,4
1.003043532371521,1.3688995740601537,0.9911818504333496,1.395965337753296,256,2.075158758095728,0.8917098035724058,17.12995933697877,19859,20103,9,1,Lorenz,4
1.003043532371521,1.3688995740601537,0.9915139675140381,1.395965337753296,256,2.075158758095728,0.8917098035724058,17.12995933697877,19859,20103,10,1,Lorenz,4
1.003043532371521,1.3688995740601537,0.9914273023605347,1.395965337753296,256,2.075158758095728,0.8917098035724058,17.12995933697877,19859,20103,11,1,Lorenz,4
1.003043532371521,1.3688995740601537,0.9914467334747314,1.395965337753296,256,2.075158758095728,0.8917098035724058,17.12995933697877,19859,20103,12,1,Lorenz,4
1.003043532371521,1.3688995740601537,0.9915802478790283,1.395965337753296,256,2.075158758095728,0.8917098035724058,17.12995933697877,19859,20103,13,1,Lorenz,4
1.003043532371521,1.3688995740601537,0.991416335105896,1.395965337753296,256,2.075158758095728,0.8917098035724058,17.12995933697877,19859,20103,14,1,Lorenz,4
1.003043532371521,1.3688995740601537,0.9917094111442566,1.395965337753296,256,2.075158758095728,0.8917098035724058,17.12995933697877,19859,20103,15,1,Lorenz,4
1.003043532371521,1.3688995740601537,0.9913438558578491,1.395965337753296,256,2.075158758095728,0.8917098035724058,17.12995933697877,19859,20103,16,1,Lorenz,4
0.482145220041275,0.13181273991180437,0.7032181024551392,0.014315934851765633,8,2.075158758095728,0.8917098035724058,0.5353112292805866,19859,20103,1,2,Lorenz,4
0.482145220041275,0.13181273991180437,0.4088156521320343,0.014315934851765633,8,2.075158758095728,0.8917098035724058,0.5353112292805866,19859,20103,2,2,Lorenz,4
0.482145220041275,0.13181273991180437,0.2775057554244995,0.014315934851765633,8,2.075158758095728,0.8917098035724058,0.5353112292805866,19859,20103,3,2,Lorenz,4
0.482145220041275,0.13181273991180437,0.2597564458847046,0.014315934851765633,8,2.075158758095728,0.8917098035724058,0.5353112292805866,19859,20103,4,2,Lorenz,4
0.482145220041275,0.13181273991180437,0.30073267221450806,0.014315934851765633,8,2.075158758095728,0.8917098035724058,0.5353112292805866,19859,20103,5,2,Lorenz,4
0.482145220041275,0.13181273991180437,0.3403811454772949,0.014315934851765633,8,2.075158758095728,0.8917098035724058,0.5353112292805866,19859,20103,6,2,Lorenz,4
0.482145220041275,0.13181273991180437,0.3716373145580292,0.014315934851765633,8,2.075158758095728,0.8917098035724058,0.5353112292805866,19859,20103,7,2,Lorenz,4
0.482145220041275,0.13181273991180437,0.3963783085346222,0.014315934851765633,8,2.075158758095728,0.8917098035724058,0.5353112292805866,19859,20103,8,2,Lorenz,4
0.482145220041275,0.13181273991180437,0.4232853055000305,0.014315934851765633,8,2.075158758095728,0.8917098035724058,0.5353112292805866,19859,20103,9,2,Lorenz,4
0.482145220041275,0.13181273991180437,0.4430692195892334,0.014315934851765633,8,2.075158758095728,0.8917098035724058,0.5353112292805866,19859,20103,10,2,Lorenz,4
0.482145220041275,0.13181273991180437,0.46344393491744995,0.014315934851765633,8,2.075158758095728,0.8917098035724058,0.5353112292805866,19859,20103,11,2,Lorenz,4
0.482145220041275,0.13181273991180437,0.4780765175819397,0.014315934851765633,8,2.075158758095728,0.8917098035724058,0.5353112292805866,19859,20103,12,2,Lorenz,4
0.482145220041275,0.13181273991180437,0.4980328679084778,0.014315934851765633,8,2.075158758095728,0.8917098035724058,0.5353112292805866,19859,20103,13,2,Lorenz,4
0.482145220041275,0.13181273991180437,0.5085445046424866,0.014315934851765633,8,2.075158758095728,0.8917098035724058,0.5353112292805866,19859,20103,14,2,Lorenz,4
0.482145220041275,0.13181273991180437,0.5178080201148987,0.014315934851765633,8,2.075158758095728,0.8917098035724058,0.5353112292805866,19859,20103,15,2,Lorenz,4
0.482145220041275,0.13181273991180437,0.5222064256668091,0.014315934851765633,8,2.075158758095728,0.8917098035724058,0.5353112292805866,19859,20103,16,2,Lorenz,4
0.9654703736305237,0.6556277439945735,0.9752846956253052,0.2596978545188904,32,2.075158758095728,0.8917098035724058,2.1412449171223464,19859,20103,1,2,Lorenz,4
0.9654703736305237,0.6556277439945735,0.9649437665939331,0.2596978545188904,32,2.075158758095728,0.8917098035724058,2.1412449171223464,19859,20103,2,2,Lorenz,4
0.9654703736305237,0.6556277439945735,0.9578790068626404,0.2596978545188904,32,2.075158758095728,0.8917098035724058,2.1412449171223464,19859,20103,3,2,Lorenz,4
0.9654703736305237,0.6556277439945735,0.9564706683158875,0.2596978545188904,32,2.075158758095728,0.8917098035724058,2.1412449171223464,19859,20103,4,2,Lorenz,4
0.9654703736305237,0.6556277439945735,0.9541229605674744,0.2596978545188904,32,2.075158758095728,0.8917098035724058,2.1412449171223464,19859,20103,5,2,Lorenz,4
0.9654703736305237,0.6556277439945735,0.9534144401550293,0.2596978545188904,32,2.075158758095728,0.8917098035724058,2.1412449171223464,19859,20103,6,2,Lorenz,4
0.9654703736305237,0.6556277439945735,0.9572826027870178,0.2596978545188904,32,2.075158758095728,0.8917098035724058,2.1412449171223464,19859,20103,7,2,Lorenz,4
0.9654703736305237,0.6556277439945735,0.9557695388793945,0.2596978545188904,32,2.075158758095728,0.8917098035724058,2.1412449171223464,19859,20103,8,2,Lorenz,4
0.9654703736305237,0.6556277439945735,0.9570121765136719,0.2596978545188904,32,2.075158758095728,0.8917098035724058,2.1412449171223464,19859,20103,9,2,Lorenz,4
0.9654703736305237,0.6556277439945735,0.9557472467422485,0.2596978545188904,32,2.075158758095728,0.8917098035724058,2.1412449171223464,19859,20103,10,2,Lorenz,4
0.9654703736305237,0.6556277439945735,0.960140585899353,0.2596978545188904,32,2.075158758095728,0.8917098035724058,2.1412449171223464,19859,20103,11,2,Lorenz,4
0.9654703736305237,0.6556277439945735,0.955152153968811,0.2596978545188904,32,2.075158758095728,0.8917098035724058,2.1412449171223464,19859,20103,12,2,Lorenz,4
0.9654703736305237,0.6556277439945735,0.9603920578956604,0.2596978545188904,32,2.075158758095728,0.8917098035724058,2.1412449171223464,19859,20103,13,2,Lorenz,4
0.9654703736305237,0.6556277439945735,0.9586442112922668,0.2596978545188904,32,2.075158758095728,0.8917098035724058,2.1412449171223464,19859,20103,14,2,Lorenz,4
0.9654703736305237,0.6556277439945735,0.9603871703147888,0.2596978545188904,32,2.075158758095728,0.8917098035724058,2.1412449171223464,19859,20103,15,2,Lorenz,4
0.9654703736305237,0.6556277439945735,0.9586460590362549,0.2596978545188904,32,2.075158758095728,0.8917098035724058,2.1412449171223464,19859,20103,16,2,Lorenz,4
1.0557256937026978,1.3740207803791125,1.056207299232483,1.3481086492538452,128,2.075158758095728,0.8917098035724058,8.564979668489386,19859,20103,1,2,Lorenz,4
1.0557256937026978,1.3740207803791125,1.0505404472351074,1.3481086492538452,128,2.075158758095728,0.8917098035724058,8.564979668489386,19859,20103,2,2,Lorenz,4
1.0557256937026978,1.3740207803791125,1.044822335243225,1.3481086492538452,128,2.075158758095728,0.8917098035724058,8.564979668489386,19859,20103,3,2,Lorenz,4
1.0557256937026978,1.3740207803791125,1.046089768409729,1.3481086492538452,128,2.075158758095728,0.8917098035724058,8.564979668489386,19859,20103,4,2,Lorenz,4
1.0557256937026978,1.3740207803791125,1.045722484588623,1.3481086492538452,128,2.075158758095728,0.8917098035724058,8.564979668489386,19859,20103,5,2,Lorenz,4
1.0557256937026978,1.3740207803791125,1.045997142791748,1.3481086492538452,128,2.075158758095728,0.8917098035724058,8.564979668489386,19859,20103,6,2,Lorenz,4
1.0557256937026978,1.3740207803791125,1.0455007553100586,1.3481086492538452,128,2.075158758095728,0.8917098035724058,8.564979668489386,19859,20103,7,2,Lorenz,4
1.0557256937026978,1.3740207803791125,1.045969843864441,1.3481086492538452,128,2.075158758095728,0.8917098035724058,8.564979668489386,19859,20103,8,2,Lorenz,4
1.0557256937026978,1.3740207803791125,1.045653223991394,1.3481086492538452,128,2.075158758095728,0.8917098035724058,8.564979668489386,19859,20103,9,2,Lorenz,4
1.0557256937026978,1.3740207803791125,1.0458331108093262,1.3481086492538452,128,2.075158758095728,0.8917098035724058,8.564979668489386,19859,20103,10,2,Lorenz,4
1.0557256937026978,1.3740207803791125,1.0457557439804077,1.3481086492538452,128,2.075158758095728,0.8917098035724058,8.564979668489386,19859,20103,11,2,Lorenz,4
1.0557256937026978,1.3740207803791125,1.0458532571792603,1.3481086492538452,128,2.075158758095728,0.8917098035724058,8.564979668489386,19859,20103,12,2,Lorenz,4
1.0557256937026978,1.3740207803791125,1.0457936525344849,1.3481086492538452,128,2.075158758095728,0.8917098035724058,8.564979668489386,19859,20103,13,2,Lorenz,4
1.0557256937026978,1.3740207803791125,1.0459054708480835,1.3481086492538452,128,2.075158758095728,0.8917098035724058,8.564979668489386,19859,20103,14,2,Lorenz,4
1.0557256937026978,1.3740207803791125,1.0458626747131348,1.3481086492538452,128,2.075158758095728,0.8917098035724058,8.564979668489386,19859,20103,15,2,Lorenz,4
1.0557256937026978,1.3740207803791125,1.0459424257278442,1.3481086492538452,128,2.075158758095728,0.8917098035724058,8.564979668489386,19859,20103,16,2,Lorenz,4
1.0022672414779663,1.3688995740601537,0.9883124828338623,1.4837201833724976,256,2.075158758095728,0.8917098035724058,17.12995933697877,19859,20103,1,2,Lorenz,4
1.0022672414779663,1.3688995740601537,0.9913051128387451,1.4837201833724976,256,2.075158758095728,0.8917098035724058,17.12995933697877,19859,20103,2,2,Lorenz,4
1.0022672414779663,1.3688995740601537,0.9966508150100708,1.4837201833724976,256,2.075158758095728,0.8917098035724058,17.12995933697877,19859,20103,3,2,Lorenz,4
1.0022672414779663,1.3688995740601537,0.98897784948349,1.4837201833724976,256,2.075158758095728,0.8917098035724058,17.12995933697877,19859,20103,4,2,Lorenz,4
1.0022672414779663,1.3688995740601537,0.9928341507911682,1.4837201833724976,256,2.075158758095728,0.8917098035724058,17.12995933697877,19859,20103,5,2,Lorenz,4
1.0022672414779663,1.3688995740601537,0.9912036657333374,1.4837201833724976,256,2.075158758095728,0.8917098035724058,17.12995933697877,19859,20103,6,2,Lorenz,4
1.0022672414779663,1.3688995740601537,0.9920679926872253,1.4837201833724976,256,2.075158758095728,0.8917098035724058,17.12995933697877,19859,20103,7,2,Lorenz,4
1.0022672414779663,1.3688995740601537,0.9908568859100342,1.4837201833724976,256,2.075158758095728,0.8917098035724058,17.12995933697877,19859,20103,8,2,Lorenz,4
1.0022672414779663,1.3688995740601537,0.9920439720153809,1.4837201833724976,256,2.075158758095728,0.8917098035724058,17.12995933697877,19859,20103,9,2,Lorenz,4
1.0022672414779663,1.3688995740601537,0.991935133934021,1.4837201833724976,256,2.075158758095728,0.8917098035724058,17.12995933697877,19859,20103,10,2,Lorenz,4
1.0022672414779663,1.3688995740601537,0.9905432462692261,1.4837201833724976,256,2.075158758095728,0.8917098035724058,17.12995933697877,19859,20103,11,2,Lorenz,4
1.0022672414779663,1.3688995740601537,0.9930880665779114,1.4837201833724976,256,2.075158758095728,0.8917098035724058,17.12995933697877,19859,20103,12,2,Lorenz,4
1.0022672414779663,1.3688995740601537,0.9904680252075195,1.4837201833724976,256,2.075158758095728,0.8917098035724058,17.12995933697877,19859,20103,13,2,Lorenz,4
1.0022672414779663,1.3688995740601537,0.9925728440284729,1.4837201833724976,256,2.075158758095728,0.8917098035724058,17.12995933697877,19859,20103,14,2,Lorenz,4
1.0022672414779663,1.3688995740601537,0.9908276796340942,1.4837201833724976,256,2.075158758095728,0.8917098035724058,17.12995933697877,19859,20103,15,2,Lorenz,4
1.0022672414779663,1.3688995740601537,0.9929815530776978,1.4837201833724976,256,2.075158758095728,0.8917098035724058,17.12995933697877,19859,20103,16,2,Lorenz,4
0.9014357924461365,0.3283958414822222,0.9177113175392151,0.4547345042228699,8,2.1271136075295507,0.6324054000339867,1.256968973107552,19859,20103,1,0,Thomas,4
0.9014357924461365,0.3283958414822222,0.877341091632843,0.4547345042228699,8,2.1271136075295507,0.6324054000339867,1.256968973107552,19859,20103,2,0,Thomas,4
0.9014357924461365,0.3283958414822222,0.8596083521842957,0.4547345042228699,8,2.1271136075295507,0.6324054000339867,1.256968973107552,19859,20103,3,0,Thomas,4
0.9014357924461365,0.3283958414822222,0.8618937134742737,0.4547345042228699,8,2.1271136075295507,0.6324054000339867,1.256968973107552,19859,20103,4,0,Thomas,4
0.9014357924461365,0.3283958414822222,0.8722778558731079,0.4547345042228699,8,2.1271136075295507,0.6324054000339867,1.256968973107552,19859,20103,5,0,Thomas,4
0.9014357924461365,0.3283958414822222,0.8748881220817566,0.4547345042228699,8,2.1271136075295507,0.6324054000339867,1.256968973107552,19859,20103,6,0,Thomas,4
0.9014357924461365,0.3283958414822222,0.8843094110488892,0.4547345042228699,8,2.1271136075295507,0.6324054000339867,1.256968973107552,19859,20103,7,0,Thomas,4
0.9014357924461365,0.3283958414822222,0.8949407935142517,0.4547345042228699,8,2.1271136075295507,0.6324054000339867,1.256968973107552,19859,20103,8,0,Thomas,4
0.9014357924461365,0.3283958414822222,0.9017813205718994,0.4547345042228699,8,2.1271136075295507,0.6324054000339867,1.256968973107552,19859,20103,9,0,Thomas,4
0.9014357924461365,0.3283958414822222,0.9075223207473755,0.4547345042228699,8,2.1271136075295507,0.6324054000339867,1.256968973107552,19859,20103,10,0,Thomas,4
0.9014357924461365,0.3283958414822222,0.9168517589569092,0.4547345042228699,8,2.1271136075295507,0.6324054000339867,1.256968973107552,19859,20103,11,0,Thomas,4
0.9014357924461365,0.3283958414822222,0.9186896085739136,0.4547345042228699,8,2.1271136075295507,0.6324054000339867,1.256968973107552,19859,20103,12,0,Thomas,4
0.9014357924461365,0.3283958414822222,0.9216293096542358,0.4547345042228699,8,2.1271136075295507,0.6324054000339867,1.256968973107552,19859,20103,13,0,Thomas,4
0.9014357924461365,0.3283958414822222,0.9219008684158325,0.4547345042228699,8,2.1271136075295507,0.6324054000339867,1.256968973107552,19859,20103,14,0,Thomas,4
0.9014357924461365,0.3283958414822222,0.9241651296615601,0.4547345042228699,8,2.1271136075295507,0.6324054000339867,1.256968973107552,19859,20103,15,0,Thomas,4
0.9014357924461365,0.3283958414822222,0.9182922840118408,0.4547345042228699,8,2.1271136075295507,0.6324054000339867,1.256968973107552,19859,20103,16,0,Thomas,4
1.0102763175964355,1.1059790842348414,1.0211673974990845,1.5162972211837769,32,2.1271136075295507,0.6324054000339867,5.027875892430208,19859,20103,1,0,Thomas,4
1.0102763175964355,1.1059790842348414,1.0122244358062744,1.5162972211837769,32,2.1271136075295507,0.6324054000339867,5.027875892430208,19859,20103,2,0,Thomas,4
1.0102763175964355,1.1059790842348414,1.0156700611114502,1.5162972211837769,32,2.1271136075295507,0.6324054000339867,5.027875892430208,19859,20103,3,0,Thomas,4
1.0102763175964355,1.1059790842348414,1.0197304487228394,1.5162972211837769,32,2.1271136075295507,0.6324054000339867,5.027875892430208,19859,20103,4,0,Thomas,4
1.0102763175964355,1.1059790842348414,1.0253357887268066,1.5162972211837769,32,2.1271136075295507,0.6324054000339867,5.027875892430208,19859,20103,5,0,Thomas,4
1.0102763175964355,1.1059790842348414,1.0292093753814697,1.5162972211837769,32,2.1271136075295507,0.6324054000339867,5.027875892430208,19859,20103,6,0,Thomas,4
1.0102763175964355,1.1059790842348414,1.032456874847412,1.5162972211837769,32,2.1271136075295507,0.6324054000339867,5.027875892430208,19859,20103,7,0,Thomas,4
1.0102763175964355,1.1059790842348414,1.038241982460022,1.5162972211837769,32,2.1271136075295507,0.6324054000339867,5.027875892430208,19859,20103,8,0,Thomas,4
1.0102763175964355,1.1059790842348414,1.0404629707336426,1.5162972211837769,32,2.1271136075295507,0.6324054000339867,5.027875892430208,19859,20103,9,0,Thomas,4
1.0102763175964355,1.1059790842348414,1.0458797216415405,1.5162972211837769,32,2.1271136075295507,0.6324054000339867,5.027875892430208,19859,20103,10,0,Thomas,4
1.0102763175964355,1.1059790842348414,1.0475038290023804,1.5162972211837769,32,2.1271136075295507,0.6324054000339867,5.027875892430208,19859,20103,11,0,Thomas,4
1.0102763175964355,1.1059790842348414,1.0550907850265503,1.5162972211837769,32,2.1271136075295507,0.6324054000339867,5.027875892430208,19859,20103,12,0,Thomas,4
1.0102763175964355,1.1059790842348414,1.0560632944107056,1.5162972211837769,32,2.1271136075295507,0.6324054000339867,5.027875892430208,19859,20103,13,0,Thomas,4
1.0102763175964355,1.1059790842348414,1.062301754951477,1.5162972211837769,32,2.1271136075295507,0.6324054000339867,5.027875892430208,19859,20103,14,0,Thomas,4
1.0102763175964355,1.1059790842348414,1.0641109943389893,1.5162972211837769,32,2.1271136075295507,0.6324054000339867,5.027875892430208,19859,20103,15,0,Thomas,4
1.0102763175964355,1.1059790842348414,1.0704156160354614,1.5162972211837769,32,2.1271136075295507,0.6324054000339867,5.027875892430208,19859,20103,16,0,Thomas,4
1.0066221952438354,1.4475659008913118,1.0114285945892334,1.4157313108444214,128,2.1271136075295507,0.6324054000339867,20.11150356972083,19859,20103,1,0,Thomas,4
1.0066221952438354,1.4475659008913118,1.0113223791122437,1.4157313108444214,128,2.1271136075295507,0.6324054000339867,20.11150356972083,19859,20103,2,0,Thomas,4
1.0066221952438354,1.4475659008913118,1.0117439031600952,1.4157313108444214,128,2.1271136075295507,0.6324054000339867,20.11150356972083,19859,20103,3,0,Thomas,4
1.0066221952438354,1.4475659008913118,1.011858344078064,1.4157313108444214,128,2.1271136075295507,0.6324054000339867,20.11150356972083,19859,20103,4,0,Thomas,4
1.0066221952438354,1.4475659008913118,1.011046290397644,1.4157313108444214,128,2.1271136075295507,0.6324054000339867,20.11150356972083,19859,20103,5,0,Thomas,4
1.0066221952438354,1.4475659008913118,1.0099793672561646,1.4157313108444214,128,2.1271136075295507,0.6324054000339867,20.11150356972083,19859,20103,6,0,Thomas,4
1.0066221952438354,1.4475659008913118,1.0121296644210815,1.4157313108444214,128,2.1271136075295507,0.6324054000339867,20.11150356972083,19859,20103,7,0,Thomas,4
1.0066221952438354,1.4475659008913118,1.0103460550308228,1.4157313108444214,128,2.1271136075295507,0.6324054000339867,20.11150356972083,19859,20103,8,0,Thomas,4
1.0066221952438354,1.4475659008913118,1.011817455291748,1.4157313108444214,128,2.1271136075295507,0.6324054000339867,20.11150356972083,19859,20103,9,0,Thomas,4
1.0066221952438354,1.4475659008913118,1.0103827714920044,1.4157313108444214,128,2.1271136075295507,0.6324054000339867,20.11150356972083,19859,20103,10,0,Thomas,4
1.0066221952438354,1.4475659008913118,1.0122348070144653,1.4157313108444214,128,2.1271136075295507,0.6324054000339867,20.11150356972083,19859,20103,11,0,Thomas,4
1.0066221952438354,1.4475659008913118,1.0114504098892212,1.4157313108444214,128,2.1271136075295507,0.6324054000339867,20.11150356972083,19859,20103,12,0,Thomas,4
1.0066221952438354,1.4475659008913118,1.012080430984497,1.4157313108444214,128,2.1271136075295507,0.6324054000339867,20.11150356972083,19859,20103,13,0,Thomas,4
1.0066221952438354,1.4475659008913118,1.0116554498672485,1.4157313108444214,128,2.1271136075295507,0.6324054000339867,20.11150356972083,19859,20103,14,0,Thomas,4
1.0066221952438354,1.4475659008913118,1.013559341430664,1.4157313108444214,128,2.1271136075295507,0.6324054000339867,20.11150356972083,19859,20103,15,0,Thomas,4
1.0066221952438354,1.4475659008913118,1.0126621723175049,1.4157313108444214,128,2.1271136075295507,0.6324054000339867,20.11150356972083,19859,20103,16,0,Thomas,4
1.0671195983886719,1.3561859575105177,1.0311940908432007,1.4292502403259277,256,2.1271136075295507,0.6324054000339867,40.22300713944166,19859,20103,1,0,Thomas,4
1.0671195983886719,1.3561859575105177,1.027489423751831,1.4292502403259277,256,2.1271136075295507,0.6324054000339867,40.22300713944166,19859,20103,2,0,Thomas,4
1.0671195983886719,1.3561859575105177,1.029165506362915,1.4292502403259277,256,2.1271136075295507,0.6324054000339867,40.22300713944166,19859,20103,3,0,Thomas,4
1.0671195983886719,1.3561859575105177,1.0314357280731201,1.4292502403259277,256,2.1271136075295507,0.6324054000339867,40.22300713944166,19859,20103,4,0,Thomas,4
1.0671195983886719,1.3561859575105177,1.0336474180221558,1.4292502403259277,256,2.1271136075295507,0.6324054000339867,40.22300713944166,19859,20103,5,0,Thomas,4
1.0671195983886719,1.3561859575105177,1.0333350896835327,1.4292502403259277,256,2.1271136075295507,0.6324054000339867,40.22300713944166,19859,20103,6,0,Thomas,4
1.0671195983886719,1.3561859575105177,1.0351300239562988,1.4292502403259277,256,2.1271136075295507,0.6324054000339867,40.22300713944166,19859,20103,7,0,Thomas,4
1.0671195983886719,1.3561859575105177,1.034276008605957,1.4292502403259277,256,2.1271136075295507,0.6324054000339867,40.22300713944166,19859,20103,8,0,Thomas,4
1.0671195983886719,1.3561859575105177,1.0359596014022827,1.4292502403259277,256,2.1271136075295507,0.6324054000339867,40.22300713944166,19859,20103,9,0,Thomas,4
1.0671195983886719,1.3561859575105177,1.0349642038345337,1.4292502403259277,256,2.1271136075295507,0.6324054000339867,40.22300713944166,19859,20103,10,0,Thomas,4
1.0671195983886719,1.3561859575105177,1.0365701913833618,1.4292502403259277,256,2.1271136075295507,0.6324054000339867,40.22300713944166,19859,20103,11,0,Thomas,4
1.0671195983886719,1.3561859575105177,1.0354180335998535,1.4292502403259277,256,2.1271136075295507,0.6324054000339867,40.22300713944166,19859,20103,12,0,Thomas,4
1.0671195983886719,1.3561859575105177,1.037053108215332,1.4292502403259277,256,2.1271136075295507,0.6324054000339867,40.22300713944166,19859,20103,13,0,Thomas,4
1.0671195983886719,1.3561859575105177,1.0357754230499268,1.4292502403259277,256,2.1271136075295507,0.6324054000339867,40.22300713944166,19859,20103,14,0,Thomas,4
1.0671195983886719,1.3561859575105177,1.0373445749282837,1.4292502403259277,256,2.1271136075295507,0.6324054000339867,40.22300713944166,19859,20103,15,0,Thomas,4
1.0671195983886719,1.3561859575105177,1.0360287427902222,1.4292502403259277,256,2.1271136075295507,0.6324054000339867,40.22300713944166,19859,20103,16,0,Thomas,4
0.8797214031219482,0.3283958414822222,0.935941755771637,0.4139050543308258,8,2.1271136075295507,0.6324054000339867,1.256968973107552,19859,20103,1,1,Thomas,4
0.8797214031219482,0.3283958414822222,0.853335976600647,0.4139050543308258,8,2.1271136075295507,0.6324054000339867,1.256968973107552,19859,20103,2,1,Thomas,4
0.8797214031219482,0.3283958414822222,0.8151974081993103,0.4139050543308258,8,2.1271136075295507,0.6324054000339867,1.256968973107552,19859,20103,3,1,Thomas,4
0.8797214031219482,0.3283958414822222,0.8105462789535522,0.4139050543308258,8,2.1271136075295507,0.6324054000339867,1.256968973107552,19859,20103,4,1,Thomas,4
0.8797214031219482,0.3283958414822222,0.8314258456230164,0.4139050543308258,8,2.1271136075295507,0.6324054000339867,1.256968973107552,19859,20103,5,1,Thomas,4
0.8797214031219482,0.3283958414822222,0.8317888975143433,0.4139050543308258,8,2.1271136075295507,0.6324054000339867,1.256968973107552,19859,20103,6,1,Thomas,4
0.8797214031219482,0.3283958414822222,0.8372360467910767,0.4139050543308258,8,2.1271136075295507,0.6324054000339867,1.256968973107552,19859,20103,7,1,Thomas,4
0.8797214031219482,0.3283958414822222,0.8451579213142395,0.4139050543308258,8,2.1271136075295507,0.6324054000339867,1.256968973107552,19859,20103,8,1,Thomas,4
0.8797214031219482,0.3283958414822222,0.8501307368278503,0.4139050543308258,8,2.1271136075295507,0.6324054000339867,1.256968973107552,19859,20103,9,1,Thomas,4
0.8797214031219482,0.3283958414822222,0.8538109660148621,0.4139050543308258,8,2.1271136075295507,0.6324054000339867,1.256968973107552,19859,20103,10,1,Thomas,4
0.8797214031219482,0.3283958414822222,0.8576909899711609,0.4139050543308258,8,2.1271136075295507,0.6324054000339867,1.256968973107552,19859,20103,11,1,Thomas,4
0.8797214031219482,0.3283958414822222,0.8587663769721985,0.4139050543308258,8,2.1271136075295507,0.6324054000339867,1.256968973107552,19859,20103,12,1,Thomas,4
0.8797214031219482,0.3283958414822222,0.8649179935455322,0.4139050543308258,8,2.1271136075295507,0.6324054000339867,1.256968973107552,19859,20103,13,1,Thomas,4
0.8797214031219482,0.3283958414822222,0.8679081797599792,0.4139050543308258,8,2.1271136075295507,0.6324054000339867,1.256968973107552,19859,20103,14,1,Thomas,4
0.8797214031219482,0.3283958414822222,0.8684395551681519,0.4139050543308258,8,2.1271136075295507,0.6324054000339867,1.256968973107552,19859,20103,15,1,Thomas,4
0.8797214031219482,0.3283958414822222,0.8674598932266235,0.4139050543308258,8,2.1271136075295507,0.6324054000339867,1.256968973107552,19859,20103,16,1,Thomas,4
1.0142865180969238,1.1059790842348414,1.0124014616012573,1.420538306236267,32,2.1271136075295507,0.6324054000339867,5.027875892430208,19859,20103,1,1,Thomas,4
1.0142865180969238,1.1059790842348414,1.0079033374786377,1.420538306236267,32,2.1271136075295507,0.6324054000339867,5.027875892430208,19859,20103,2,1,Thomas,4
1.0142865180969238,1.1059790842348414,1.0111032724380493,1.420538306236267,32,2.1271136075295507,0.6324054000339867,5.027875892430208,19859,20103,3,1,Thomas,4
1.0142865180969238,1.1059790842348414,1.0039312839508057,1.420538306236267,32,2.1271136075295507,0.6324054000339867,5.027875892430208,19859,20103,4,1,Thomas,4
1.0142865180969238,1.1059790842348414,1.0069677829742432,1.420538306236267,32,2.1271136075295507,0.6324054000339867,5.027875892430208,19859,20103,5,1,Thomas,4
1.0142865180969238,1.1059790842348414,1.0041964054107666,1.420538306236267,32,2.1271136075295507,0.6324054000339867,5.027875892430208,19859,20103,6,1,Thomas,4
1.0142865180969238,1.1059790842348414,1.0052080154418945,1.420538306236267,32,2.1271136075295507,0.6324054000339867,5.027875892430208,19859,20103,7,1,Thomas,4
1.0142865180969238,1.1059790842348414,1.0039598941802979,1.420538306236267,32,2.1271136075295507,0.6324054000339867,5.027875892430208,19859,20103,8,1,Thomas,4
1.0142865180969238,1.1059790842348414,1.004098892211914,1.420538306236267,32,2.1271136075295507,0.6324054000339867,5.027875892430208,19859,20103,9,1,Thomas,4
1.0142865180969238,1.1059790842348414,1.0038678646087646,1.420538306236267,32,2.1271136075295507,0.6324054000339867,5.027875892430208,19859,20103,10,1,Thomas,4
1.0142865180969238,1.1059790842348414,1.0038280487060547,1.420538306236267,32,2.1271136075295507,0.6324054000339867,5.027875892430208,19859,20103,11,1,Thomas,4
1.0142865180969238,1.1059790842348414,1.0037825107574463,1.420538306236267,32,2.1271136075295507,0.6324054000339867,5.027875892430208,19859,20103,12,1,Thomas,4
1.0142865180969238,1.1059790842348414,1.003759503364563,1.420538306236267,32,2.1271136075295507,0.6324054000339867,5.027875892430208,19859,20103,13,1,Thomas,4
1.0142865180969238,1.1059790842348414,1.003582239151001,1.420538306236267,32,2.1271136075295507,0.6324054000339867,5.027875892430208,19859,20103,14,1,Thomas,4
1.0142865180969238,1.1059790842348414,1.0036810636520386,1.420538306236267,32,2.1271136075295507,0.6324054000339867,5.027875892430208,19859,20103,15,1,Thomas,4
1.0142865180969238,1.1059790842348414,1.0033845901489258,1.420538306236267,32,2.1271136075295507,0.6324054000339867,5.027875892430208,19859,20103,16,1,Thomas,4
1.0185643434524536,1.4475659008913118,1.0055932998657227,1.391263484954834,128,2.1271136075295507,0.6324054000339867,20.11150356972083,19859,20103,1,1,Thomas,4
1.0185643434524536,1.4475659008913118,1.0083361864089966,1.391263484954834,128,2.1271136075295507,0.6324054000339867,20.11150356972083,19859,20103,2,1,Thomas,4
1.0185643434524536,1.4475659008913118,1.0085612535476685,1.391263484954834,128,2.1271136075295507,0.6324054000339867,20.11150356972083,19859,20103,3,1,Thomas,4
1.0185643434524536,1.4475659008913118,1.0087560415267944,1.391263484954834,128,2.1271136075295507,0.6324054000339867,20.11150356972083,19859,20103,4,1,Thomas,4
1.0185643434524536,1.4475659008913118,1.0087053775787354,1.391263484954834,128,2.1271136075295507,0.6324054000339867,20.11150356972083,19859,20103,5,1,Thomas,4
1.0185643434524536,1.4475659008913118,1.0082566738128662,1.391263484954834,128,2.1271136075295507,0.6324054000339867,20.11150356972083,19859,20103,6,1,Thomas,4
1.0185643434524536,1.4475659008913118,1.0079824924468994,1.391263484954834,128,2.1271136075295507,0.6324054000339867,20.11150356972083,19859,20103,7,1,Thomas,4
1.0185643434524536,1.4475659008913118,1.0078167915344238,1.391263484954834,128,2.1271136075295507,0.6324054000339867,20.11150356972083,19859,20103,8,1,Thomas,4
1.0185643434524536,1.4475659008913118,1.007641315460205,1.391263484954834,128,2.1271136075295507,0.6324054000339867,20.11150356972083,19859,20103,9,1,Thomas,4
1.0185643434524536,1.4475659008913118,1.007624626159668,1.391263484954834,128,2.1271136075295507,0.6324054000339867,20.11150356972083,19859,20103,10,1,Thomas,4
1.0185643434524536,1.4475659008913118,1.0075488090515137,1.391263484954834,128,2.1271136075295507,0.6324054000339867,20.11150356972083,19859,20103,11,1,Thomas,4
1.0185643434524536,1.4475659008913118,1.0076266527175903,1.391263484954834,128,2.1271136075295507,0.6324054000339867,20.11150356972083,19859,20103,12,1,Thomas,4
1.0185643434524536,1.4475659008913118,1.0076900720596313,1.391263484954834,128,2.1271136075295507,0.6324054000339867,20.11150356972083,19859,20103,13,1,Thomas,4
1.0185643434524536,1.4475659008913118,1.0078603029251099,1.391263484954834,128,2.1271136075295507,0.6324054000339867,20.11150356972083,19859,20103,14,1,Thomas,4
1.0185643434524536,1.4475659008913118,1.00796639919281,1.391263484954834,128,2.1271136075295507,0.6324054000339867,20.11150356972083,19859,20103,15,1,Thomas,4
1.0185643434524536,1.4475659008913118,1.0080978870391846,1.391263484954834,128,2.1271136075295507,0.6324054000339867,20.11150356972083,19859,20103,16,1,Thomas,4
1.046101689338684,1.3561859575105177,1.015775203704834,1.4304416179656982,256,2.1271136075295507,0.6324054000339867,40.22300713944166,19859,20103,1,1,Thomas,4
1.046101689338684,1.3561859575105177,1.0243138074874878,1.4304416179656982,256,2.1271136075295507,0.6324054000339867,40.22300713944166,19859,20103,2,1,Thomas,4
1.046101689338684,1.3561859575105177,1.0255608558654785,1.4304416179656982,256,2.1271136075295507,0.6324054000339867,40.22300713944166,19859,20103,3,1,Thomas,4
1.046101689338684,1.3561859575105177,1.0270087718963623,1.4304416179656982,256,2.1271136075295507,0.6324054000339867,40.22300713944166,19859,20103,4,1,Thomas,4
1.046101689338684,1.3561859575105177,1.026658296585083,1.4304416179656982,256,2.1271136075295507,0.6324054000339867,40.22300713944166,19859,20103,5,1,Thomas,4
1.046101689338684,1.3561859575105177,1.0273069143295288,1.4304416179656982,256,2.1271136075295507,0.6324054000339867,40.22300713944166,19859,20103,6,1,Thomas,4
1.046101689338684,1.3561859575105177,1.0274019241333008,1.4304416179656982,256,2.1271136075295507,0.6324054000339867,40.22300713944166,19859,20103,7,1,Thomas,4
1.046101689338684,1.3561859575105177,1.027655839920044,1.4304416179656982,256,2.1271136075295507,0.6324054000339867,40.22300713944166,19859,20103,8,1,Thomas,4
1.046101689338684,1.3561859575105177,1.0277272462844849,1.4304416179656982,256,2.1271136075295507,0.6324054000339867,40.22300713944166,19859,20103,9,1,Thomas,4
1.046101689338684,1.3561859575105177,1.0277734994888306,1.4304416179656982,256,2.1271136075295507,0.6324054000339867,40.22300713944166,19859,20103,10,1,Thomas,4
1.046101689338684,1.3561859575105177,1.027833104133606,1.4304416179656982,256,2.1271136075295507,0.6324054000339867,40.22300713944166,19859,20103,11,1,Thomas,4
1.046101689338684,1.3561859575105177,1.0277975797653198,1.4304416179656982,256,2.1271136075295507,0.6324054000339867,40.22300713944166,19859,20103,12,1,Thomas,4
1.046101689338684,1.3561859575105177,1.0278608798980713,1.4304416179656982,256,2.1271136075295507,0.6324054000339867,40.22300713944166,19859,20103,13,1,Thomas,4
1.046101689338684,1.3561859575105177,1.027807593345642,1.4304416179656982,256,2.1271136075295507,0.6324054000339867,40.22300713944166,19859,20103,14,1,Thomas,4
1.046101689338684,1.3561859575105177,1.0278820991516113,1.4304416179656982,256,2.1271136075295507,0.6324054000339867,40.22300713944166,19859,20103,15,1,Thomas,4
1.046101689338684,1.3561859575105177,1.027833104133606,1.4304416179656982,256,2.1271136075295507,0.6324054000339867,40.22300713944166,19859,20103,16,1,Thomas,4
0.8984981179237366,0.3283958414822222,0.9317919611930847,0.4544302821159363,8,2.1271136075295507,0.6324054000339867,1.256968973107552,19859,20103,1,2,Thomas,4
0.8984981179237366,0.3283958414822222,0.8693283796310425,0.4544302821159363,8,2.1271136075295507,0.6324054000339867,1.256968973107552,19859,20103,2,2,Thomas,4
0.8984981179237366,0.3283958414822222,0.8457183241844177,0.4544302821159363,8,2.1271136075295507,0.6324054000339867,1.256968973107552,19859,20103,3,2,Thomas,4
0.8984981179237366,0.3283958414822222,0.8347454071044922,0.4544302821159363,8,2.1271136075295507,0.6324054000339867,1.256968973107552,19859,20103,4,2,Thomas,4
0.8984981179237366,0.3283958414822222,0.8325285315513611,0.4544302821159363,8,2.1271136075295507,0.6324054000339867,1.256968973107552,19859,20103,5,2,Thomas,4
0.8984981179237366,0.3283958414822222,0.8465888500213623,0.4544302821159363,8,2.1271136075295507,0.6324054000339867,1.256968973107552,19859,20103,6,2,Thomas,4
0.8984981179237366,0.3283958414822222,0.8427083492279053,0.4544302821159363,8,2.1271136075295507,0.6324054000339867,1.256968973107552,19859,20103,7,2,Thomas,4
0.8984981179237366,0.3283958414822222,0.8496061563491821,0.4544302821159363,8,2.1271136075295507,0.6324054000339867,1.256968973107552,19859,20103,8,2,Thomas,4
0.8984981179237366,0.3283958414822222,0.8567762970924377,0.4544302821159363,8,2.1271136075295507,0.6324054000339867,1.256968973107552,19859,20103,9,2,Thomas,4
0.8984981179237366,0.3283958414822222,0.8613178730010986,0.4544302821159363,8,2.1271136075295507,0.6324054000339867,1.256968973107552,19859,20103,10,2,Thomas,4
0.8984981179237366,0.3283958414822222,0.8597235679626465,0.4544302821159363,8,2.1271136075295507,0.6324054000339867,1.256968973107552,19859,20103,11,2,Thomas,4
0.8984981179237366,0.3283958414822222,0.863437294960022,0.4544302821159363,8,2.1271136075295507,0.6324054000339867,1.256968973107552,19859,20103,12,2,Thomas,4
0.8984981179237366,0.3283958414822222,0.8620867729187012,0.4544302821159363,8,2.1271136075295507,0.6324054000339867,1.256968973107552,19859,20103,13,2,Thomas,4
0.8984981179237366,0.3283958414822222,0.8654279708862305,0.4544302821159363,8,2.1271136075295507,0.6324054000339867,1.256968973107552,19859,20103,14,2,Thomas,4
0.8984981179237366,0.3283958414822222,0.865639865398407,0.4544302821159363,8,2.1271136075295507,0.6324054000339867,1.256968973107552,19859,20103,15,2,Thomas,4
0.8984981179237366,0.3283958414822222,0.8691890239715576,0.4544302821159363,8,2.1271136075295507,0.6324054000339867,1.256968973107552,19859,20103,16,2,Thomas,4
1.0181148052215576,1.1059790842348414,1.0146483182907104,1.4725521802902222,32,2.1271136075295507,0.6324054000339867,5.027875892430208,19859,20103,1,2,Thomas,4
1.0181148052215576,1.1059790842348414,1.0139034986495972,1.4725521802902222,32,2.1271136075295507,0.6324054000339867,5.027875892430208,19859,20103,2,2,Thomas,4
1.0181148052215576,1.1059790842348414,1.012440800666809,1.4725521802902222,32,2.1271136075295507,0.6324054000339867,5.027875892430208,19859,20103,3,2,Thomas,4
1.0181148052215576,1.1059790842348414,1.0077515840530396,1.4725521802902222,32,2.1271136075295507,0.6324054000339867,5.027875892430208,19859,20103,4,2,Thomas,4
1.0181148052215576,1.1059790842348414,1.009613037109375,1.4725521802902222,32,2.1271136075295507,0.6324054000339867,5.027875892430208,19859,20103,5,2,Thomas,4
1.0181148052215576,1.1059790842348414,1.0097283124923706,1.4725521802902222,32,2.1271136075295507,0.6324054000339867,5.027875892430208,19859,20103,6,2,Thomas,4
1.0181148052215576,1.1059790842348414,1.0102746486663818,1.4725521802902222,32,2.1271136075295507,0.6324054000339867,5.027875892430208,19859,20103,7,2,Thomas,4
1.0181148052215576,1.1059790842348414,1.0096170902252197,1.4725521802902222,32,2.1271136075295507,0.6324054000339867,5.027875892430208,19859,20103,8,2,Thomas,4
1.0181148052215576,1.1059790842348414,1.0104364156723022,1.4725521802902222,32,2.1271136075295507,0.6324054000339867,5.027875892430208,19859,20103,9,2,Thomas,4
1.0181148052215576,1.1059790842348414,1.010780930519104,1.4725521802902222,32,2.1271136075295507,0.6324054000339867,5.027875892430208,19859,20103,10,2,Thomas,4
1.0181148052215576,1.1059790842348414,1.0112841129302979,1.4725521802902222,32,2.1271136075295507,0.6324054000339867,5.027875892430208,19859,20103,11,2,Thomas,4
1.0181148052215576,1.1059790842348414,1.0112721920013428,1.4725521802902222,32,2.1271136075295507,0.6324054000339867,5.027875892430208,19859,20103,12,2,Thomas,4
1.0181148052215576,1.1059790842348414,1.0118459463119507,1.4725521802902222,32,2.1271136075295507,0.6324054000339867,5.027875892430208,19859,20103,13,2,Thomas,4
1.0181148052215576,1.1059790842348414,1.0111935138702393,1.4725521802902222,32,2.1271136075295507,0.6324054000339867,5.027875892430208,19859,20103,14,2,Thomas,4
1.0181148052215576,1.1059790842348414,1.011805772781372,1.4725521802902222,32,2.1271136075295507,0.6324054000339867,5.027875892430208,19859,20103,15,2,Thomas,4
1.0181148052215576,1.1059790842348414,1.0110810995101929,1.4725521802902222,32,2.1271136075295507,0.6324054000339867,5.027875892430208,19859,20103,16,2,Thomas,4
1.0109976530075073,1.4475659008913118,1.0111939907073975,1.4438419342041016,128,2.1271136075295507,0.6324054000339867,20.11150356972083,19859,20103,1,2,Thomas,4
1.0109976530075073,1.4475659008913118,1.0020124912261963,1.4438419342041016,128,2.1271136075295507,0.6324054000339867,20.11150356972083,19859,20103,2,2,Thomas,4
1.0109976530075073,1.4475659008913118,1.0028859376907349,1.4438419342041016,128,2.1271136075295507,0.6324054000339867,20.11150356972083,19859,20103,3,2,Thomas,4
1.0109976530075073,1.4475659008913118,1.003024935722351,1.4438419342041016,128,2.1271136075295507,0.6324054000339867,20.11150356972083,19859,20103,4,2,Thomas,4
1.0109976530075073,1.4475659008913118,1.0038518905639648,1.4438419342041016,128,2.1271136075295507,0.6324054000339867,20.11150356972083,19859,20103,5,2,Thomas,4
1.0109976530075073,1.4475659008913118,1.0054413080215454,1.4438419342041016,128,2.1271136075295507,0.6324054000339867,20.11150356972083,19859,20103,6,2,Thomas,4
1.0109976530075073,1.4475659008913118,1.00632643699646,1.4438419342041016,128,2.1271136075295507,0.6324054000339867,20.11150356972083,19859,20103,7,2,Thomas,4
1.0109976530075073,1.4475659008913118,1.0070221424102783,1.4438419342041016,128,2.1271136075295507,0.6324054000339867,20.11150356972083,19859,20103,8,2,Thomas,4
1.0109976530075073,1.4475659008913118,1.006866455078125,1.4438419342041016,128,2.1271136075295507,0.6324054000339867,20.11150356972083,19859,20103,9,2,Thomas,4
1.0109976530075073,1.4475659008913118,1.0070018768310547,1.4438419342041016,128,2.1271136075295507,0.6324054000339867,20.11150356972083,19859,20103,10,2,Thomas,4
1.0109976530075073,1.4475659008913118,1.0071247816085815,1.4438419342041016,128,2.1271136075295507,0.6324054000339867,20.11150356972083,19859,20103,11,2,Thomas,4
1.0109976530075073,1.4475659008913118,1.0073262453079224,1.4438419342041016,128,2.1271136075295507,0.6324054000339867,20.11150356972083,19859,20103,12,2,Thomas,4
1.0109976530075073,1.4475659008913118,1.0075513124465942,1.4438419342041016,128,2.1271136075295507,0.6324054000339867,20.11150356972083,19859,20103,13,2,Thomas,4
1.0109976530075073,1.4475659008913118,1.007609248161316,1.4438419342041016,128,2.1271136075295507,0.6324054000339867,20.11150356972083,19859,20103,14,2,Thomas,4
1.0109976530075073,1.4475659008913118,1.0077072381973267,1.4438419342041016,128,2.1271136075295507,0.6324054000339867,20.11150356972083,19859,20103,15,2,Thomas,4
1.0109976530075073,1.4475659008913118,1.0076141357421875,1.4438419342041016,128,2.1271136075295507,0.6324054000339867,20.11150356972083,19859,20103,16,2,Thomas,4
1.0475271940231323,1.3561859575105177,1.0335304737091064,1.447615146636963,256,2.1271136075295507,0.6324054000339867,40.22300713944166,19859,20103,1,2,Thomas,4
1.0475271940231323,1.3561859575105177,1.0341496467590332,1.447615146636963,256,2.1271136075295507,0.6324054000339867,40.22300713944166,19859,20103,2,2,Thomas,4
1.0475271940231323,1.3561859575105177,1.0396469831466675,1.447615146636963,256,2.1271136075295507,0.6324054000339867,40.22300713944166,19859,20103,3,2,Thomas,4
1.0475271940231323,1.3561859575105177,1.0448861122131348,1.447615146636963,256,2.1271136075295507,0.6324054000339867,40.22300713944166,19859,20103,4,2,Thomas,4
1.0475271940231323,1.3561859575105177,1.0445088148117065,1.447615146636963,256,2.1271136075295507,0.6324054000339867,40.22300713944166,19859,20103,5,2,Thomas,4
1.0475271940231323,1.3561859575105177,1.0479097366333008,1.447615146636963,256,2.1271136075295507,0.6324054000339867,40.22300713944166,19859,20103,6,2,Thomas,4
1.0475271940231323,1.3561859575105177,1.0482163429260254,1.447615146636963,256,2.1271136075295507,0.6324054000339867,40.22300713944166,19859,20103,7,2,Thomas,4
1.0475271940231323,1.3561859575105177,1.0493110418319702,1.447615146636963,256,2.1271136075295507,0.6324054000339867,40.22300713944166,19859,20103,8,2,Thomas,4
1.0475271940231323,1.3561859575105177,1.0494248867034912,1.447615146636963,256,2.1271136075295507,0.6324054000339867,40.22300713944166,19859,20103,9,2,Thomas,4
1.0475271940231323,1.3561859575105177,1.0503628253936768,1.447615146636963,256,2.1271136075295507,0.6324054000339867,40.22300713944166,19859,20103,10,2,Thomas,4
1.0475271940231323,1.3561859575105177,1.0499821901321411,1.447615146636963,256,2.1271136075295507,0.6324054000339867,40.22300713944166,19859,20103,11,2,Thomas,4
1.0475271940231323,1.3561859575105177,1.0505409240722656,1.447615146636963,256,2.1271136075295507,0.6324054000339867,40.22300713944166,19859,20103,12,2,Thomas,4
1.0475271940231323,1.3561859575105177,1.050279974937439,1.447615146636963,256,2.1271136075295507,0.6324054000339867,40.22300713944166,19859,20103,13,2,Thomas,4
1.0475271940231323,1.3561859575105177,1.0505770444869995,1.447615146636963,256,2.1271136075295507,0.6324054000339867,40.22300713944166,19859,20103,14,2,Thomas,4
1.0475271940231323,1.3561859575105177,1.0502972602844238,1.447615146636963,256,2.1271136075295507,0.6324054000339867,40.22300713944166,19859,20103,15,2,Thomas,4
1.0475271940231323,1.3561859575105177,1.050653100013733,1.447615146636963,256,2.1271136075295507,0.6324054000339867,40.22300713944166,19859,20103,16,2,Thomas,4
0.08840160071849823,0.008395047915079723,0.26784658432006836,0.0021593207493424416,8,6.81141589838772,0.03551120315239528,0.09048254563230318,20132,20068,1,0,HenonHeiles,4
0.08840160071849823,0.008395047915079723,0.10320421308279037,0.0021593207493424416,8,6.81141589838772,0.03551120315239528,0.09048254563230318,20132,20068,2,0,HenonHeiles,4
0.08840160071849823,0.008395047915079723,0.08346395939588547,0.0021593207493424416,8,6.81141589838772,0.03551120315239528,0.09048254563230318,20132,20068,3,0,HenonHeiles,4
0.08840160071849823,0.008395047915079723,0.08704950660467148,0.0021593207493424416,8,6.81141589838772,0.03551120315239528,0.09048254563230318,20132,20068,4,0,HenonHeiles,4
0.08840160071849823,0.008395047915079723,0.09531296789646149,0.0021593207493424416,8,6.81141589838772,0.03551120315239528,0.09048254563230318,20132,20068,5,0,HenonHeiles,4
0.08840160071849823,0.008395047915079723,0.1039850264787674,0.0021593207493424416,8,6.81141589838772,0.03551120315239528,0.09048254563230318,20132,20068,6,0,HenonHeiles,4
0.08840160071849823,0.008395047915079723,0.11177615821361542,0.0021593207493424416,8,6.81141589838772,0.03551120315239528,0.09048254563230318,20132,20068,7,0,HenonHeiles,4
0.08840160071849823,0.008395047915079723,0.11920419335365295,0.0021593207493424416,8,6.81141589838772,0.03551120315239528,0.09048254563230318,20132,20068,8,0,HenonHeiles,4
0.08840160071849823,0.008395047915079723,0.12618793547153473,0.0021593207493424416,8,6.81141589838772,0.03551120315239528,0.09048254563230318,20132,20068,9,0,HenonHeiles,4
0.08840160071849823,0.008395047915079723,0.13312433660030365,0.0021593207493424416,8,6.81141589838772,0.03551120315239528,0.09048254563230318,20132,20068,10,0,HenonHeiles,4
0.08840160071849823,0.008395047915079723,0.13977378606796265,0.0021593207493424416,8,6.81141589838772,0.03551120315239528,0.09048254563230318,20132,20068,11,0,HenonHeiles,4
0.08840160071849823,0.008395047915079723,0.1458061933517456,0.0021593207493424416,8,6.81141589838772,0.03551120315239528,0.09048254563230318,20132,20068,12,0,HenonHeiles,4
0.08840160071849823,0.008395047915079723,0.1502872258424759,0.0021593207493424416,8,6.81141589838772,0.03551120315239528,0.09048254563230318,20132,20068,13,0,HenonHeiles,4
0.08840160071849823,0.008395047915079723,0.15318657457828522,0.0021593207493424416,8,6.81141589838772,0.03551120315239528,0.09048254563230318,20132,20068,14,0,HenonHeiles,4
0.08840160071849823,0.008395047915079723,0.15546861290931702,0.0021593207493424416,8,6.81141589838772,0.03551120315239528,0.09048254563230318,20132,20068,15,0,HenonHeiles,4
0.08840160071849823,0.008395047915079723,0.15756186842918396,0.0021593207493424416,8,6.81141589838772,0.03551120315239528,0.09048254563230318,20132,20068,16,0,HenonHeiles,4
0.29485592246055603,0.011825912322764452,0.9364879131317139,0.0069122156128287315,32,6.81141589838772,0.03551120315239528,0.3619301825292127,20132,20068,1,0,HenonHeiles,4
0.29485592246055603,0.011825912322764452,0.3764484226703644,0.0069122156128287315,32,6.81141589838772,0.03551120315239528,0.3619301825292127,20132,20068,2,0,HenonHeiles,4
0.29485592246055603,0.011825912322764452,0.21269305050373077,0.0069122156128287315,32,6.81141589838772,0.03551120315239528,0.3619301825292127,20132,20068,3,0,HenonHeiles,4
0.29485592246055603,0.011825912322764452,0.20774111151695251,0.0069122156128287315,32,6.81141589838772,0.03551120315239528,0.3619301825292127,20132,20068,4,0,HenonHeiles,4
0.29485592246055603,0.011825912322764452,0.26313772797584534,0.0069122156128287315,32,6.81141589838772,0.03551120315239528,0.3619301825292127,20132,20068,5,0,HenonHeiles,4
0.29485592246055603,0.011825912322764452,0.3246445953845978,0.0069122156128287315,32,6.81141589838772,0.03551120315239528,0.3619301825292127,20132,20068,6,0,HenonHeiles,4
0.29485592246055603,0.011825912322764452,0.384352445602417,0.0069122156128287315,32,6.81141589838772,0.03551120315239528,0.3619301825292127,20132,20068,7,0,HenonHeiles,4
0.29485592246055603,0.011825912322764452,0.43611761927604675,0.0069122156128287315,32,6.81141589838772,0.03551120315239528,0.3619301825292127,20132,20068,8,0,HenonHeiles,4
0.29485592246055603,0.011825912322764452,0.4867265522480011,0.0069122156128287315,32,6.81141589838772,0.03551120315239528,0.3619301825292127,20132,20068,9,0,HenonHeiles,4
0.29485592246055603,0.011825912322764452,0.5397552251815796,0.0069122156128287315,32,6.81141589838772,0.03551120315239528,0.3619301825292127,20132,20068,10,0,HenonHeiles,4
0.29485592246055603,0.011825912322764452,0.5947604775428772,0.0069122156128287315,32,6.81141589838772,0.03551120315239528,0.3619301825292127,20132,20068,11,0,HenonHeiles,4
0.29485592246055603,0.011825912322764452,0.6426290273666382,0.0069122156128287315,32,6.81141589838772,0.03551120315239528,0.3619301825292127,20132,20068,12,0,HenonHeiles,4
0.29485592246055603,0.011825912322764452,0.6593382954597473,0.0069122156128287315,32,6.81141589838772,0.03551120315239528,0.3619301825292127,20132,20068,13,0,HenonHeiles,4
0.29485592246055603,0.011825912322764452,0.7038355469703674,0.0069122156128287315,32,6.81141589838772,0.03551120315239528,0.3619301825292127,20132,20068,14,0,HenonHeiles,4
0.29485592246055603,0.011825912322764452,0.7030853033065796,0.0069122156128287315,32,6.81141589838772,0.03551120315239528,0.3619301825292127,20132,20068,15,0,HenonHeiles,4
0.29485592246055603,0.011825912322764452,0.7114227414131165,0.0069122156128287315,32,6.81141589838772,0.03551120315239528,0.3619301825292127,20132,20068,16,0,HenonHeiles,4
1.0119553804397583,0.026766219436266492,0.9937861561775208,0.039157312363386154,128,6.81141589838772,0.03551120315239528,1.4477207301168509,20132,20068,1,0,HenonHeiles,4
1.0119553804397583,0.026766219436266492,1.0153716802597046,0.039157312363386154,128,6.81141589838772,0.03551120315239528,1.4477207301168509,20132,20068,2,0,HenonHeiles,4
1.0119553804397583,0.026766219436266492,1.0027984380722046,0.039157312363386154,128,6.81141589838772,0.03551120315239528,1.4477207301168509,20132,20068,3,0,HenonHeiles,4
1.0119553804397583,0.026766219436266492,0.9986984133720398,0.039157312363386154,128,6.81141589838772,0.03551120315239528,1.4477207301168509,20132,20068,4,0,HenonHeiles,4
1.0119553804397583,0.026766219436266492,0.9885536432266235,0.039157312363386154,128,6.81141589838772,0.03551120315239528,1.4477207301168509,20132,20068,5,0,HenonHeiles,4
1.0119553804397583,0.026766219436266492,0.9954473376274109,0.039157312363386154,128,6.81141589838772,0.03551120315239528,1.4477207301168509,20132,20068,6,0,HenonHeiles,4
1.0119553804397583,0.026766219436266492,0.9871230125427246,0.039157312363386154,128,6.81141589838772,0.03551120315239528,1.4477207301168509,20132,20068,7,0,HenonHeiles,4
1.0119553804397583,0.026766219436266492,0.9955823421478271,0.039157312363386154,128,6.81141589838772,0.03551120315239528,1.4477207301168509,20132,20068,8,0,HenonHeiles,4
1.0119553804397583,0.026766219436266492,0.9886415004730225,0.039157312363386154,128,6.81141589838772,0.03551120315239528,1.4477207301168509,20132,20068,9,0,HenonHeiles,4
1.0119553804397583,0.026766219436266492,0.9960896372795105,0.039157312363386154,128,6.81141589838772,0.03551120315239528,1.4477207301168509,20132,20068,10,0,HenonHeiles,4
1.0119553804397583,0.026766219436266492,0.9876842498779297,0.039157312363386154,128,6.81141589838772,0.03551120315239528,1.4477207301168509,20132,20068,11,0,HenonHeiles,4
1.0119553804397583,0.026766219436266492,1.004426121711731,0.039157312363386154,128,6.81141589838772,0.03551120315239528,1.4477207301168509,20132,20068,12,0,HenonHeiles,4
1.0119553804397583,0.026766219436266492,0.9893496632575989,0.039157312363386154,128,6.81141589838772,0.03551120315239528,1.4477207301168509,20132,20068,13,0,HenonHeiles,4
1.0119553804397583,0.026766219436266492,1.008577823638916,0.039157312363386154,128,6.81141589838772,0.03551120315239528,1.4477207301168509,20132,20068,14,0,HenonHeiles,4
1.0119553804397583,0.026766219436266492,0.9985294342041016,0.039157312363386154,128,6.81141589838772,0.03551120315239528,1.4477207301168509,20132,20068,15,0,HenonHeiles,4
1.0119553804397583,0.026766219436266492,1.0144546031951904,0.039157312363386154,128,6.81141589838772,0.03551120315239528,1.4477207301168509,20132,20068,16,0,HenonHeiles,4
1.0599597692489624,0.02084734792354958,1.037366509437561,0.05311949923634529,256,6.81141589838772,0.03551120315239528,2.8954414602337017,20132,20068,1,0,HenonHeiles,4
1.0599597692489624,0.02084734792354958,1.0292224884033203,0.05311949923634529,256,6.81141589838772,0.03551120315239528,2.8954414602337017,20132,20068,2,0,HenonHeiles,4
1.0599597692489624,0.02084734792354958,1.027763843536377,0.05311949923634529,256,6.81141589838772,0.03551120315239528,2.8954414602337017,20132,20068,3,0,HenonHeiles,4
1.0599597692489624,0.02084734792354958,1.0294777154922485,0.05311949923634529,256,6.81141589838772,0.03551120315239528,2.8954414602337017,20132,20068,4,0,HenonHeiles,4
1.0599597692489624,0.02084734792354958,1.0288480520248413,0.05311949923634529,256,6.81141589838772,0.03551120315239528,2.8954414602337017,20132,20068,5,0,HenonHeiles,4
1.0599597692489624,0.02084734792354958,1.03133225440979,0.05311949923634529,256,6.81141589838772,0.03551120315239528,2.8954414602337017,20132,20068,6,0,HenonHeiles,4
1.0599597692489624,0.02084734792354958,1.0346033573150635,0.05311949923634529,256,6.81141589838772,0.03551120315239528,2.8954414602337017,20132,20068,7,0,HenonHeiles,4
1.0599597692489624,0.02084734792354958,1.035765290260315,0.05311949923634529,256,6.81141589838772,0.03551120315239528,2.8954414602337017,20132,20068,8,0,HenonHeiles,4
1.0599597692489624,0.02084734792354958,1.0377966165542603,0.05311949923634529,256,6.81141589838772,0.03551120315239528,2.8954414602337017,20132,20068,9,0,HenonHeiles,4
1.0599597692489624,0.02084734792354958,1.0386894941329956,0.05311949923634529,256,6.81141589838772,0.03551120315239528,2.8954414602337017,20132,20068,10,0,HenonHeiles,4
1.0599597692489624,0.02084734792354958,1.039948582649231,0.05311949923634529,256,6.81141589838772,0.03551120315239528,2.8954414602337017,20132,20068,11,0,HenonHeiles,4
1.0599597692489624,0.02084734792354958,1.0406007766723633,0.05311949923634529,256,6.81141589838772,0.03551120315239528,2.8954414602337017,20132,20068,12,0,HenonHeiles,4
1.0599597692489624,0.02084734792354958,1.0413110256195068,0.05311949923634529,256,6.81141589838772,0.03551120315239528,2.8954414602337017,20132,20068,13,0,HenonHeiles,4
1.0599597692489624,0.02084734792354958,1.041690468788147,0.05311949923634529,256,6.81141589838772,0.03551120315239528,2.8954414602337017,20132,20068,14,0,HenonHeiles,4
1.0599597692489624,0.02084734792354958,1.0421396493911743,0.05311949923634529,256,6.81141589838772,0.03551120315239528,2.8954414602337017,20132,20068,15,0,HenonHeiles,4
1.0599597692489624,0.02084734792354958,1.042380690574646,0.05311949923634529,256,6.81141589838772,0.03551120315239528,2.8954414602337017,20132,20068,16,0,HenonHeiles,4
0.07668960094451904,0.008395047915079723,0.21961624920368195,0.0026091334875673056,8,6.81141589838772,0.03551120315239528,0.09048254563230318,20132,20068,1,1,HenonHeiles,4
0.07668960094451904,0.008395047915079723,0.09022987633943558,0.0026091334875673056,8,6.81141589838772,0.03551120315239528,0.09048254563230318,20132,20068,2,1,HenonHeiles,4
0.07668960094451904,0.008395047915079723,0.07518399506807327,0.0026091334875673056,8,6.81141589838772,0.03551120315239528,0.09048254563230318,20132,20068,3,1,HenonHeiles,4
0.07668960094451904,0.008395047915079723,0.08121821284294128,0.0026091334875673056,8,6.81141589838772,0.03551120315239528,0.09048254563230318,20132,20068,4,1,HenonHeiles,4
0.07668960094451904,0.008395047915079723,0.09215671569108963,0.0026091334875673056,8,6.81141589838772,0.03551120315239528,0.09048254563230318,20132,20068,5,1,HenonHeiles,4
0.07668960094451904,0.008395047915079723,0.09879252314567566,0.0026091334875673056,8,6.81141589838772,0.03551120315239528,0.09048254563230318,20132,20068,6,1,HenonHeiles,4
0.07668960094451904,0.008395047915079723,0.10488162934780121,0.0026091334875673056,8,6.81141589838772,0.03551120315239528,0.09048254563230318,20132,20068,7,1,HenonHeiles,4
0.07668960094451904,0.008395047915079723,0.1086667999625206,0.0026091334875673056,8,6.81141589838772,0.03551120315239528,0.09048254563230318,20132,20068,8,1,HenonHeiles,4
0.07668960094451904,0.008395047915079723,0.11189820617437363,0.0026091334875673056,8,6.81141589838772,0.03551120315239528,0.09048254563230318,20132,20068,9,1,HenonHeiles,4
0.07668960094451904,0.008395047915079723,0.11379267275333405,0.0026091334875673056,8,6.81141589838772,0.03551120315239528,0.09048254563230318,20132,20068,10,1,HenonHeiles,4
0.07668960094451904,0.008395047915079723,0.11524741351604462,0.0026091334875673056,8,6.81141589838772,0.03551120315239528,0.09048254563230318,20132,20068,11,1,HenonHeiles,4
0.07668960094451904,0.008395047915079723,0.11604153364896774,0.0026091334875673056,8,6.81141589838772,0.03551120315239528,0.09048254563230318,20132,20068,12,1,HenonHeiles,4
0.07668960094451904,0.008395047915079723,0.1167016252875328,0.0026091334875673056,8,6.81141589838772,0.03551120315239528,0.09048254563230318,20132,20068,13,1,HenonHeiles,4
0.07668960094451904,0.008395047915079723,0.11708765476942062,0.0026091334875673056,8,6.81141589838772,0.03551120315239528,0.09048254563230318,20132,20068,14,1,HenonHeiles,4
0.07668960094451904,0.008395047915079723,0.11745583266019821,0.0026091334875673056,8,6.81141589838772,0.03551120315239528,0.09048254563230318,20132,20068,15,1,HenonHeiles,4
0.07668960094451904,0.008395047915079723,0.11769605427980423,0.0026091334875673056,8,6.81141589838772,0.03551120315239528,0.09048254563230318,20132,20068,16,1,HenonHeiles,4
0.2592319846153259,0.011825912322764452,0.9159790277481079,0.0061380513943731785,32,6.81141589838772,0.03551120315239528,0.3619301825292127,20132,20068,1,1,HenonHeiles,4
0.2592319846153259,0.011825912322764452,0.3585640490055084,0.0061380513943731785,32,6.81141589838772,0.03551120315239528,0.3619301825292127,20132,20068,2,1,HenonHeiles,4
0.2592319846153259,0.011825912322764452,0.21624267101287842,0.0061380513943731785,32,6.81141589838772,0.03551120315239528,0.3619301825292127,20132,20068,3,1,HenonHeiles,4
0.2592319846153259,0.011825912322764452,0.23085665702819824,0.0061380513943731785,32,6.81141589838772,0.03551120315239528,0.3619301825292127,20132,20068,4,1,HenonHeiles,4
0.2592319846153259,0.011825912322764452,0.30754417181015015,0.0061380513943731785,32,6.81141589838772,0.03551120315239528,0.3619301825292127,20132,20068,5,1,HenonHeiles,4
0.2592319846153259,0.011825912322764452,0.4153951108455658,0.0061380513943731785,32,6.81141589838772,0.03551120315239528,0.3619301825292127,20132,20068,6,1,HenonHeiles,4
0.2592319846153259,0.011825912322764452,0.5294508337974548,0.0061380513943731785,32,6.81141589838772,0.03551120315239528,0.3619301825292127,20132,20068,7,1,HenonHeiles,4
0.2592319846153259,0.011825912322764452,0.6502501964569092,0.0061380513943731785,32,6.81141589838772,0.03551120315239528,0.3619301825292127,20132,20068,8,1,HenonHeiles,4
0.2592319846153259,0.011825912322764452,0.7669550776481628,0.0061380513943731785,32,6.81141589838772,0.03551120315239528,0.3619301825292127,20132,20068,9,1,HenonHeiles,4
0.2592319846153259,0.011825912322764452,0.8664751052856445,0.0061380513943731785,32,6.81141589838772,0.03551120315239528,0.3619301825292127,20132,20068,10,1,HenonHeiles,4
0.2592319846153259,0.011825912322764452,0.9601715207099915,0.0061380513943731785,32,6.81141589838772,0.03551120315239528,0.3619301825292127,20132,20068,11,1,HenonHeiles,4
0.2592319846153259,0.011825912322764452,1.020544171333313,0.0061380513943731785,32,6.81141589838772,0.03551120315239528,0.3619301825292127,20132,20068,12,1,HenonHeiles,4
0.2592319846153259,0.011825912322764452,1.0765671730041504,0.0061380513943731785,32,6.81141589838772,0.03551120315239528,0.3619301825292127,20132,20068,13,1,HenonHeiles,4
0.2592319846153259,0.011825912322764452,1.0899851322174072,0.0061380513943731785,32,6.81141589838772,0.03551120315239528,0.3619301825292127,20132,20068,14,1,HenonHeiles,4
0.2592319846153259,0.011825912322764452,1.118024468421936,0.0061380513943731785,32,6.81141589838772,0.03551120315239528,0.3619301825292127,20132,20068,15,1,HenonHeiles,4
0.2592319846153259,0.011825912322764452,1.1341005563735962,0.0061380513943731785,32,6.81141589838772,0.03551120315239528,0.3619301825292127,20132,20068,16,1,HenonHeiles,4
1.0377748012542725,0.026766219436266492,1.0304704904556274,0.019439836964011192,128,6.81141589838772,0.03551120315239528,1.4477207301168509,20132,20068,1,1,HenonHeiles,4
1.0377748012542725,0.026766219436266492,1.0183384418487549,0.019439836964011192,128,6.81141589838772,0.03551120315239528,1.4477207301168509,20132,20068,2,1,HenonHeiles,4
1.0377748012542725,0.026766219436266492,1.0304073095321655,0.019439836964011192,128,6.81141589838772,0.03551120315239528,1.4477207301168509,20132,20068,3,1,HenonHeiles,4
1.0377748012542725,0.026766219436266492,1.0233269929885864,0.019439836964011192,128,6.81141589838772,0.03551120315239528,1.4477207301168509,20132,20068,4,1,HenonHeiles,4
1.0377748012542725,0.026766219436266492,1.0334432125091553,0.019439836964011192,128,6.81141589838772,0.03551120315239528,1.4477207301168509,20132,20068,5,1,HenonHeiles,4
1.0377748012542725,0.026766219436266492,1.0229402780532837,0.019439836964011192,128,6.81141589838772,0.03551120315239528,1.4477207301168509,20132,20068,6,1,HenonHeiles,4
1.0377748012542725,0.026766219436266492,1.0330005884170532,0.019439836964011192,128,6.81141589838772,0.03551120315239528,1.4477207301168509,20132,20068,7,1,HenonHeiles,4
1.0377748012542725,0.026766219436266492,1.0229880809783936,0.019439836964011192,128,6.81141589838772,0.03551120315239528,1.4477207301168509,20132,20068,8,1,HenonHeiles,4
1.0377748012542725,0.026766219436266492,1.0330866575241089,0.019439836964011192,128,6.81141589838772,0.03551120315239528,1.4477207301168509,20132,20068,9,1,HenonHeiles,4
1.0377748012542725,0.026766219436266492,1.0229512453079224,0.019439836964011192,128,6.81141589838772,0.03551120315239528,1.4477207301168509,20132,20068,10,1,HenonHeiles,4
1.0377748012542725,0.026766219436266492,1.0332207679748535,0.019439836964011192,128,6.81141589838772,0.03551120315239528,1.4477207301168509,20132,20068,11,1,HenonHeiles,4
1.0377748012542725,0.026766219436266492,1.0230361223220825,0.019439836964011192,128,6.81141589838772,0.03551120315239528,1.4477207301168509,20132,20068,12,1,HenonHeiles,4
1.0377748012542725,0.026766219436266492,1.0331560373306274,0.019439836964011192,128,6.81141589838772,0.03551120315239528,1.4477207301168509,20132,20068,13,1,HenonHeiles,4
1.0377748012542725,0.026766219436266492,1.023125171661377,0.019439836964011192,128,6.81141589838772,0.03551120315239528,1.4477207301168509,20132,20068,14,1,HenonHeiles,4
1.0377748012542725,0.026766219436266492,1.033154010772705,0.019439836964011192,128,6.81141589838772,0.03551120315239528,1.4477207301168509,20132,20068,15,1,HenonHeiles,4
1.0377748012542725,0.026766219436266492,1.023091197013855,0.019439836964011192,128,6.81141589838772,0.03551120315239528,1.4477207301168509,20132,20068,16,1,HenonHeiles,4
0.986522912979126,0.02084734792354958,1.0056462287902832,0.033228371292352676,256,6.81141589838772,0.03551120315239528,2.8954414602337017,20132,20068,1,1,HenonHeiles,4
0.986522912979126,0.02084734792354958,0.9891054630279541,0.033228371292352676,256,6.81141589838772,0.03551120315239528,2.8954414602337017,20132,20068,2,1,HenonHeiles,4
0.986522912979126,0.02084734792354958,0.9842002987861633,0.033228371292352676,256,6.81141589838772,0.03551120315239528,2.8954414602337017,20132,20068,3,1,HenonHeiles,4
0.986522912979126,0.02084734792354958,0.9819715023040771,0.033228371292352676,256,6.81141589838772,0.03551120315239528,2.8954414602337017,20132,20068,4,1,HenonHeiles,4
0.986522912979126,0.02084734792354958,0.9788830876350403,0.033228371292352676,256,6.81141589838772,0.03551120315239528,2.8954414602337017,20132,20068,5,1,HenonHeiles,4
0.986522912979126,0.02084734792354958,0.9779581427574158,0.033228371292352676,256,6.81141589838772,0.03551120315239528,2.8954414602337017,20132,20068,6,1,HenonHeiles,4
0.986522912979126,0.02084734792354958,0.9774186015129089,0.033228371292352676,256,6.81141589838772,0.03551120315239528,2.8954414602337017,20132,20068,7,1,HenonHeiles,4
0.986522912979126,0.02084734792354958,0.9774068593978882,0.033228371292352676,256,6.81141589838772,0.03551120315239528,2.8954414602337017,20132,20068,8,1,HenonHeiles,4
0.986522912979126,0.02084734792354958,0.9769154191017151,0.033228371292352676,256,6.81141589838772,0.03551120315239528,2.8954414602337017,20132,20068,9,1,HenonHeiles,4
0.986522912979126,0.02084734792354958,0.9767164587974548,0.033228371292352676,256,6.81141589838772,0.03551120315239528,2.8954414602337017,20132,20068,10,1,HenonHeiles,4
0.986522912979126,0.02084734792354958,0.9765077829360962,0.033228371292352676,256,6.81141589838772,0.03551120315239528,2.8954414602337017,20132,20068,11,1,HenonHeiles,4
0.986522912979126,0.02084734792354958,0.9765235781669617,0.033228371292352676,256,6.81141589838772,0.03551120315239528,2.8954414602337017,20132,20068,12,1,HenonHeiles,4
0.986522912979126,0.02084734792354958,0.9764717817306519,0.033228371292352676,256,6.81141589838772,0.03551120315239528,2.8954414602337017,20132,20068,13,1,HenonHeiles,4
0.986522912979126,0.02084734792354958,0.9765250086784363,0.033228371292352676,256,6.81141589838772,0.03551120315239528,2.8954414602337017,20132,20068,14,1,HenonHeiles,4
0.986522912979126,0.02084734792354958,0.9765165448188782,0.033228371292352676,256,6.81141589838772,0.03551120315239528,2.8954414602337017,20132,20068,15,1,HenonHeiles,4
0.986522912979126,0.02084734792354958,0.9765569567680359,0.033228371292352676,256,6.81141589838772,0.03551120315239528,2.8954414602337017,20132,20068,16,1,HenonHeiles,4
0.08242647349834442,0.008395047915079723,0.24431568384170532,0.002167475875467062,8,6.81141589838772,0.03551120315239528,0.09048254563230318,20132,20068,1,2,HenonHeiles,4
0.08242647349834442,0.008395047915079723,0.1120927706360817,0.002167475875467062,8,6.81141589838772,0.03551120315239528,0.09048254563230318,20132,20068,2,2,HenonHeiles,4
0.08242647349834442,0.008395047915079723,0.08614185452461243,0.002167475875467062,8,6.81141589838772,0.03551120315239528,0.09048254563230318,20132,20068,3,2,HenonHeiles,4
0.08242647349834442,0.008395047915079723,0.09016485512256622,0.002167475875467062,8,6.81141589838772,0.03551120315239528,0.09048254563230318,20132,20068,4,2,HenonHeiles,4
0.08242647349834442,0.008395047915079723,0.0985303744673729,0.002167475875467062,8,6.81141589838772,0.03551120315239528,0.09048254563230318,20132,20068,5,2,HenonHeiles,4
0.08242647349834442,0.008395047915079723,0.10697472095489502,0.002167475875467062,8,6.81141589838772,0.03551120315239528,0.09048254563230318,20132,20068,6,2,HenonHeiles,4
0.08242647349834442,0.008395047915079723,0.11438879370689392,0.002167475875467062,8,6.81141589838772,0.03551120315239528,0.09048254563230318,20132,20068,7,2,HenonHeiles,4
0.08242647349834442,0.008395047915079723,0.12054192274808884,0.002167475875467062,8,6.81141589838772,0.03551120315239528,0.09048254563230318,20132,20068,8,2,HenonHeiles,4
0.08242647349834442,0.008395047915079723,0.1254672259092331,0.002167475875467062,8,6.81141589838772,0.03551120315239528,0.09048254563230318,20132,20068,9,2,HenonHeiles,4
0.08242647349834442,0.008395047915079723,0.12960030138492584,0.002167475875467062,8,6.81141589838772,0.03551120315239528,0.09048254563230318,20132,20068,10,2,HenonHeiles,4
0.08242647349834442,0.008395047915079723,0.1330692321062088,0.002167475875467062,8,6.81141589838772,0.03551120315239528,0.09048254563230318,20132,20068,11,2,HenonHeiles,4
0.08242647349834442,0.008395047915079723,0.1360047310590744,0.002167475875467062,8,6.81141589838772,0.03551120315239528,0.09048254563230318,20132,20068,12,2,HenonHeiles,4
0.08242647349834442,0.008395047915079723,0.13852782547473907,0.002167475875467062,8,6.81141589838772,0.03551120315239528,0.09048254563230318,20132,20068,13,2,HenonHeiles,4
0.08242647349834442,0.008395047915079723,0.14080433547496796,0.002167475875467062,8,6.81141589838772,0.03551120315239528,0.09048254563230318,20132,20068,14,2,HenonHeiles,4
0.08242647349834442,0.008395047915079723,0.142897829413414,0.002167475875467062,8,6.81141589838772,0.03551120315239528,0.09048254563230318,20132,20068,15,2,HenonHeiles,4
0.08242647349834442,0.008395047915079723,0.14491349458694458,0.002167475875467062,8,6.81141589838772,0.03551120315239528,0.09048254563230318,20132,20068,16,2,HenonHeiles,4
0.2753439247608185,0.011825912322764452,0.9190896153450012,0.0050201076082885265,32,6.81141589838772,0.03551120315239528,0.3619301825292127,20132,20068,1,2,HenonHeiles,4
0.2753439247608185,0.011825912322764452,0.34203240275382996,0.0050201076082885265,32,6.81141589838772,0.03551120315239528,0.3619301825292127,20132,20068,2,2,HenonHeiles,4
0.2753439247608185,0.011825912322764452,0.23228789865970612,0.0050201076082885265,32,6.81141589838772,0.03551120315239528,0.3619301825292127,20132,20068,3,2,HenonHeiles,4
0.2753439247608185,0.011825912322764452,0.21892975270748138,0.0050201076082885265,32,6.81141589838772,0.03551120315239528,0.3619301825292127,20132,20068,4,2,HenonHeiles,4
0.2753439247608185,0.011825912322764452,0.27756309509277344,0.0050201076082885265,32,6.81141589838772,0.03551120315239528,0.3619301825292127,20132,20068,5,2,HenonHeiles,4
0.2753439247608185,0.011825912322764452,0.35279974341392517,0.0050201076082885265,32,6.81141589838772,0.03551120315239528,0.3619301825292127,20132,20068,6,2,HenonHeiles,4
0.2753439247608185,0.011825912322764452,0.4263676702976227,0.0050201076082885265,32,6.81141589838772,0.03551120315239528,0.3619301825292127,20132,20068,7,2,HenonHeiles,4
0.2753439247608185,0.011825912322764452,0.4893202483654022,0.0050201076082885265,32,6.81141589838772,0.03551120315239528,0.3619301825292127,20132,20068,8,2,HenonHeiles,4
0.2753439247608185,0.011825912322764452,0.5443231463432312,0.0050201076082885265,32,6.81141589838772,0.03551120315239528,0.3619301825292127,20132,20068,9,2,HenonHeiles,4
0.2753439247608185,0.011825912322764452,0.5899772047996521,0.0050201076082885265,32,6.81141589838772,0.03551120315239528,0.3619301825292127,20132,20068,10,2,HenonHeiles,4
0.2753439247608185,0.011825912322764452,0.6472251415252686,0.0050201076082885265,32,6.81141589838772,0.03551120315239528,0.3619301825292127,20132,20068,11,2,HenonHeiles,4
0.2753439247608185,0.011825912322764452,0.6822341084480286,0.0050201076082885265,32,6.81141589838772,0.03551120315239528,0.3619301825292127,20132,20068,12,2,HenonHeiles,4
0.2753439247608185,0.011825912322764452,0.6954905390739441,0.0050201076082885265,32,6.81141589838772,0.03551120315239528,0.3619301825292127,20132,20068,13,2,HenonHeiles,4
0.2753439247608185,0.011825912322764452,0.7033923864364624,0.0050201076082885265,32,6.81141589838772,0.03551120315239528,0.3619301825292127,20132,20068,14,2,HenonHeiles,4
0.2753439247608185,0.011825912322764452,0.7159761190414429,0.0050201076082885265,32,6.81141589838772,0.03551120315239528,0.3619301825292127,20132,20068,15,2,HenonHeiles,4
0.2753439247608185,0.011825912322764452,0.7227244973182678,0.0050201076082885265,32,6.81141589838772,0.03551120315239528,0.3619301825292127,20132,20068,16,2,HenonHeiles,4
1.0334641933441162,0.026766219436266492,1.0006585121154785,0.021124117076396942,128,6.81141589838772,0.03551120315239528,1.4477207301168509,20132,20068,1,2,HenonHeiles,4
1.0334641933441162,0.026766219436266492,1.0174992084503174,0.021124117076396942,128,6.81141589838772,0.03551120315239528,1.4477207301168509,20132,20068,2,2,HenonHeiles,4
1.0334641933441162,0.026766219436266492,1.030004620552063,0.021124117076396942,128,6.81141589838772,0.03551120315239528,1.4477207301168509,20132,20068,3,2,HenonHeiles,4
1.0334641933441162,0.026766219436266492,1.0250221490859985,0.021124117076396942,128,6.81141589838772,0.03551120315239528,1.4477207301168509,20132,20068,4,2,HenonHeiles,4
1.0334641933441162,0.026766219436266492,1.0303457975387573,0.021124117076396942,128,6.81141589838772,0.03551120315239528,1.4477207301168509,20132,20068,5,2,HenonHeiles,4
1.0334641933441162,0.026766219436266492,1.0289939641952515,0.021124117076396942,128,6.81141589838772,0.03551120315239528,1.4477207301168509,20132,20068,6,2,HenonHeiles,4
1.0334641933441162,0.026766219436266492,1.0287423133850098,0.021124117076396942,128,6.81141589838772,0.03551120315239528,1.4477207301168509,20132,20068,7,2,HenonHeiles,4
1.0334641933441162,0.026766219436266492,1.0299707651138306,0.021124117076396942,128,6.81141589838772,0.03551120315239528,1.4477207301168509,20132,20068,8,2,HenonHeiles,4
1.0334641933441162,0.026766219436266492,1.029411792755127,0.021124117076396942,128,6.81141589838772,0.03551120315239528,1.4477207301168509,20132,20068,9,2,HenonHeiles,4
1.0334641933441162,0.026766219436266492,1.0298885107040405,0.021124117076396942,128,6.81141589838772,0.03551120315239528,1.4477207301168509,20132,20068,10,2,HenonHeiles,4
1.0334641933441162,0.026766219436266492,1.0299689769744873,0.021124117076396942,128,6.81141589838772,0.03551120315239528,1.4477207301168509,20132,20068,11,2,HenonHeiles,4
1.0334641933441162,0.026766219436266492,1.0306569337844849,0.021124117076396942,128,6.81141589838772,0.03551120315239528,1.4477207301168509,20132,20068,12,2,HenonHeiles,4
1.0334641933441162,0.026766219436266492,1.0300397872924805,0.021124117076396942,128,6.81141589838772,0.03551120315239528,1.4477207301168509,20132,20068,13,2,HenonHeiles,4
1.0334641933441162,0.026766219436266492,1.0309118032455444,0.021124117076396942,128,6.81141589838772,0.03551120315239528,1.4477207301168509,20132,20068,14,2,HenonHeiles,4
1.0334641933441162,0.026766219436266492,1.0304946899414062,0.021124117076396942,128,6.81141589838772,0.03551120315239528,1.4477207301168509,20132,20068,15,2,HenonHeiles,4
1.0334641933441162,0.026766219436266492,1.0310791730880737,0.021124117076396942,128,6.81141589838772,0.03551120315239528,1.4477207301168509,20132,20068,16,2,HenonHeiles,4
0.9716594815254211,0.02084734792354958,0.9803590774536133,0.06593865901231766,256,6.81141589838772,0.03551120315239528,2.8954414602337017,20132,20068,1,2,HenonHeiles,4
0.9716594815254211,0.02084734792354958,0.9767122268676758,0.06593865901231766,256,6.81141589838772,0.03551120315239528,2.8954414602337017,20132,20068,2,2,HenonHeiles,4
0.9716594815254211,0.02084734792354958,0.9896331429481506,0.06593865901231766,256,6.81141589838772,0.03551120315239528,2.8954414602337017,20132,20068,3,2,HenonHeiles,4
0.9716594815254211,0.02084734792354958,0.9977673888206482,0.06593865901231766,256,6.81141589838772,0.03551120315239528,2.8954414602337017,20132,20068,4,2,HenonHeiles,4
0.9716594815254211,0.02084734792354958,1.0068849325180054,0.06593865901231766,256,6.81141589838772,0.03551120315239528,2.8954414602337017,20132,20068,5,2,HenonHeiles,4
0.9716594815254211,0.02084734792354958,1.0142208337783813,0.06593865901231766,256,6.81141589838772,0.03551120315239528,2.8954414602337017,20132,20068,6,2,HenonHeiles,4
0.9716594815254211,0.02084734792354958,1.020680546760559,0.06593865901231766,256,6.81141589838772,0.03551120315239528,2.8954414602337017,20132,20068,7,2,HenonHeiles,4
0.9716594815254211,0.02084734792354958,1.0257861614227295,0.06593865901231766,256,6.81141589838772,0.03551120315239528,2.8954414602337017,20132,20068,8,2,HenonHeiles,4
0.9716594815254211,0.02084734792354958,1.030120611190796,0.06593865901231766,256,6.81141589838772,0.03551120315239528,2.8954414602337017,20132,20068,9,2,HenonHeiles,4
0.9716594815254211,0.02084734792354958,1.033629059791565,0.06593865901231766,256,6.81141589838772,0.03551120315239528,2.8954414602337017,20132,20068,10,2,HenonHeiles,4
0.9716594815254211,0.02084734792354958,1.0364881753921509,0.06593865901231766,256,6.81141589838772,0.03551120315239528,2.8954414602337017,20132,20068,11,2,HenonHeiles,4
0.9716594815254211,0.02084734792354958,1.0387978553771973,0.06593865901231766,256,6.81141589838772,0.03551120315239528,2.8954414602337017,20132,20068,12,2,HenonHeiles,4
0.9716594815254211,0.02084734792354958,1.0406906604766846,0.06593865901231766,256,6.81141589838772,0.03551120315239528,2.8954414602337017,20132,20068,13,2,HenonHeiles,4
0.9716594815254211,0.02084734792354958,1.0422248840332031,0.06593865901231766,256,6.81141589838772,0.03551120315239528,2.8954414602337017,20132,20068,14,2,HenonHeiles,4
0.9716594815254211,0.02084734792354958,1.0434596538543701,0.06593865901231766,256,6.81141589838772,0.03551120315239528,2.8954414602337017,20132,20068,15,2,HenonHeiles,4
0.9716594815254211,0.02084734792354958,1.0444446802139282,0.06593865901231766,256,6.81141589838772,0.03551120315239528,2.8954414602337017,20132,20068,16,2,HenonHeiles,4
