direct_pair_multiplier,err_direct,err_parrot,err_rollout,horizon,kaplan_yorke_dim,lyap_max,lyap_time,n_pairs_direct,n_pairs_rollout,params_direct,params_rollout,seed,system
1,0.04251033067703247,0.014285838456423573,0.0004727510386146605,1,2.075158758095728,0.8917098035724058,0.013382780732014665,16000,16000,19859,19868,0,Lorenz
1,0.04048089683055878,0.014525403188561974,0.0009527069632895291,2,2.075158758095728,0.8917098035724058,0.02676556146402933,16000,16000,19859,19868,0,Lorenz
1,0.05917107313871384,0.015382314760138434,0.0018458287231624126,4,2.075158758095728,0.8917098035724058,0.05353112292805866,16000,16000,19859,19868,0,Lorenz
1,0.07971324026584625,0.018240658268500253,0.003491808194667101,8,2.075158758095728,0.8917098035724058,0.10706224585611732,16000,16000,19859,19868,0,Lorenz
1,0.11608321219682693,0.03055826989081893,0.0057910424657166,16,2.075158758095728,0.8917098035724058,0.21412449171223463,16000,16000,19859,19868,0,Lorenz
1,0.25009045004844666,0.11068872611895827,0.020972013473510742,32,2.075158758095728,0.8917098035724058,0.42824898342446927,16000,16000,19859,19868,0,Lorenz
1,0.5778710246086121,0.17515139675001778,0.16417117416858673,64,2.075158758095728,0.8917098035724058,0.8564979668489385,16000,16000,19859,19868,0,Lorenz
1,0.9761179685592651,0.51469679316377,0.2983517050743103,128,2.075158758095728,0.8917098035724058,1.712995933697877,16000,16000,19859,19868,0,Lorenz
1,0.9762616753578186,1.0039963940783754,0.6916050910949707,256,2.075158758095728,0.8917098035724058,3.425991867395754,16000,16000,19859,19868,0,Lorenz
1,1.0317866802215576,1.2755083722719043,1.4198977947235107,512,2.075158758095728,0.8917098035724058,6.851983734791508,16000,16000,19859,19868,0,Lorenz
4,0.04257796332240105,0.014285838456423573,0.0004727510386146605,1,2.075158758095728,0.8917098035724058,0.013382780732014665,64000,16000,19859,19868,0,Lorenz
4,0.03446855768561363,0.014525403188561974,0.0009527069632895291,2,2.075158758095728,0.8917098035724058,0.02676556146402933,64000,16000,19859,19868,0,Lorenz
4,0.044469330459833145,0.015382314760138434,0.0018458287231624126,4,2.075158758095728,0.8917098035724058,0.05353112292805866,64000,16000,19859,19868,0,Lorenz
4,0.06479691714048386,0.018240658268500253,0.003491808194667101,8,2.075158758095728,0.8917098035724058,0.10706224585611732,64000,16000,19859,19868,0,Lorenz
4,0.09656509757041931,0.03055826989081893,0.0057910424657166,16,2.075158758095728,0.8917098035724058,0.21412449171223463,64000,16000,19859,19868,0,Lorenz
4,0.17979378998279572,0.11068872611895827,0.020972013473510742,32,2.075158758095728,0.8917098035724058,0.42824898342446927,64000,16000,19859,19868,0,Lorenz
4,0.474398672580719,0.17515139675001778,0.16417117416858673,64,2.075158758095728,0.8917098035724058,0.8564979668489385,64000,16000,19859,19868,0,Lorenz
4,0.9215472936630249,0.51469679316377,0.2983517050743103,128,2.075158758095728,0.8917098035724058,1.712995933697877,64000,16000,19859,19868,0,Lorenz
4,0.9965981841087341,1.0039963940783754,0.6916050910949707,256,2.075158758095728,0.8917098035724058,3.425991867395754,64000,16000,19859,19868,0,Lorenz
4,1.0172128677368164,1.2755083722719043,1.4198977947235107,512,2.075158758095728,0.8917098035724058,6.851983734791508,64000,16000,19859,19868,0,Lorenz
1,0.044319998472929,0.014285838456423573,0.0003814201627392322,1,2.075158758095728,0.8917098035724058,0.013382780732014665,16000,16000,19859,19868,1,Lorenz
1,0.04001463204622269,0.014525403188561974,0.000725825724657625,2,2.075158758095728,0.8917098035724058,0.02676556146402933,16000,16000,19859,19868,1,Lorenz
1,0.053219087421894073,0.015382314760138434,0.0013281425926834345,4,2.075158758095728,0.8917098035724058,0.05353112292805866,16000,16000,19859,19868,1,Lorenz
1,0.08252932131290436,0.018240658268500253,0.0025413064286112785,8,2.075158758095728,0.8917098035724058,0.10706224585611732,16000,16000,19859,19868,1,Lorenz
1,0.12876181304454803,0.03055826989081893,0.005338258575648069,16,2.075158758095728,0.8917098035724058,0.21412449171223463,16000,16000,19859,19868,1,Lorenz
1,0.2511630654335022,0.11068872611895827,0.0193715151399374,32,2.075158758095728,0.8917098035724058,0.42824898342446927,16000,16000,19859,19868,1,Lorenz
1,0.6011826992034912,0.17515139675001778,0.15573817491531372,64,2.075158758095728,0.8917098035724058,0.8564979668489385,16000,16000,19859,19868,1,Lorenz
1,0.9851787686347961,0.51469679316377,0.09735572338104248,128,2.075158758095728,0.8917098035724058,1.712995933697877,16000,16000,19859,19868,1,Lorenz
1,1.0128825902938843,1.0039963940783754,0.4382320046424866,256,2.075158758095728,0.8917098035724058,3.425991867395754,16000,16000,19859,19868,1,Lorenz
1,1.0510005950927734,1.2755083722719043,1.2457265853881836,512,2.075158758095728,0.8917098035724058,6.851983734791508,16000,16000,19859,19868,1,Lorenz
4,0.0360487625002861,0.014285838456423573,0.0003814201627392322,1,2.075158758095728,0.8917098035724058,0.013382780732014665,64000,16000,19859,19868,1,Lorenz
4,0.03253880888223648,0.014525403188561974,0.000725825724657625,2,2.075158758095728,0.8917098035724058,0.02676556146402933,64000,16000,19859,19868,1,Lorenz
4,0.05399070307612419,0.015382314760138434,0.0013281425926834345,4,2.075158758095728,0.8917098035724058,0.05353112292805866,64000,16000,19859,19868,1,Lorenz
4,0.07349514216184616,0.018240658268500253,0.0025413064286112785,8,2.075158758095728,0.8917098035724058,0.10706224585611732,64000,16000,19859,19868,1,Lorenz
4,0.10393509268760681,0.03055826989081893,0.005338258575648069,16,2.075158758095728,0.8917098035724058,0.21412449171223463,64000,16000,19859,19868,1,Lorenz
4,0.16108576953411102,0.11068872611895827,0.0193715151399374,32,2.075158758095728,0.8917098035724058,0.42824898342446927,64000,16000,19859,19868,1,Lorenz
4,0.44363653659820557,0.17515139675001778,0.15573817491531372,64,2.075158758095728,0.8917098035724058,0.8564979668489385,64000,16000,19859,19868,1,Lorenz
4,0.905594527721405,0.51469679316377,0.09735572338104248,128,2.075158758095728,0.8917098035724058,1.712995933697877,64000,16000,19859,19868,1,Lorenz
4,1.0114823579788208,1.0039963940783754,0.4382320046424866,256,2.075158758095728,0.8917098035724058,3.425991867395754,64000,16000,19859,19868,1,Lorenz
4,1.0182746648788452,1.2755083722719043,1.2457265853881836,512,2.075158758095728,0.8917098035724058,6.851983734791508,64000,16000,19859,19868,1,Lorenz
1,0.04955953359603882,0.014285838456423573,0.00045291779679246247,1,2.075158758095728,0.8917098035724058,0.013382780732014665,16000,16000,19859,19868,2,Lorenz
1,0.04561060294508934,0.014525403188561974,0.0008702740888111293,2,2.075158758095728,0.8917098035724058,0.02676556146402933,16000,16000,19859,19868,2,Lorenz
1,0.05157250538468361,0.015382314760138434,0.0017051702598109841,4,2.075158758095728,0.8917098035724058,0.05353112292805866,16000,16000,19859,19868,2,Lorenz
1,0.07135217636823654,0.018240658268500253,0.0034889488015323877,8,2.075158758095728,0.8917098035724058,0.10706224585611732,16000,16000,19859,19868,2,Lorenz
1,0.11960700899362564,0.03055826989081893,0.006248259451240301,16,2.075158758095728,0.8917098035724058,0.21412449171223463,16000,16000,19859,19868,2,Lorenz
1,0.26413118839263916,0.11068872611895827,0.020588789135217667,32,2.075158758095728,0.8917098035724058,0.42824898342446927,16000,16000,19859,19868,2,Lorenz
1,0.5959019064903259,0.17515139675001778,0.07302610576152802,64,2.075158758095728,0.8917098035724058,0.8564979668489385,16000,16000,19859,19868,2,Lorenz
1,0.997378945350647,0.51469679316377,0.27726075053215027,128,2.075158758095728,0.8917098035724058,1.712995933697877,16000,16000,19859,19868,2,Lorenz
1,1.0073872804641724,1.0039963940783754,0.7301869988441467,256,2.075158758095728,0.8917098035724058,3.425991867395754,16000,16000,19859,19868,2,Lorenz
1,1.0436807870864868,1.2755083722719043,1.3274208307266235,512,2.075158758095728,0.8917098035724058,6.851983734791508,16000,16000,19859,19868,2,Lorenz
4,0.039198607206344604,0.014285838456423573,0.00045291779679246247,1,2.075158758095728,0.8917098035724058,0.013382780732014665,64000,16000,19859,19868,2,Lorenz
4,0.03701529651880264,0.014525403188561974,0.0008702740888111293,2,2.075158758095728,0.8917098035724058,0.02676556146402933,64000,16000,19859,19868,2,Lorenz
4,0.047550395131111145,0.015382314760138434,0.0017051702598109841,4,2.075158758095728,0.8917098035724058,0.05353112292805866,64000,16000,19859,19868,2,Lorenz
4,0.0640389546751976,0.018240658268500253,0.0034889488015323877,8,2.075158758095728,0.8917098035724058,0.10706224585611732,64000,16000,19859,19868,2,Lorenz
4,0.0929073616862297,0.03055826989081893,0.006248259451240301,16,2.075158758095728,0.8917098035724058,0.21412449171223463,64000,16000,19859,19868,2,Lorenz
4,0.15530967712402344,0.11068872611895827,0.020588789135217667,32,2.075158758095728,0.8917098035724058,0.42824898342446927,64000,16000,19859,19868,2,Lorenz
4,0.45114052295684814,0.17515139675001778,0.07302610576152802,64,2.075158758095728,0.8917098035724058,0.8564979668489385,64000,16000,19859,19868,2,Lorenz
4,0.9005510807037354,0.51469679316377,0.27726075053215027,128,2.075158758095728,0.8917098035724058,1.712995933697877,64000,16000,19859,19868,2,Lorenz
4,0.9902665019035339,1.0039963940783754,0.7301869988441467,256,2.075158758095728,0.8917098035724058,3.425991867395754,64000,16000,19859,19868,2,Lorenz
4,1.0219143629074097,1.2755083722719043,1.3274208307266235,512,2.075158758095728,0.8917098035724058,6.851983734791508,64000,16000,19859,19868,2,Lorenz
1,0.0495690181851387,0.020317635239111887,0.0005007362924516201,1,2.118235268907861,0.6963711539102683,0.010368270110569984,16000,16000,19859,19868,0,Halvorsen
1,0.040639959275722504,0.02065703474962441,0.0009770388714969158,2,2.118235268907861,0.6963711539102683,0.02073654022113997,16000,16000,19859,19868,0,Halvorsen
1,0.04680671915411949,0.02182877509065727,0.0018596407026052475,4,2.118235268907861,0.6963711539102683,0.04147308044227994,16000,16000,19859,19868,0,Halvorsen
1,0.06800246983766556,0.024823905545841178,0.003530557034537196,8,2.118235268907861,0.6963711539102683,0.08294616088455987,16000,16000,19859,19868,0,Halvorsen
1,0.10003529489040375,0.031777709229508594,0.006882376037538052,16,2.118235268907861,0.6963711539102683,0.16589232176911975,16000,16000,19859,19868,0,Halvorsen
1,0.18148015439510345,0.05052937364602541,0.012919771485030651,32,2.118235268907861,0.6963711539102683,0.3317846435382395,16000,16000,19859,19868,0,Halvorsen
1,0.4203643798828125,0.10959615605101128,0.0250640157610178,64,2.118235268907861,0.6963711539102683,0.663569287076479,16000,16000,19859,19868,0,Halvorsen
1,0.7017039060592651,0.2239250648052183,0.08994387835264206,128,2.118235268907861,0.6963711539102683,1.327138574152958,16000,16000,19859,19868,0,Halvorsen
1,1.0047266483306885,0.5517138981147672,0.40853363275527954,256,2.118235268907861,0.6963711539102683,2.654277148305916,16000,16000,19859,19868,0,Halvorsen
1,1.0450758934020996,1.1194541424568323,1.0844616889953613,512,2.118235268907861,0.6963711539102683,5.308554296611832,16000,16000,19859,19868,0,Halvorsen
4,0.04166025295853615,0.020317635239111887,0.0005007362924516201,1,2.118235268907861,0.6963711539102683,0.010368270110569984,64000,16000,19859,19868,0,Halvorsen
4,0.03221936896443367,0.02065703474962441,0.0009770388714969158,2,2.118235268907861,0.6963711539102683,0.02073654022113997,64000,16000,19859,19868,0,Halvorsen
4,0.038233622908592224,0.02182877509065727,0.0018596407026052475,4,2.118235268907861,0.6963711539102683,0.04147308044227994,64000,16000,19859,19868,0,Halvorsen
4,0.05046103149652481,0.024823905545841178,0.003530557034537196,8,2.118235268907861,0.6963711539102683,0.08294616088455987,64000,16000,19859,19868,0,Halvorsen
4,0.07107849419116974,0.031777709229508594,0.006882376037538052,16,2.118235268907861,0.6963711539102683,0.16589232176911975,64000,16000,19859,19868,0,Halvorsen
4,0.12406887859106064,0.05052937364602541,0.012919771485030651,32,2.118235268907861,0.6963711539102683,0.3317846435382395,64000,16000,19859,19868,0,Halvorsen
4,0.32044312357902527,0.10959615605101128,0.0250640157610178,64,2.118235268907861,0.6963711539102683,0.663569287076479,64000,16000,19859,19868,0,Halvorsen
4,0.586455762386322,0.2239250648052183,0.08994387835264206,128,2.118235268907861,0.6963711539102683,1.327138574152958,64000,16000,19859,19868,0,Halvorsen
4,0.973232626914978,0.5517138981147672,0.40853363275527954,256,2.118235268907861,0.6963711539102683,2.654277148305916,64000,16000,19859,19868,0,Halvorsen
4,0.982896089553833,1.1194541424568323,1.0844616889953613,512,2.118235268907861,0.6963711539102683,5.308554296611832,64000,16000,19859,19868,0,Halvorsen
1,0.05176285281777382,0.020317635239111887,0.00037696296931244433,1,2.118235268907861,0.6963711539102683,0.010368270110569984,16000,16000,19859,19868,1,Halvorsen
1,0.03731071203947067,0.02065703474962441,0.0007315243710763752,2,2.118235268907861,0.6963711539102683,0.02073654022113997,16000,16000,19859,19868,1,Halvorsen
1,0.04647849500179291,0.02182877509065727,0.001366320764645934,4,2.118235268907861,0.6963711539102683,0.04147308044227994,16000,16000,19859,19868,1,Halvorsen
1,0.06226000934839249,0.024823905545841178,0.002517783548682928,8,2.118235268907861,0.6963711539102683,0.08294616088455987,16000,16000,19859,19868,1,Halvorsen
1,0.09142445027828217,0.031777709229508594,0.00450501125305891,16,2.118235268907861,0.6963711539102683,0.16589232176911975,16000,16000,19859,19868,1,Halvorsen
1,0.1786154806613922,0.05052937364602541,0.00771621847525239,32,2.118235268907861,0.6963711539102683,0.3317846435382395,16000,16000,19859,19868,1,Halvorsen
1,0.4082120656967163,0.10959615605101128,0.018643870949745178,64,2.118235268907861,0.6963711539102683,0.663569287076479,16000,16000,19859,19868,1,Halvorsen
1,0.6575402617454529,0.2239250648052183,0.06157389655709267,128,2.118235268907861,0.6963711539102683,1.327138574152958,16000,16000,19859,19868,1,Halvorsen
1,1.028483271598816,0.5517138981147672,0.28465306758880615,256,2.118235268907861,0.6963711539102683,2.654277148305916,16000,16000,19859,19868,1,Halvorsen
1,1.0020995140075684,1.1194541424568323,1.003103256225586,512,2.118235268907861,0.6963711539102683,5.308554296611832,16000,16000,19859,19868,1,Halvorsen
4,0.034717775881290436,0.020317635239111887,0.00037696296931244433,1,2.118235268907861,0.6963711539102683,0.010368270110569984,64000,16000,19859,19868,1,Halvorsen
4,0.02918378636240959,0.02065703474962441,0.0007315243710763752,2,2.118235268907861,0.6963711539102683,0.02073654022113997,64000,16000,19859,19868,1,Halvorsen
4,0.03702722117304802,0.02182877509065727,0.001366320764645934,4,2.118235268907861,0.6963711539102683,0.04147308044227994,64000,16000,19859,19868,1,Halvorsen
4,0.05089418590068817,0.024823905545841178,0.002517783548682928,8,2.118235268907861,0.6963711539102683,0.08294616088455987,64000,16000,19859,19868,1,Halvorsen
4,0.07100599259138107,0.031777709229508594,0.00450501125305891,16,2.118235268907861,0.6963711539102683,0.16589232176911975,64000,16000,19859,19868,1,Halvorsen
4,0.12821151316165924,0.05052937364602541,0.00771621847525239,32,2.118235268907861,0.6963711539102683,0.3317846435382395,64000,16000,19859,19868,1,Halvorsen
4,0.3141918182373047,0.10959615605101128,0.018643870949745178,64,2.118235268907861,0.6963711539102683,0.663569287076479,64000,16000,19859,19868,1,Halvorsen
4,0.5812510848045349,0.2239250648052183,0.06157389655709267,128,2.118235268907861,0.6963711539102683,1.327138574152958,64000,16000,19859,19868,1,Halvorsen
4,0.9505090713500977,0.5517138981147672,0.28465306758880615,256,2.118235268907861,0.6963711539102683,2.654277148305916,64000,16000,19859,19868,1,Halvorsen
4,1.0074973106384277,1.1194541424568323,1.003103256225586,512,2.118235268907861,0.6963711539102683,5.308554296611832,64000,16000,19859,19868,1,Halvorsen
1,0.04889294505119324,0.020317635239111887,0.0004199897521175444,1,2.118235268907861,0.6963711539102683,0.010368270110569984,16000,16000,19859,19868,2,Halvorsen
1,0.034933220595121384,0.02065703474962441,0.0008298727334477007,2,2.118235268907861,0.6963711539102683,0.02073654022113997,16000,16000,19859,19868,2,Halvorsen
1,0.046623799949884415,0.02182877509065727,0.0016089534619823098,4,2.118235268907861,0.6963711539102683,0.04147308044227994,16000,16000,19859,19868,2,Halvorsen
1,0.06838468462228775,0.024823905545841178,0.0030270330607891083,8,2.118235268907861,0.6963711539102683,0.08294616088455987,16000,16000,19859,19868,2,Halvorsen
1,0.1059630960226059,0.031777709229508594,0.005482183303683996,16,2.118235268907861,0.6963711539102683,0.16589232176911975,16000,16000,19859,19868,2,Halvorsen
1,0.17812006175518036,0.05052937364602541,0.009971448220312595,32,2.118235268907861,0.6963711539102683,0.3317846435382395,16000,16000,19859,19868,2,Halvorsen
1,0.4423823356628418,0.10959615605101128,0.020561059936881065,64,2.118235268907861,0.6963711539102683,0.663569287076479,16000,16000,19859,19868,2,Halvorsen
1,0.6703813076019287,0.2239250648052183,0.0624346025288105,128,2.118235268907861,0.6963711539102683,1.327138574152958,16000,16000,19859,19868,2,Halvorsen
1,0.9714134335517883,0.5517138981147672,0.24504245817661285,256,2.118235268907861,0.6963711539102683,2.654277148305916,16000,16000,19859,19868,2,Halvorsen
1,0.9804763793945312,1.1194541424568323,1.0196101665496826,512,2.118235268907861,0.6963711539102683,5.308554296611832,16000,16000,19859,19868,2,Halvorsen
4,0.027488427236676216,0.020317635239111887,0.0004199897521175444,1,2.118235268907861,0.6963711539102683,0.010368270110569984,64000,16000,19859,19868,2,Halvorsen
4,0.02767162397503853,0.02065703474962441,0.0008298727334477007,2,2.118235268907861,0.6963711539102683,0.02073654022113997,64000,16000,19859,19868,2,Halvorsen
4,0.03583380579948425,0.02182877509065727,0.0016089534619823098,4,2.118235268907861,0.6963711539102683,0.04147308044227994,64000,16000,19859,19868,2,Halvorsen
4,0.04672474041581154,0.024823905545841178,0.0030270330607891083,8,2.118235268907861,0.6963711539102683,0.08294616088455987,64000,16000,19859,19868,2,Halvorsen
4,0.07554519176483154,0.031777709229508594,0.005482183303683996,16,2.118235268907861,0.6963711539102683,0.16589232176911975,64000,16000,19859,19868,2,Halvorsen
4,0.13115064799785614,0.05052937364602541,0.009971448220312595,32,2.118235268907861,0.6963711539102683,0.3317846435382395,64000,16000,19859,19868,2,Halvorsen
4,0.2904137074947357,0.10959615605101128,0.020561059936881065,64,2.118235268907861,0.6963711539102683,0.663569287076479,64000,16000,19859,19868,2,Halvorsen
4,0.5638116598129272,0.2239250648052183,0.0624346025288105,128,2.118235268907861,0.6963711539102683,1.327138574152958,64000,16000,19859,19868,2,Halvorsen
4,0.9048597812652588,0.5517138981147672,0.24504245817661285,256,2.118235268907861,0.6963711539102683,2.654277148305916,64000,16000,19859,19868,2,Halvorsen
4,0.9550675749778748,1.1194541424568323,1.0196101665496826,512,2.118235268907861,0.6963711539102683,5.308554296611832,64000,16000,19859,19868,2,Halvorsen
1,0.028220007196068764,0.02197975778819844,0.0003253260219935328,1,2.3501297618370773,0.13489555530106362,0.0034852964623135804,16000,16000,19859,19868,0,Aizawa
1,0.020912544801831245,0.022009212698713556,0.0006449095671996474,2,2.3501297618370773,0.13489555530106362,0.006970592924627161,16000,16000,19859,19868,0,Aizawa
1,0.0271143838763237,0.022087322592228245,0.0012635880848392844,4,2.3501297618370773,0.13489555530106362,0.013941185849254321,16000,16000,19859,19868,0,Aizawa
1,0.034986816346645355,0.02230179238914305,0.002424269914627075,8,2.3501297618370773,0.13489555530106362,0.027882371698508643,16000,16000,19859,19868,0,Aizawa
1,0.04373108595609665,0.022842723546243084,0.004507122095674276,16,2.3501297618370773,0.13489555530106362,0.055764743397017286,16000,16000,19859,19868,0,Aizawa
1,0.08845983445644379,0.024350908561661735,0.008246591314673424,32,2.3501297618370773,0.13489555530106362,0.11152948679403457,16000,16000,19859,19868,0,Aizawa
1,0.1405419409275055,0.030713176812762574,0.014598285779356956,64,2.3501297618370773,0.13489555530106362,0.22305897358806914,16000,16000,19859,19868,0,Aizawa
1,0.3644140958786011,0.040451736271236584,0.024162910878658295,128,2.3501297618370773,0.13489555530106362,0.4461179471761383,16000,16000,19859,19868,0,Aizawa
1,0.8437033891677856,0.057696217728622066,0.039191361516714096,256,2.3501297618370773,0.13489555530106362,0.8922358943522766,16000,16000,19859,19868,0,Aizawa
1,0.9779086112976074,0.08181202298789078,0.11156218498945236,512,2.3501297618370773,0.13489555530106362,1.7844717887045531,16000,16000,19859,19868,0,Aizawa
4,0.018129844218492508,0.02197975778819844,0.0003253260219935328,1,2.3501297618370773,0.13489555530106362,0.0034852964623135804,64000,16000,19859,19868,0,Aizawa
4,0.017975296825170517,0.022009212698713556,0.0006449095671996474,2,2.3501297618370773,0.13489555530106362,0.006970592924627161,64000,16000,19859,19868,0,Aizawa
4,0.02202567085623741,0.022087322592228245,0.0012635880848392844,4,2.3501297618370773,0.13489555530106362,0.013941185849254321,64000,16000,19859,19868,0,Aizawa
4,0.025136491283774376,0.02230179238914305,0.002424269914627075,8,2.3501297618370773,0.13489555530106362,0.027882371698508643,64000,16000,19859,19868,0,Aizawa
4,0.03310132026672363,0.022842723546243084,0.004507122095674276,16,2.3501297618370773,0.13489555530106362,0.055764743397017286,64000,16000,19859,19868,0,Aizawa
4,0.04841461405158043,0.024350908561661735,0.008246591314673424,32,2.3501297618370773,0.13489555530106362,0.11152948679403457,64000,16000,19859,19868,0,Aizawa
4,0.08636654168367386,0.030713176812762574,0.014598285779356956,64,2.3501297618370773,0.13489555530106362,0.22305897358806914,64000,16000,19859,19868,0,Aizawa
4,0.18456260859966278,0.040451736271236584,0.024162910878658295,128,2.3501297618370773,0.13489555530106362,0.4461179471761383,64000,16000,19859,19868,0,Aizawa
4,0.8535969853401184,0.057696217728622066,0.039191361516714096,256,2.3501297618370773,0.13489555530106362,0.8922358943522766,64000,16000,19859,19868,0,Aizawa
4,0.9188984632492065,0.08181202298789078,0.11156218498945236,512,2.3501297618370773,0.13489555530106362,1.7844717887045531,64000,16000,19859,19868,0,Aizawa
1,0.032581817358732224,0.02197975778819844,0.0002825523552019149,1,2.3501297618370773,0.13489555530106362,0.0034852964623135804,16000,16000,19859,19868,1,Aizawa
1,0.02349124290049076,0.022009212698713556,0.0005592807428911328,2,2.3501297618370773,0.13489555530106362,0.006970592924627161,16000,16000,19859,19868,1,Aizawa
1,0.026363566517829895,0.022087322592228245,0.0010906374081969261,4,2.3501297618370773,0.13489555530106362,0.013941185849254321,16000,16000,19859,19868,1,Aizawa
1,0.03458872437477112,0.02230179238914305,0.002070317044854164,8,2.3501297618370773,0.13489555530106362,0.027882371698508643,16000,16000,19859,19868,1,Aizawa
1,0.04948803409934044,0.022842723546243084,0.0038783971685916185,16,2.3501297618370773,0.13489555530106362,0.055764743397017286,16000,16000,19859,19868,1,Aizawa
1,0.0707143023610115,0.024350908561661735,0.007100116927176714,32,2.3501297618370773,0.13489555530106362,0.11152948679403457,16000,16000,19859,19868,1,Aizawa
1,0.14041563868522644,0.030713176812762574,0.012878340668976307,64,2.3501297618370773,0.13489555530106362,0.22305897358806914,16000,16000,19859,19868,1,Aizawa
1,0.32716137170791626,0.040451736271236584,0.02246074005961418,128,2.3501297618370773,0.13489555530106362,0.4461179471761383,16000,16000,19859,19868,1,Aizawa
1,0.8763073086738586,0.057696217728622066,0.04631573334336281,256,2.3501297618370773,0.13489555530106362,0.8922358943522766,16000,16000,19859,19868,1,Aizawa
1,1.0139635801315308,0.08181202298789078,0.12661391496658325,512,2.3501297618370773,0.13489555530106362,1.7844717887045531,16000,16000,19859,19868,1,Aizawa
4,0.026105791330337524,0.02197975778819844,0.0002825523552019149,1,2.3501297618370773,0.13489555530106362,0.0034852964623135804,64000,16000,19859,19868,1,Aizawa
4,0.022408129647374153,0.022009212698713556,0.0005592807428911328,2,2.3501297618370773,0.13489555530106362,0.006970592924627161,64000,16000,19859,19868,1,Aizawa
4,0.02449876256287098,0.022087322592228245,0.0010906374081969261,4,2.3501297618370773,0.13489555530106362,0.013941185849254321,64000,16000,19859,19868,1,Aizawa
4,0.02880197763442993,0.02230179238914305,0.002070317044854164,8,2.3501297618370773,0.13489555530106362,0.027882371698508643,64000,16000,19859,19868,1,Aizawa
4,0.03692957013845444,0.022842723546243084,0.0038783971685916185,16,2.3501297618370773,0.13489555530106362,0.055764743397017286,64000,16000,19859,19868,1,Aizawa
4,0.05579588934779167,0.024350908561661735,0.007100116927176714,32,2.3501297618370773,0.13489555530106362,0.11152948679403457,64000,16000,19859,19868,1,Aizawa
4,0.08722139149904251,0.030713176812762574,0.012878340668976307,64,2.3501297618370773,0.13489555530106362,0.22305897358806914,64000,16000,19859,19868,1,Aizawa
4,0.18070274591445923,0.040451736271236584,0.02246074005961418,128,2.3501297618370773,0.13489555530106362,0.4461179471761383,64000,16000,19859,19868,1,Aizawa
4,0.7463159561157227,0.057696217728622066,0.04631573334336281,256,2.3501297618370773,0.13489555530106362,0.8922358943522766,64000,16000,19859,19868,1,Aizawa
4,0.9747180938720703,0.08181202298789078,0.12661391496658325,512,2.3501297618370773,0.13489555530106362,1.7844717887045531,64000,16000,19859,19868,1,Aizawa
1,0.02383563108742237,0.02197975778819844,0.00031093115103431046,1,2.3501297618370773,0.13489555530106362,0.0034852964623135804,16000,16000,19859,19868,2,Aizawa
1,0.02140025794506073,0.022009212698713556,0.000616851553786546,2,2.3501297618370773,0.13489555530106362,0.006970592924627161,16000,16000,19859,19868,2,Aizawa
1,0.027057765051722527,0.022087322592228245,0.0012047436321154237,4,2.3501297618370773,0.13489555530106362,0.013941185849254321,16000,16000,19859,19868,2,Aizawa
1,0.033735357224941254,0.02230179238914305,0.002283106092363596,8,2.3501297618370773,0.13489555530106362,0.027882371698508643,16000,16000,19859,19868,2,Aizawa
1,0.052354488521814346,0.022842723546243084,0.004273058846592903,16,2.3501297618370773,0.13489555530106362,0.055764743397017286,16000,16000,19859,19868,2,Aizawa
1,0.07494472712278366,0.024350908561661735,0.00804376695305109,32,2.3501297618370773,0.13489555530106362,0.11152948679403457,16000,16000,19859,19868,2,Aizawa
1,0.1692992001771927,0.030713176812762574,0.014392717741429806,64,2.3501297618370773,0.13489555530106362,0.22305897358806914,16000,16000,19859,19868,2,Aizawa
1,0.36395421624183655,0.040451736271236584,0.023946955800056458,128,2.3501297618370773,0.13489555530106362,0.4461179471761383,16000,16000,19859,19868,2,Aizawa
1,0.8585379719734192,0.057696217728622066,0.046477627009153366,256,2.3501297618370773,0.13489555530106362,0.8922358943522766,16000,16000,19859,19868,2,Aizawa
1,0.9558717608451843,0.08181202298789078,0.12462300807237625,512,2.3501297618370773,0.13489555530106362,1.7844717887045531,16000,16000,19859,19868,2,Aizawa
4,0.01838284358382225,0.02197975778819844,0.00031093115103431046,1,2.3501297618370773,0.13489555530106362,0.0034852964623135804,64000,16000,19859,19868,2,Aizawa
4,0.01700248010456562,0.022009212698713556,0.000616851553786546,2,2.3501297618370773,0.13489555530106362,0.006970592924627161,64000,16000,19859,19868,2,Aizawa
4,0.021428704261779785,0.022087322592228245,0.0012047436321154237,4,2.3501297618370773,0.13489555530106362,0.013941185849254321,64000,16000,19859,19868,2,Aizawa
4,0.031408507376909256,0.02230179238914305,0.002283106092363596,8,2.3501297618370773,0.13489555530106362,0.027882371698508643,64000,16000,19859,19868,2,Aizawa
4,0.03767475485801697,0.022842723546243084,0.004273058846592903,16,2.3501297618370773,0.13489555530106362,0.055764743397017286,64000,16000,19859,19868,2,Aizawa
4,0.05307210236787796,0.024350908561661735,0.00804376695305109,32,2.3501297618370773,0.13489555530106362,0.11152948679403457,64000,16000,19859,19868,2,Aizawa
4,0.0795208215713501,0.030713176812762574,0.014392717741429806,64,2.3501297618370773,0.13489555530106362,0.22305897358806914,64000,16000,19859,19868,2,Aizawa
4,0.17764106392860413,0.040451736271236584,0.023946955800056458,128,2.3501297618370773,0.13489555530106362,0.4461179471761383,64000,16000,19859,19868,2,Aizawa
4,0.7417899966239929,0.057696217728622066,0.046477627009153366,256,2.3501297618370773,0.13489555530106362,0.8922358943522766,64000,16000,19859,19868,2,Aizawa
4,0.9729844331741333,0.08181202298789078,0.12462300807237625,512,2.3501297618370773,0.13489555530106362,1.7844717887045531,64000,16000,19859,19868,2,Aizawa
