budget,corr_dim_pub,density_kl,dim,diverged,epochs,final_train_loss,kaplan_yorke_dim,lyap_max,lyap_time_per_step,n_params,n_train,nrmse_1,seed,smape_1,smape_all,spectrum_error,system,vpt_lyap,vpt_steps,wall_s
1000,1.796820702938341,2.4880139951318756,3,False,200,0.0001756518461043015,2.0146095059018845,0.15059688939547888,0.008898167806821265,1011,500,0.02498995713184215,0,0.03573751449133286,0.6453771499049787,2.0366749228355814,Rossler,0.28474136981828047,32.0,4.76
1000,1.796820702938341,0.1910978308236185,3,False,200,8.889876096509397e-05,2.0146095059018845,0.15059688939547888,0.008898167806821265,1011,500,0.01945174305697172,1,0.028393751809320345,0.7020036415560323,0.5118547406049939,Rossler,0.18686152394324657,21.0,1.29
1000,1.796820702938341,3.9863553670798617,3,False,200,0.00022892736457288265,2.0146095059018845,0.15059688939547888,0.008898167806821265,1011,500,0.026196643026494482,2,0.03845369981319722,1.0759986734378149,3.0404010970239184,Rossler,0.13347251710231897,15.0,1.12
2200,1.796820702938341,0.19996109118802805,3,False,200,0.00010309096000855788,2.0146095059018845,0.15059688939547888,0.008898167806821265,2196,500,0.01961048567556114,0,0.03298469051016754,0.4567330572435093,0.7009965559953034,Rossler,0.18686152394324657,21.0,1.31
2200,1.796820702938341,1.8196655642159403,3,False,200,0.00017148866306524723,2.0146095059018845,0.15059688939547888,0.008898167806821265,2196,500,0.023702715705562684,1,0.025679033074470614,0.7943371656529808,1.425399785496608,Rossler,0.1512688527159615,17.0,1.32
2200,1.796820702938341,0.12935547624620403,3,False,200,0.00015363460616208614,2.0146095059018845,0.15059688939547888,0.008898167806821265,2196,500,0.023874297984816963,2,0.028240538362069245,0.6131681224813597,0.6168170156332721,Rossler,0.16906518832960402,19.0,1.85
4600,1.796820702938341,0.05202535724193347,3,False,200,6.327333638910204e-05,2.0146095059018845,0.15059688939547888,0.008898167806821265,4611,500,0.016764733831380933,0,0.02810202311801276,0.3939305888034783,0.8095879209582978,Rossler,0.33813037665920803,38.0,2.01
4600,1.796820702938341,0.13020929116626143,3,False,200,6.824872799916193e-05,2.0146095059018845,0.15059688939547888,0.008898167806821265,4611,500,0.01752938770723497,1,0.021070857004623533,0.44463062915373397,0.3265082435373775,Rossler,0.18686152394324657,21.0,1.65
4600,1.796820702938341,0.15637060748847006,3,False,200,8.455989527283236e-05,2.0146095059018845,0.15059688939547888,0.008898167806821265,4611,500,0.017318792173354698,2,0.026914218140950023,0.5902418852544673,0.8835756908174418,Rossler,0.16016702052278275,18.0,1.6
10000,1.796820702938341,0.08415443748329965,3,False,200,5.3946765372529624e-05,2.0146095059018845,0.15059688939547888,0.008898167806821265,9987,500,0.01637798635703662,0,0.02433288658995435,0.39501910871220824,0.5869903433392963,Rossler,0.17796335613642528,20.0,2.49
10000,1.796820702938341,0.052373495051487695,3,False,200,6.021455983864144e-05,2.0146095059018845,0.15059688939547888,0.008898167806821265,9987,500,0.018059646822771322,1,0.023537045866230694,0.2586849106376859,0.7918786775738167,Rossler,1.076678304625373,121.0,1.98
10000,1.796820702938341,0.030015556060988467,3,False,200,6.140033766860143e-05,2.0146095059018845,0.15059688939547888,0.008898167806821265,9987,500,0.01808922187760232,2,0.017147326146661167,0.25478398194774615,1.2335063272006337,Rossler,1.0855764724321944,122.00000000000001,1.81
22000,1.796820702938341,0.039528320406983154,3,False,200,5.746609534253366e-05,2.0146095059018845,0.15059688939547888,0.008898167806821265,21891,500,0.01583572980683717,0,0.023434295790055595,0.3155008812354847,0.5038117139096548,Rossler,0.9521039553298754,107.0,1.84
22000,1.796820702938341,0.04503477487423151,3,False,200,4.90213081066031e-05,2.0146095059018845,0.15059688939547888,0.008898167806821265,21891,500,0.016114232734906305,1,0.02592533309078938,0.2963979627656928,0.5868184966102904,Rossler,1.0855764724321944,122.00000000000001,1.63
22000,1.796820702938341,0.08138892811974725,3,False,200,5.352700111689046e-05,2.0146095059018845,0.15059688939547888,0.008898167806821265,21891,500,0.01644392972321288,2,0.01712040593824044,0.4187505557431072,0.74982486995484,Rossler,0.26694503420463794,30.0,1.62
46000,1.796820702938341,0.0539045370338706,3,False,200,0.00011690197128336877,2.0146095059018845,0.15059688939547888,0.008898167806821265,46212,500,0.02087801117929028,0,0.021944777413926652,0.28015964257301523,0.4334152036710748,Rossler,1.1033728080458367,123.99999999999999,2.19
46000,1.796820702938341,0.10485805456784007,3,False,200,0.00010638293129159138,2.0146095059018845,0.15059688939547888,0.008898167806821265,46212,500,0.020630217341204602,1,0.025618473263122502,0.3351440677527748,0.6181608290440551,Rossler,0.19575969175006783,22.0,2.26
46000,1.796820702938341,0.06900858473926162,3,False,200,9.64767609257251e-05,2.0146095059018845,0.15059688939547888,0.008898167806821265,46212,500,0.01936959269625385,2,0.022619458288156587,0.3008435499063046,0.5860411097754042,Rossler,1.076678304625373,121.0,2.18
100000,1.796820702938341,0.06616706229349652,3,False,200,6.536024151137099e-05,2.0146095059018845,0.15059688939547888,0.008898167806821265,99843,500,0.016889707391274725,0,0.023522529896514096,0.3322638691524905,0.5989983160570875,Rossler,0.9699002909435178,109.0,2.89
100000,1.796820702938341,0.06510820691774669,3,False,200,0.00010180883388966322,2.0146095059018845,0.15059688939547888,0.008898167806821265,99843,500,0.02028883705823085,1,0.031170353273719576,0.49325082039991525,0.6526399435672529,Rossler,0.2758432020114592,30.999999999999996,3.04
100000,1.796820702938341,0.06254227000665176,3,False,200,0.00013386172731406988,2.0146095059018845,0.15059688939547888,0.008898167806821265,99843,500,0.022650361601048902,2,0.027853557756950944,0.37182937784331266,0.5240591701042695,Rossler,0.6139735786706673,69.0,3.08
1000,1.796820702938341,0.028935926406980936,3,False,200,1.5896899261861107e-05,2.0146095059018845,0.15059688939547888,0.008898167806821265,1011,2000,0.004855932253320507,0,0.015190266862026876,0.36507544209846143,0.8834348890326768,Rossler,1.0499838012049092,118.0,3.4
1000,1.796820702938341,0.054308356478008114,3,False,200,1.8210676455055362e-05,2.0146095059018845,0.15059688939547888,0.008898167806821265,1011,2000,0.005447373708182469,1,0.013819270876962317,0.2843393504798946,0.29587232858008267,Rossler,0.4538065581478845,51.0,3.29
1000,1.796820702938341,0.6316313312100706,3,False,200,2.1817668035509995e-05,2.0146095059018845,0.15059688939547888,0.008898167806821265,1011,2000,0.005236977429260458,2,0.01460035591268317,0.7687685665235648,0.26276833338690103,Rossler,0.16906518832960402,19.0,3.66
2200,1.796820702938341,0.04596646258491421,3,False,200,1.0275383872794919e-05,2.0146095059018845,0.15059688939547888,0.008898167806821265,2196,2000,0.003391488817267542,0,0.014714224561966817,0.2229750281010218,0.5532003625281766,Rossler,1.3703178422504747,154.0,3.72
2200,1.796820702938341,0.21661511874113137,3,False,200,1.261159467685502e-05,2.0146095059018845,0.15059688939547888,0.008898167806821265,2196,2000,0.004176251592872556,1,0.00968649690700764,0.6867818167212232,0.527456113036191,Rossler,0.16016702052278275,18.0,3.9
2200,1.796820702938341,0.06631205425837587,3,False,200,1.257162437104853e-05,2.0146095059018845,0.15059688939547888,0.008898167806821265,2196,2000,0.0037891282876640095,2,0.017025179294450705,0.30640265481278806,0.4359936285515051,Rossler,0.36482488007967184,41.0,3.99
4600,1.796820702938341,0.0385617779735602,3,False,200,1.2379110863548703e-05,2.0146095059018845,0.15059688939547888,0.008898167806821265,4611,2000,0.004306995803122856,0,0.014123060229782797,0.2377097153651878,0.46181284975371734,Rossler,1.1923544861140494,134.0,5.49
4600,1.796820702938341,1.4248517079991567,3,False,200,1.231288822600618e-05,2.0146095059018845,0.15059688939547888,0.008898167806821265,4611,2000,0.003449835890903605,1,0.01709257730631935,0.5700856602813402,3.111398881621234,Rossler,0.46270472595470574,52.0,4.57
4600,1.796820702938341,0.10878697736871941,3,False,200,1.0398555565188871e-05,2.0146095059018845,0.15059688939547888,0.008898167806821265,4611,2000,0.00330336937614392,2,0.01485918365084648,0.43435338825720216,0.5416720927222459,Rossler,0.23135236297735287,26.0,5.46
10000,1.796820702938341,0.03557544673237182,3,False,200,7.525066881498788e-06,2.0146095059018845,0.15059688939547888,0.008898167806821265,9987,2000,0.0022450808034431427,0,0.005384005409207735,0.19244286483666984,0.3744075519551127,Rossler,1.2190489895345133,137.0,10.58
10000,1.796820702938341,0.016697158936604558,3,False,200,7.598631422297331e-06,2.0146095059018845,0.15059688939547888,0.008898167806821265,9987,2000,0.00280473134158054,1,0.01392972818592976,0.15448556657788834,0.3816710350797687,Rossler,1.7796335613642529,200.0,7.12
10000,1.796820702938341,0.05654613737206205,3,False,200,5.173354302314692e-06,2.0146095059018845,0.15059688939547888,0.008898167806821265,9987,2000,0.0022704340279325716,2,0.013983955630052697,0.19426738723718956,0.40517740904270744,Rossler,1.210150821727692,136.0,8.0
22000,1.796820702938341,0.01235859440535595,3,False,200,6.734277958457824e-06,2.0146095059018845,0.15059688939547888,0.008898167806821265,21891,2000,0.002380580828419591,0,0.0092660909047791,0.11583744558515223,0.32093416466674857,Rossler,1.7796335613642529,200.0,10.92
22000,1.796820702938341,0.06549003329944521,3,False,200,9.960593823052477e-06,2.0146095059018845,0.15059688939547888,0.008898167806821265,21891,2000,0.0037261337312727333,1,0.005746535743553535,0.1593141735536455,0.45374480009816737,Rossler,1.7796335613642529,200.0,7.49
22000,1.796820702938341,0.11275077763914705,3,False,200,9.761017288838047e-06,2.0146095059018845,0.15059688939547888,0.008898167806821265,21891,2000,0.002877138348376476,2,0.014339701097780771,0.2556758331726998,0.46541606611575115,Rossler,0.37372304788649313,42.0,5.16
46000,1.796820702938341,0.030424461651725743,3,False,200,9.943936922354624e-06,2.0146095059018845,0.15059688939547888,0.008898167806821265,46212,2000,0.0031983906058807446,0,0.008009579214269154,0.176929547517248,0.5039783093178773,Rossler,1.7796335613642529,200.0,10.2
46000,1.796820702938341,0.036766232380191326,3,False,200,8.730957757506985e-06,2.0146095059018845,0.15059688939547888,0.008898167806821265,46212,2000,0.0029302070565328836,1,0.009214693410754498,0.17485581018458068,0.35946579680144647,Rossler,1.7796335613642529,200.0,7.71
46000,1.796820702938341,0.022820898794864455,3,False,200,8.067447626672219e-06,2.0146095059018845,0.15059688939547888,0.008898167806821265,46212,2000,0.0025622498374068517,2,0.003743819455989851,0.1529264902642705,0.39994256100543296,Rossler,1.7796335613642529,200.0,7.2
100000,1.796820702938341,0.01287656155485968,3,False,200,1.3159525609808043e-05,2.0146095059018845,0.15059688939547888,0.008898167806821265,99843,2000,0.003993431075858453,0,0.01368863757273398,0.14669286215286131,0.5286633452626361,Rossler,1.7796335613642529,200.0,10.57
100000,1.796820702938341,1.2624692057548803,3,False,200,8.619087260740344e-06,2.0146095059018845,0.15059688939547888,0.008898167806821265,99843,2000,0.001990121384545496,1,0.014399674799426061,0.4541836947625298,2.531141855114615,Rossler,0.3470285444660293,39.0,10.17
100000,1.796820702938341,0.023214077680419314,3,False,200,1.0525072932068725e-05,2.0146095059018845,0.15059688939547888,0.008898167806821265,99843,2000,0.0030160588211689634,2,0.007686016273776828,0.17194152208573552,0.707809847363197,Rossler,1.6283647086482913,183.0,10.27
1000,1.796820702938341,0.01150663277262217,3,False,200,2.4927605973061874e-06,2.0146095059018845,0.15059688939547888,0.008898167806821265,1011,8000,0.0011168120644078085,0,0.005120711985898563,0.12006989433305772,0.3689400759870838,Rossler,1.7796335613642529,200.0,13.47
1000,1.796820702938341,0.05098916703965209,3,False,200,4.665793210733682e-06,2.0146095059018845,0.15059688939547888,0.008898167806821265,1011,8000,0.0018543301773206648,1,0.005023061559207724,0.2950883799121429,0.6972488238905471,Rossler,0.47160289376152703,53.0,16.71
1000,1.796820702938341,1.218417498846709,3,False,200,4.155368589636055e-06,2.0146095059018845,0.15059688939547888,0.008898167806821265,1011,8000,0.0016442667821256638,2,0.005959279454866187,0.5538927208649075,2.568844178756453,Rossler,0.3470285444660293,39.0,15.9
2200,1.796820702938341,0.05039066828853908,3,False,200,1.8839403710444458e-06,2.0146095059018845,0.15059688939547888,0.008898167806821265,2196,8000,0.0012480843114116376,0,0.004925672063508596,0.09225598387063155,0.7966202779953101,Rossler,1.7796335613642529,200.0,14.32
2200,1.796820702938341,1.4354803456628744,3,False,200,2.4216410783992616e-06,2.0146095059018845,0.15059688939547888,0.008898167806821265,2196,8000,0.0014580214909189148,1,0.004848789824791912,0.26296561187941947,2.451027900748184,Rossler,0.9699002909435178,109.0,11.43
2200,1.796820702938341,0.02573414965519694,3,False,200,1.8320854251214768e-06,2.0146095059018845,0.15059688939547888,0.008898167806821265,2196,8000,0.0012530396295686351,2,0.005594311670943615,0.1531651802621476,1.0444704694464428,Rossler,1.7796335613642529,200.0,11.22
4600,1.796820702938341,0.025489996716298712,3,False,200,2.1990393925079845e-06,2.0146095059018845,0.15059688939547888,0.008898167806821265,4611,8000,0.0012421265823177763,0,0.003552939252728392,0.1799792593491032,0.3954823756236438,Rossler,1.2902343319890834,145.0,12.42
4600,1.796820702938341,0.011515228670459085,3,False,200,1.2668928984567174e-06,2.0146095059018845,0.15059688939547888,0.008898167806821265,4611,8000,0.001004227437831379,1,0.0036864142162135413,0.16023927715606676,1.1109027882192566,Rossler,1.1923544861140494,134.0,14.62
4600,1.796820702938341,2.1674084859798683,3,False,200,1.8794869520206702e-06,2.0146095059018845,0.15059688939547888,0.008898167806821265,4611,8000,0.0010195868326293438,2,0.003938353759170724,0.4358335762338524,0.8859324166890309,Rossler,0.26694503420463794,30.0,16.41
10000,1.796820702938341,0.03276978714513477,3,False,200,1.2750695586873918e-06,2.0146095059018845,0.15059688939547888,0.008898167806821265,9987,8000,0.000899245013054618,0,0.002421971239777961,0.1631858972251627,1.1354482607852774,Rossler,1.7796335613642529,200.0,17.38
10000,1.796820702938341,0.03708311091037884,3,False,200,1.2911017975056893e-06,2.0146095059018845,0.15059688939547888,0.008898167806821265,9987,8000,0.0009916816564115739,1,0.0034319013209094178,0.1506819936322296,0.700233494002887,Rossler,1.7796335613642529,200.0,16.26
10000,1.796820702938341,0.04152208632647869,3,False,200,9.698537023723474e-07,2.0146095059018845,0.15059688939547888,0.008898167806821265,9987,8000,0.0007295905991555096,2,0.0026959685675919513,0.07893660670817511,0.7382430905984738,Rossler,1.7796335613642529,200.0,16.66
22000,1.796820702938341,0.01744692246074765,3,False,200,1.1145003390993224e-06,2.0146095059018845,0.15059688939547888,0.008898167806821265,21891,8000,0.0009228267919410746,0,0.003337365608955397,0.1505216110950188,0.9700848839242994,Rossler,1.3258270032163684,149.0,19.39
22000,1.796820702938341,0.009789897443163734,3,False,200,1.2888772916994639e-06,2.0146095059018845,0.15059688939547888,0.008898167806821265,21891,8000,0.0009380053679717794,1,0.0029634770988251464,0.10182539266396515,0.4751952525046598,Rossler,1.7796335613642529,200.0,20.29
22000,1.796820702938341,1.9993086427951212,3,False,200,1.3100173919156077e-06,2.0146095059018845,0.15059688939547888,0.008898167806821265,21891,8000,0.001072593047824083,2,0.0028114904965765145,0.23344985476168498,3.2951049869547915,Rossler,1.1300673114663007,127.00000000000001,21.25
46000,1.796820702938341,0.06280018862332304,3,False,200,6.190973592765659e-07,2.0146095059018845,0.15059688939547888,0.008898167806821265,46212,8000,0.0006006475223105494,0,0.00169053302779813,0.10944562466520194,0.7776104838921025,Rossler,1.3525215066368321,152.0,26.17
46000,1.796820702938341,0.009210597253798717,3,False,200,7.271776512425277e-07,2.0146095059018845,0.15059688939547888,0.008898167806821265,46212,8000,0.0008004311779145427,1,0.002577718656141642,0.15266324098441406,0.811283055818083,Rossler,1.147863647079943,129.0,26.22
46000,1.796820702938341,0.011218199076515922,3,False,200,6.380297868417983e-07,2.0146095059018845,0.15059688939547888,0.008898167806821265,46212,8000,0.000721153823052095,2,0.002662155243719761,0.10398298494947403,0.5297045869392903,Rossler,1.7796335613642529,200.0,26.72
100000,1.796820702938341,0.031991537771465,3,False,200,7.505904409299546e-07,2.0146095059018845,0.15059688939547888,0.008898167806821265,99843,8000,0.0007315864610669689,0,0.0021021472149164036,0.2027476408110622,0.4705368651584183,Rossler,1.3258270032163684,149.0,37.4
100000,1.796820702938341,0.06644130279222119,3,False,200,4.0822781284077793e-07,2.0146095059018845,0.15059688939547888,0.008898167806821265,99843,8000,0.0004976475591881159,1,0.0018861850921323882,0.09622712923838095,0.7461615865185584,Rossler,1.7796335613642529,200.0,37.34
100000,1.796820702938341,0.027413217582320838,3,False,200,5.911759330956556e-07,2.0146095059018845,0.15059688939547888,0.008898167806821265,99843,8000,0.0007465407678417781,2,0.0022775421851154343,0.08102649006924866,0.49834667133710703,Rossler,1.7796335613642529,200.0,39.39
1000,1.796820702938341,0.05998366487107906,3,False,200,3.728557966269364e-07,2.0146095059018845,0.15059688939547888,0.008898167806821265,1011,32000,0.000697359281297598,0,0.001617635928424074,0.06649472586351918,0.25673438848463476,Rossler,1.7796335613642529,200.0,47.38
1000,1.796820702938341,0.03318679186342952,3,False,200,7.31875586325259e-07,2.0146095059018845,0.15059688939547888,0.008898167806821265,1011,32000,0.0007919176202045885,1,0.0024906770299142145,0.1914998423034237,0.6824868731669508,Rossler,1.1211691436594793,126.0,59.66
1000,1.796820702938341,1.2941585623132223,3,False,200,5.338570858839376e-07,2.0146095059018845,0.15059688939547888,0.008898167806821265,1011,32000,0.0005624292941412936,2,0.0015189622364628792,0.5586937937337081,1.6588844100724291,Rossler,0.302537705431923,34.0,47.7
2200,1.796820702938341,0.008520435399680304,3,False,200,1.9159629573550775e-07,2.0146095059018845,0.15059688939547888,0.008898167806821265,2196,32000,0.000554531399356291,0,0.0015661742549065213,0.05650057932238427,0.35046114417127555,Rossler,1.7796335613642529,200.0,52.02
2200,1.796820702938341,0.6537827268311791,3,False,200,3.0236942598094177e-07,2.0146095059018845,0.15059688939547888,0.008898167806821265,2196,32000,0.0005727225574441987,1,0.0013717814597533462,0.29634113102610066,3.1873032310678635,Rossler,0.7207515923525224,81.0,63.66
2200,1.796820702938341,0.0685289850711021,3,False,200,1.8967657484836308e-07,2.0146095059018845,0.15059688939547888,0.008898167806821265,2196,32000,0.00047925811688786276,2,0.0012749836042902612,0.054819952085993426,0.2115471802268337,Rossler,1.7796335613642529,200.0,56.55
4600,1.796820702938341,0.017373004053069293,3,False,200,2.1392688836385788e-07,2.0146095059018845,0.15059688939547888,0.008898167806821265,4611,32000,0.0004684499680388272,0,0.0016282563073064186,0.1475901083626536,0.3558299706761318,Rossler,1.3169288354095472,148.0,62.09
4600,1.796820702938341,0.022906349279898975,3,False,200,2.4917078997077626e-07,2.0146095059018845,0.15059688939547888,0.008898167806821265,4611,32000,0.0005826655252101981,1,0.0012480702939614526,0.18273979269222645,0.741451152670736,Rossler,1.245743492954977,140.0,61.13
4600,1.796820702938341,0.018748878326575878,3,False,200,2.1441003912059386e-07,2.0146095059018845,0.15059688939547888,0.008898167806821265,4611,32000,0.0003791079897512826,2,0.0011775732199124477,0.14949395465966306,0.3802052471060991,Rossler,1.7796335613642529,200.0,48.22
10000,1.796820702938341,0.025334869084724737,3,False,200,1.545217562011203e-07,2.0146095059018845,0.15059688939547888,0.008898167806821265,9987,32000,0.0003187678116772103,0,0.001153714399184377,0.06266691311913039,0.35715958085052635,Rossler,1.7796335613642529,200.0,73.49
10000,1.796820702938341,0.036628068806873984,3,False,200,7.423444057508277e-08,2.0146095059018845,0.15059688939547888,0.008898167806821265,9987,32000,0.0002384437352495836,1,0.0007516224427458803,0.07197447049985244,0.3940573587742217,Rossler,1.7796335613642529,200.0,94.94
10000,1.796820702938341,0.031590758324423276,3,False,200,1.471648961341998e-07,2.0146095059018845,0.15059688939547888,0.008898167806821265,9987,32000,0.00032871022966653743,2,0.001148291829138874,0.021130340807501046,0.23867647944030623,Rossler,1.7796335613642529,200.0,106.0
22000,1.796820702938341,0.029898170169784046,3,False,200,7.042478981134082e-08,2.0146095059018845,0.15059688939547888,0.008898167806821265,21891,32000,0.00029306234802812105,0,0.0005815271344796831,0.04716250770811821,0.32911877744760587,Rossler,1.7796335613642529,200.0,81.33
22000,1.796820702938341,0.020814435063771935,3,False,200,6.940367845231776e-08,2.0146095059018845,0.15059688939547888,0.008898167806821265,21891,32000,0.00025130920446226246,1,0.0007794171228626261,0.040614487920492263,0.23646617172530915,Rossler,1.7796335613642529,200.0,77.7
22000,1.796820702938341,0.012684192551604587,3,False,200,7.641160632942956e-08,2.0146095059018845,0.15059688939547888,0.008898167806821265,21891,32000,0.00027675928631022825,2,0.0008584976709446334,0.02108372102514597,0.3375933953002092,Rossler,1.7796335613642529,200.0,76.35
46000,1.796820702938341,0.014420652926877794,3,False,200,7.019593525114942e-08,2.0146095059018845,0.15059688939547888,0.008898167806821265,46212,32000,0.000247131252632012,0,0.0007501806916705636,0.01774719715446274,0.49357274876660745,Rossler,1.7796335613642529,200.0,144.81
46000,1.796820702938341,0.019601134448271763,3,False,200,7.419673974595753e-08,2.0146095059018845,0.15059688939547888,0.008898167806821265,46212,32000,0.0003317881320546255,1,0.001185588897501767,0.04517714372069895,0.334808559861941,Rossler,1.7796335613642529,200.0,106.85
46000,1.796820702938341,0.01954559661129768,3,False,200,5.5930987542751606e-08,2.0146095059018845,0.15059688939547888,0.008898167806821265,46212,32000,0.0002496168793564504,2,0.00066004300825176,0.06030813675198414,0.2991788306321876,Rossler,1.7796335613642529,200.0,123.58
100000,1.796820702938341,0.05462147592832232,3,False,200,1.305763134951121e-07,2.0146095059018845,0.15059688939547888,0.008898167806821265,99843,32000,0.00031241007894918253,0,0.0009374961727074537,0.027654654119543678,0.2847519264289004,Rossler,1.7796335613642529,200.0,182.79
100000,1.796820702938341,0.01710403449837866,3,False,200,6.05054618461054e-08,2.0146095059018845,0.15059688939547888,0.008898167806821265,99843,32000,0.0002573176678292761,1,0.0010827495174545684,0.014290727246325992,0.35438575251499455,Rossler,1.7796335613642529,200.0,188.54
100000,1.796820702938341,0.06545517878952196,3,False,200,1.2089566894246673e-07,2.0146095059018845,0.15059688939547888,0.008898167806821265,99843,32000,0.00040774165793791903,2,0.0007800330251850673,0.09262497840933953,0.44219577599722054,Rossler,1.7796335613642529,200.0,203.46
1000,1.7987707234207353,4.158064055374735,3,False,200,1.706007093889639e-05,2.10727056025829,1.2301163591725595,0.017510706372821382,1011,500,0.0071421601309004015,0,0.01573156451547908,0.6607599354213369,0.8291694041969156,Chua,0.9105567313867119,52.0,1.34
1000,1.7987707234207353,8.74928202161758,3,False,200,3.082498253206722e-05,2.10727056025829,1.2301163591725595,0.017510706372821382,1011,500,0.009674543012545542,1,0.020585035046051556,0.7832925832382092,1.9390554314477055,Chua,0.4902997784389987,28.0,1.68
1000,1.7987707234207353,9.044922282312626,3,False,200,2.4848211847711353e-05,2.10727056025829,1.2301163591725595,0.017510706372821382,1011,500,0.01010527021424543,2,0.017053023123371508,0.7700721888365872,0.3948108431987049,Chua,0.5078104848118201,29.000000000000004,1.47
2200,1.7987707234207353,7.46946684486942,3,False,200,1.0770254710223526e-05,2.10727056025829,1.2301163591725595,0.017510706372821382,2196,500,0.011307719202002147,0,0.013228701166396224,0.8276287112685106,2.8916062350650713,Chua,0.45527836569335595,26.0,1.35
2200,1.7987707234207353,4.322742498105929,3,False,200,1.762608911667485e-05,2.10727056025829,1.2301163591725595,0.017510706372821382,2196,500,0.011001461206999075,1,0.01734193206107879,0.8773168316638567,4.003209458610475,Chua,0.3852355402020704,22.0,1.36
2200,1.7987707234207353,0.6352306102342206,3,False,200,1.5893016621703283e-05,2.10727056025829,1.2301163591725595,0.017510706372821382,2196,500,0.011939878078630329,2,0.01741587414884914,0.8508181412108754,0.8526659796986641,Chua,0.4727890720661773,27.0,1.4
4600,1.7987707234207353,8.697009449882001,3,False,200,6.486411519290414e-06,2.10727056025829,1.2301163591725595,0.017510706372821382,4611,500,0.012801965886009042,0,0.014180493008418421,0.7815672776068417,4.418579851984183,Chua,0.3852355402020704,22.0,1.91
4600,1.7987707234207353,8.757686053599164,3,False,200,8.732910857361275e-06,2.10727056025829,1.2301163591725595,0.017510706372821382,4611,500,0.009665398109421332,1,0.013406591975606771,0.6621484029830988,0.6394167890825443,Chua,0.4902997784389987,28.0,2.26
4600,1.7987707234207353,7.039777730400595,3,False,200,1.4338575259898789e-05,2.10727056025829,1.2301163591725595,0.017510706372821382,4611,500,0.009683176931396968,2,0.013402989703299312,0.8463691934546186,0.75987655633245,Chua,0.4027462465748918,23.0,1.53
10000,1.7987707234207353,8.259360844638946,3,False,200,6.404019502951996e-06,2.10727056025829,1.2301163591725595,0.017510706372821382,9987,500,0.009105625848381952,0,0.012125382679682313,0.7192571026568121,0.4628893699014789,Chua,0.6128747230487483,35.0,1.76
10000,1.7987707234207353,8.919194537166284,3,False,200,1.0197464973316529e-05,2.10727056025829,1.2301163591725595,0.017510706372821382,9987,500,0.011136490710538042,1,0.0142005543922276,0.8269066460597251,4.369956355703135,Chua,0.42025695294771315,24.0,1.79
10000,1.7987707234207353,7.6545902686737834,3,False,200,7.304361584829167e-06,2.10727056025829,1.2301163591725595,0.017510706372821382,9987,500,0.009392926493195071,2,0.012079335415155615,0.6030111117162963,0.6996690547952183,Chua,0.595364016675927,34.0,2.05
22000,1.7987707234207353,7.62439826182834,3,False,200,7.720981247985037e-06,2.10727056025829,1.2301163591725595,0.017510706372821382,21891,500,0.011297009357725128,0,0.012379102908087233,0.7638064769277423,3.019267423277421,Chua,0.45527836569335595,26.0,2.53
22000,1.7987707234207353,9.104052630699265,3,False,200,7.36442199558951e-06,2.10727056025829,1.2301163591725595,0.017510706372821382,21891,500,0.009415176671906288,1,0.009501224376309396,0.6190799380687969,0.7074095982956413,Chua,0.5603426039302842,32.0,2.53
22000,1.7987707234207353,8.896283258119503,3,False,200,5.546274391235784e-06,2.10727056025829,1.2301163591725595,0.017510706372821382,21891,500,0.010740797094497382,2,0.011652436663378202,0.6120359133114013,0.6079682331220945,Chua,0.4727890720661773,27.0,2.64
46000,1.7987707234207353,9.171832223257573,3,False,200,1.0451064707012847e-05,2.10727056025829,1.2301163591725595,0.017510706372821382,46212,500,0.010262804883015977,0,0.012500148973546392,0.7631412455304863,1.1447292898320396,Chua,0.4727890720661773,27.0,2.91
46000,1.7987707234207353,7.489996716646361,3,False,200,7.717102220340166e-06,2.10727056025829,1.2301163591725595,0.017510706372821382,46212,500,0.011247450365950182,1,0.0142303679622883,0.7016322741676783,2.764234024799556,Chua,0.45527836569335595,26.0,2.95
46000,1.7987707234207353,8.432358352453598,3,False,200,1.1246454036154318e-05,2.10727056025829,1.2301163591725595,0.017510706372821382,46212,500,0.010876231955073494,2,0.016099547408069303,0.8236004893806944,4.067840364012477,Chua,0.4727890720661773,27.0,2.66
100000,1.7987707234207353,7.34811702940453,3,False,200,1.9159615301759912e-05,2.10727056025829,1.2301163591725595,0.017510706372821382,99843,500,0.01432279337295518,0,0.022374102624260653,0.8500571348622664,2.930246489331525,Chua,0.4027462465748918,23.0,3.52
100000,1.7987707234207353,6.985119572679906,3,False,200,1.2392402844852768e-05,2.10727056025829,1.2301163591725595,0.017510706372821382,99843,500,0.009361960328103833,1,0.01392139226960235,0.7543664927171324,1.7056343941253438,Chua,0.5253211911846415,30.0,4.98
100000,1.7987707234207353,8.901008718529006,3,False,200,1.1164960225869436e-05,2.10727056025829,1.2301163591725595,0.017510706372821382,99843,500,0.011410769493553895,2,0.020185243572217085,0.8268191610439484,2.110900861688375,Chua,0.42025695294771315,24.0,3.88
1000,1.7987707234207353,2.3906233225356117,3,False,200,6.2930717576819e-06,2.10727056025829,1.2301163591725595,0.017510706372821382,1011,2000,0.003065694074656326,0,0.00818786485752898,0.4228522659626682,0.27132288991043324,Chua,1.9086669946375308,109.0,4.67
1000,1.7987707234207353,2.3521062465738285,3,False,200,5.369456273911055e-06,2.10727056025829,1.2301163591725595,0.017510706372821382,1011,2000,0.002880084131259494,1,0.007245847684464524,0.4447831644664139,1.0092090436773289,Chua,1.926177701010352,110.0,4.91
1000,1.7987707234207353,2.56385725719113,3,False,200,7.598316093208268e-06,2.10727056025829,1.2301163591725595,0.017510706372821382,1011,2000,0.0032713407781654828,2,0.006651082097105046,0.5887690903532468,0.8036983567355803,Chua,1.2257494460974967,70.0,4.79
2200,1.7987707234207353,0.16312844112979275,3,False,200,2.685347082660883e-06,2.10727056025829,1.2301163591725595,0.017510706372821382,2196,2000,0.0022989569673111283,0,0.005901792340881473,0.3724478709880214,2.4363202473457597,Chua,1.7335599309093168,99.0,5.34
2200,1.7987707234207353,0.09166934973821698,3,False,200,2.4120982161548453e-06,2.10727056025829,1.2301163591725595,0.017510706372821382,2196,2000,0.0020938321739888822,1,0.006541012619319968,0.31700677109914227,0.9094057648060434,Chua,2.15381688385703,123.00000000000001,4.76
2200,1.7987707234207353,0.2705909046977781,3,False,200,3.895679979905253e-06,2.10727056025829,1.2301163591725595,0.017510706372821382,2196,2000,0.0026194204593935097,2,0.008548867740348461,0.4409642815946277,0.37595888136870137,Chua,1.698538518163674,97.0,5.23
4600,1.7987707234207353,0.22365857189896352,3,False,200,1.8188848089266685e-06,2.10727056025829,1.2301163591725595,0.017510706372821382,4611,2000,0.0023145899586923687,0,0.004847239416204646,0.40141024661786145,0.31807264110951455,Chua,1.050642382369283,60.0,5.63
4600,1.7987707234207353,0.24846860642592472,3,False,200,2.269459055241896e-06,2.10727056025829,1.2301163591725595,0.017510706372821382,4611,2000,0.002056678988728534,1,0.00543042550824617,0.3357818369332795,0.5557311198513513,Chua,2.118795471111387,121.0,10.01
4600,1.7987707234207353,2.3283374637593615,3,False,200,3.8862147466716125e-06,2.10727056025829,1.2301163591725595,0.017510706372821382,4611,2000,0.002679715852273385,2,0.006060930703652164,0.45321916191907596,0.49555083259424754,Chua,1.8036027564006023,103.0,5.0
10000,1.7987707234207353,0.27560621996514306,3,False,200,2.4211425788962516e-06,2.10727056025829,1.2301163591725595,0.017510706372821382,9987,2000,0.002539167580339446,0,0.005561294035708181,0.4127835392627437,0.5022267310023126,Chua,1.4708993353169961,84.0,6.21
10000,1.7987707234207353,0.16160914178958066,3,False,200,3.372384957401664e-06,2.10727056025829,1.2301163591725595,0.017510706372821382,9987,2000,0.0024109789084823057,1,0.006240801628879695,0.345285820316859,0.4916214304123884,Chua,2.293902534839601,131.0,6.8
10000,1.7987707234207353,0.16264115825255757,3,False,200,2.344292814086657e-06,2.10727056025829,1.2301163591725595,0.017510706372821382,9987,2000,0.002132099312798534,2,0.004545926619478753,0.34333363206212414,0.6518885559468809,Chua,1.838624169146245,105.0,6.59
22000,1.7987707234207353,0.128596827914396,3,False,200,2.5287131993536606e-06,2.10727056025829,1.2301163591725595,0.017510706372821382,21891,2000,0.0028278708328790645,0,0.006642904244423685,0.48564512778236063,0.6944791702808604,Chua,0.9455781441323546,54.0,6.79
22000,1.7987707234207353,0.027813026718692374,3,False,200,1.6266391266981373e-06,2.10727056025829,1.2301163591725595,0.017510706372821382,21891,2000,0.001778606065107455,1,0.0053649841120887295,0.2624816279432503,0.16815478905848982,Chua,2.101284764738566,120.0,7.79
22000,1.7987707234207353,0.1467790298616011,3,False,200,2.2556303956662307e-06,2.10727056025829,1.2301163591725595,0.017510706372821382,21891,2000,0.0020485619327831176,2,0.004013788285814593,0.3197273090158314,0.8542893469129998,Chua,1.9962205265016375,114.0,10.22
46000,1.7987707234207353,2.387964407339512,3,False,200,2.765919996818411e-06,2.10727056025829,1.2301163591725595,0.017510706372821382,46212,2000,0.0022163717497322554,0,0.004084963674523029,0.4646457369000217,0.19976726578927642,Chua,1.7685813436549596,101.0,9.28
46000,1.7987707234207353,0.14735321965651008,3,False,200,2.6006810549006332e-06,2.10727056025829,1.2301163591725595,0.017510706372821382,46212,2000,0.0020366389238308615,1,0.006240508080195065,0.35676829248677144,0.6865190813277259,Chua,2.118795471111387,121.0,9.54
46000,1.7987707234207353,2.2885437855437774,3,False,200,2.9534227469412142e-06,2.10727056025829,1.2301163591725595,0.017510706372821382,46212,2000,0.0022703110757291423,2,0.004699374386306881,0.447748696106795,0.7413767401410771,Chua,1.873645581891888,107.0,8.62
100000,1.7987707234207353,0.13971554573082903,3,False,200,3.5262408018752467e-06,2.10727056025829,1.2301163591725595,0.017510706372821382,99843,2000,0.002848243414028229,0,0.006544334239988376,0.44177261005619795,0.7009824226849481,Chua,1.0156209696236402,58.00000000000001,12.45
100000,1.7987707234207353,0.05982481812770354,3,False,200,2.066437429675716e-06,2.10727056025829,1.2301163591725595,0.017510706372821382,99843,2000,0.002567587068230862,1,0.0066875466019433285,0.3294860956150734,1.6170332197512065,Chua,1.0681530887421042,60.99999999999999,14.23
100000,1.7987707234207353,0.29840930519323333,3,False,200,2.874524920116528e-06,2.10727056025829,1.2301163591725595,0.017510706372821382,99843,2000,0.0029016723098330604,2,0.011571367993863158,0.39153652144051687,1.0103461580142523,Chua,1.2082387397246754,69.0,11.51
1000,1.7987707234207353,0.02721327999419454,3,False,200,1.0551683649282495e-06,2.10727056025829,1.2301163591725595,0.017510706372821382,1011,8000,0.0009732982041183764,0,0.001680976313792222,0.1572530610658346,0.600971919287029,Chua,3.4145877427001694,195.0,16.74
1000,1.7987707234207353,0.040791501230520576,3,False,200,9.670510248724895e-07,2.10727056025829,1.2301163591725595,0.017510706372821382,1011,8000,0.0008888782208484375,1,0.0014895386802379516,0.13868752474377,0.7842019151498394,Chua,3.5021412745642766,200.0,14.39
1000,1.7987707234207353,0.03521814803009583,3,False,200,8.564582280996547e-07,2.10727056025829,1.2301163591725595,0.017510706372821382,1011,8000,0.0008909350087181667,2,0.0014833960920008719,0.13516258855854205,0.5142201812045499,Chua,3.5021412745642766,200.0,16.29
2200,1.7987707234207353,0.04425900545393638,3,False,200,7.808388131707034e-07,2.10727056025829,1.2301163591725595,0.017510706372821382,2196,8000,0.0008681275138202213,0,0.0013783391738106433,0.14308462751027556,0.5916115615455552,Chua,3.5021412745642766,200.0,17.27
2200,1.7987707234207353,0.040371382446072177,3,False,200,7.532839822488314e-07,2.10727056025829,1.2301163591725595,0.017510706372821382,2196,8000,0.000875263046157271,1,0.001374952946201765,0.13856226967296434,0.43909384755732567,Chua,3.484630568191455,199.0,16.46
2200,1.7987707234207353,0.020445408379225427,3,False,200,9.105559838644694e-07,2.10727056025829,1.2301163591725595,0.017510706372821382,2196,8000,0.0009212902916191096,2,0.0014435161273073406,0.13863701927398547,0.7299463014007244,Chua,3.5021412745642766,200.0,17.54
4600,1.7987707234207353,0.06822124458722072,3,False,200,6.857472671981668e-07,2.10727056025829,1.2301163591725595,0.017510706372821382,4611,8000,0.0008734472101782076,0,0.0012197896188128894,0.13975769933689108,1.3241321317102541,Chua,3.5021412745642766,200.0,16.25
4600,1.7987707234207353,0.04148494912842687,3,False,200,7.239864517032402e-07,2.10727056025829,1.2301163591725595,0.017510706372821382,4611,8000,0.0008136324243569632,1,0.0010973901891818036,0.13184619258519606,0.3304848112230608,Chua,3.5021412745642766,200.0,19.01
4600,1.7987707234207353,0.04098536358266589,3,False,200,9.181726427414105e-07,2.10727056025829,1.2301163591725595,0.017510706372821382,4611,8000,0.0009279386262778237,2,0.0016560581034829036,0.1476872839166303,0.5639736308555114,Chua,3.5021412745642766,200.0,18.12
10000,1.7987707234207353,0.014889730949206923,3,False,200,7.078313299189176e-07,2.10727056025829,1.2301163591725595,0.017510706372821382,9987,8000,0.0007906804702822938,0,0.0011547440005586944,0.13278872323986293,0.5219978206851754,Chua,3.5021412745642766,200.0,20.12
10000,1.7987707234207353,0.03005717470713051,3,False,200,6.94895475589874e-07,2.10727056025829,1.2301163591725595,0.017510706372821382,9987,8000,0.0008370808693580309,1,0.001215773272784671,0.12116673219976161,1.0836128737512645,Chua,3.5021412745642766,200.0,18.9
10000,1.7987707234207353,0.03848378284938706,3,False,200,7.404561906696471e-07,2.10727056025829,1.2301163591725595,0.017510706372821382,9987,8000,0.0008435663102111353,2,0.0012516859515491047,0.13651971765034165,0.5341375933763871,Chua,3.5021412745642766,200.0,20.31
22000,1.7987707234207353,0.02344208525328192,3,False,200,6.99562227282513e-07,2.10727056025829,1.2301163591725595,0.017510706372821382,21891,8000,0.0008468962108609824,0,0.0011763130728162162,0.13291233407023437,0.8023737795337516,Chua,3.5021412745642766,200.0,23.94
22000,1.7987707234207353,0.02152876548212958,3,False,200,6.959985057619633e-07,2.10727056025829,1.2301163591725595,0.017510706372821382,21891,8000,0.0008549380848324699,1,0.0010746343687891068,0.15085303130768687,1.4561974257136299,Chua,3.5021412745642766,200.0,24.29
22000,1.7987707234207353,0.009923415633420446,3,False,200,6.959573097446991e-07,2.10727056025829,1.2301163591725595,0.017510706372821382,21891,8000,0.0008961671325631502,2,0.001225302551050597,0.13618939600430455,1.9571007429656426,Chua,3.5021412745642766,200.0,24.59
46000,1.7987707234207353,0.03056285132905556,3,False,200,7.179489568898134e-07,2.10727056025829,1.2301163591725595,0.017510706372821382,46212,8000,0.0008406529094343108,0,0.001325266451671718,0.13004016762161674,0.7269982124576297,Chua,3.5021412745642766,200.0,34.2
46000,1.7987707234207353,0.03801729335799498,3,False,200,7.042967877168848e-07,2.10727056025829,1.2301163591725595,0.017510706372821382,46212,8000,0.0008647992131639711,1,0.0012407694586578225,0.14631093771872833,0.5116258820725771,Chua,3.5021412745642766,200.0,31.43
46000,1.7987707234207353,0.02319781055715495,3,False,200,6.844906670266937e-07,2.10727056025829,1.2301163591725595,0.017510706372821382,46212,8000,0.0007464356776921321,2,0.0012232764512529889,0.1358513488499867,0.9434479208883372,Chua,3.3095235044632414,189.0,30.96
100000,1.7987707234207353,0.0164378283101415,3,False,200,7.334909553264879e-07,2.10727056025829,1.2301163591725595,0.017510706372821382,99843,8000,0.0009569027437479146,0,0.0013219479203760247,0.16131865727655656,0.45069362681202757,Chua,2.8192237260242425,161.0,46.77
100000,1.7987707234207353,0.018514805708073224,3,False,200,6.685789098810346e-07,2.10727056025829,1.2301163591725595,0.017510706372821382,99843,8000,0.0008484902046582149,1,0.0011685874898416527,0.13747121832235312,0.8569122963588641,Chua,3.5021412745642766,200.0,52.69
100000,1.7987707234207353,0.043486719947153786,3,False,200,6.205054583006131e-07,2.10727056025829,1.2301163591725595,0.017510706372821382,99843,8000,0.0008446661254066412,2,0.0010289087817436354,0.17621793667817554,0.41058762618375083,Chua,2.9417986706339923,168.0,52.01
1000,1.7987707234207353,0.00923099786951778,3,False,200,7.273669821188378e-07,2.10727056025829,1.2301163591725595,0.017510706372821382,1011,32000,0.00064865274343881,0,0.001645298091254652,0.09847161687360642,1.123151588149379,Chua,3.5021412745642766,200.0,55.5
1000,1.7987707234207353,0.013226421894498921,3,False,200,6.072780427075486e-07,2.10727056025829,1.2301163591725595,0.017510706372821382,1011,32000,0.0005703748177718354,1,0.0011594635368301527,0.0958809601861263,2.1552594829233556,Chua,3.5021412745642766,200.0,55.27
1000,1.7987707234207353,0.007981921602537809,3,False,200,5.818148072194163e-07,2.10727056025829,1.2301163591725595,0.017510706372821382,1011,32000,0.0005572664702807682,2,0.0011002008553881977,0.08953188384903252,1.0882629045000318,Chua,3.5021412745642766,200.0,47.92
2200,1.7987707234207353,0.010989637334927653,3,False,200,5.280325572130095e-07,2.10727056025829,1.2301163591725595,0.017510706372821382,2196,32000,0.000579279816702237,0,0.0012470658150412967,0.08907412529767034,0.6109949304002728,Chua,3.5021412745642766,200.0,43.91
2200,1.7987707234207353,0.012564996553907594,3,False,200,5.54333134459739e-07,2.10727056025829,1.2301163591725595,0.017510706372821382,2196,32000,0.0005740426493212669,1,0.0010777902470604232,0.08991916785154039,0.794698926274391,Chua,3.5021412745642766,200.0,51.62
2200,1.7987707234207353,0.01629102821634399,3,False,200,5.930577071922016e-07,2.10727056025829,1.2301163591725595,0.017510706372821382,2196,32000,0.0005846698423682064,2,0.0010918858535384104,0.08313494585622483,1.275181965438353,Chua,3.5021412745642766,200.0,44.8
4600,1.7987707234207353,0.014555152638086955,3,False,200,4.593384417148627e-07,2.10727056025829,1.2301163591725595,0.017510706372821382,4611,32000,0.0005240614766242103,0,0.0008175967434275003,0.08638939408498213,0.8183923108585933,Chua,3.5021412745642766,200.0,54.39
4600,1.7987707234207353,0.011441955808176973,3,False,200,4.860795195327228e-07,2.10727056025829,1.2301163591725595,0.017510706372821382,4611,32000,0.00054955494139625,1,0.0009687767214489225,0.08541904526664554,0.5866045173560066,Chua,3.5021412745642766,200.0,49.53
4600,1.7987707234207353,0.015789373249468743,3,False,200,5.263427390218567e-07,2.10727056025829,1.2301163591725595,0.017510706372821382,4611,32000,0.000567854534114097,2,0.0010216656541910628,0.08635781787478915,1.5453290920753597,Chua,3.5021412745642766,200.0,45.97
10000,1.7987707234207353,0.03385903642930665,3,False,200,4.7658500284342155e-07,2.10727056025829,1.2301163591725595,0.017510706372821382,9987,32000,0.0005418880221251154,0,0.0009733822286768443,0.0875903538523063,0.242976261198975,Chua,3.5021412745642766,200.0,54.02
10000,1.7987707234207353,0.016679401696113302,3,False,200,4.614917852450162e-07,2.10727056025829,1.2301163591725595,0.017510706372821382,9987,32000,0.0005137063347329242,1,0.0008723514515208849,0.08672590909555716,1.0047721282135622,Chua,3.5021412745642766,200.0,52.39
10000,1.7987707234207353,0.061198691890525264,3,False,200,3.490938387358256e-07,2.10727056025829,1.2301163591725595,0.017510706372821382,9987,32000,0.0004539997473807239,2,0.0007103915655554544,0.07486565426481318,0.14221557799042037,Chua,3.5021412745642766,200.0,52.92
22000,1.7987707234207353,0.017292520469662096,3,False,200,3.1212744625008783e-07,2.10727056025829,1.2301163591725595,0.017510706372821382,21891,32000,0.0004021044518795028,0,0.0008032702385113783,0.06450014541031147,1.1344332702593636,Chua,3.5021412745642766,200.0,65.01
22000,1.7987707234207353,0.011545968346357146,3,False,200,2.6669054909689294e-07,2.10727056025829,1.2301163591725595,0.017510706372821382,21891,32000,0.00037952935797007836,1,0.0005800624007511,0.05069974699399505,0.5890021320650801,Chua,3.5021412745642766,200.0,64.26
22000,1.7987707234207353,0.01662426185166345,3,False,200,4.284735362034553e-07,2.10727056025829,1.2301163591725595,0.017510706372821382,21891,32000,0.0005149793096034794,2,0.0009021294286510427,0.07679235245509528,1.196364545829509,Chua,3.5021412745642766,200.0,65.24
46000,1.7987707234207353,0.02114895360825297,3,False,200,1.3987568843276677e-07,2.10727056025829,1.2301163591725595,0.017510706372821382,46212,32000,0.00024997435046143426,0,0.00038133378125142914,0.03292798845121352,0.34909961289388075,Chua,3.5021412745642766,200.0,92.51
46000,1.7987707234207353,0.014417602346496321,3,False,200,5.210960162003175e-07,2.10727056025829,1.2301163591725595,0.017510706372821382,46212,32000,0.0005373410481703849,1,0.0008877869179922584,0.08962253722509184,1.400628203251497,Chua,3.5021412745642766,200.0,92.29
46000,1.7987707234207353,0.008948055406473638,3,False,200,3.029797561566738e-07,2.10727056025829,1.2301163591725595,0.017510706372821382,46212,32000,0.00036375582932771566,2,0.0005720852391009964,0.06722582176875046,0.7958524259924129,Chua,3.5021412745642766,200.0,95.47
100000,1.7987707234207353,0.0671973833835647,3,False,200,3.897943506672163e-07,2.10727056025829,1.2301163591725595,0.017510706372821382,99843,32000,0.0004640713364537848,0,0.0010003160835827573,0.070956183802223,0.6556998554595647,Chua,3.5021412745642766,200.0,145.37
100000,1.7987707234207353,0.07019422268540544,3,False,200,2.1095922443237215e-07,2.10727056025829,1.2301163591725595,0.017510706372821382,99843,32000,0.0003241949914329922,1,0.0007474766659603801,0.048311207498321705,0.7455383881317802,Chua,3.5021412745642766,200.0,142.07
100000,1.7987707234207353,0.008387095147442852,3,False,200,3.196032860159903e-07,2.10727056025829,1.2301163591725595,0.017510706372821382,99843,32000,0.0004780108830178502,2,0.0006938919163286872,0.08170653548822776,1.413949093232178,Chua,3.5021412745642766,200.0,142.14
1000,1.6488268116215494,1.5115171212969731,3,False,200,0.0006654779096134007,2.1271136075295507,0.6324054000339867,0.0314242243276888,1011,500,0.032130542100903534,0,0.050437244799741356,1.2644570283444414,0.42760554772927106,Thomas,0.314242243276888,10.0,1.09
1000,1.6488268116215494,4.284887341786193,3,False,200,0.0006902688657864928,2.1271136075295507,0.6324054000339867,0.0314242243276888,1011,500,0.029602736417598235,1,0.04105265354347822,1.2675023990835568,0.6307436882612388,Thomas,0.314242243276888,10.0,1.12
1000,1.6488268116215494,3.88461625909065,3,False,200,0.0009916918184608222,2.1271136075295507,0.6324054000339867,0.0314242243276888,1011,500,0.036539973462191545,2,0.054166339500431315,1.2925166875056984,0.42328708540920407,Thomas,0.2828180189491992,9.0,1.07
2200,1.6488268116215494,0.18720088449924718,3,False,200,0.00022797970951069147,2.1271136075295507,0.6324054000339867,0.0314242243276888,2196,500,0.019536454371402414,0,0.02500677581592052,1.1680849638870223,0.5388592040250789,Thomas,0.37709069193226563,12.0,1.1
2200,1.6488268116215494,4.113264952138935,3,False,200,0.0016815663548186421,2.1271136075295507,0.6324054000339867,0.0314242243276888,2196,500,0.04323285122272273,1,0.07052350947770074,1.2927420335764468,0.4678046203689122,Thomas,0.2828180189491992,9.0,1.17
2200,1.6488268116215494,3.549378468568667,3,False,200,0.00045434641605243085,2.1271136075295507,0.6324054000339867,0.0314242243276888,2196,500,0.0233590162595828,2,0.03557461543192689,1.2356357114837384,0.5074480100928195,Thomas,0.37709069193226563,12.0,1.28
4600,1.6488268116215494,0.17026805402767664,3,False,200,0.00018962800572626292,2.1271136075295507,0.6324054000339867,0.0314242243276888,4611,500,0.01405855940793786,0,0.026881590721148308,1.2223703347176031,0.44395499217974166,Thomas,0.471363364915332,15.0,1.11
4600,1.6488268116215494,0.2942113154920336,3,False,200,0.00024893250910099595,2.1271136075295507,0.6324054000339867,0.0314242243276888,4611,500,0.016733842777521084,1,0.025418995223704624,1.1339419776761188,0.5004307638242284,Thomas,0.471363364915332,15.0,1.22
4600,1.6488268116215494,0.43313126930500473,3,False,200,0.0002477295605931431,2.1271136075295507,0.6324054000339867,0.0314242243276888,4611,500,0.017791547803253448,2,0.030645321868158767,1.2074129657676151,0.7873844951202013,Thomas,0.4399391405876432,14.0,1.42
10000,1.6488268116215494,0.07095153544288842,3,False,200,0.00017333905503619462,2.1271136075295507,0.6324054000339867,0.0314242243276888,9987,500,0.01569728588622,0,0.02852327588830993,1.1441064669337873,0.48442344555531275,Thomas,0.4399391405876432,14.0,1.39
10000,1.6488268116215494,0.18541146528463903,3,False,200,0.00013882417953573167,2.1271136075295507,0.6324054000339867,0.0314242243276888,9987,500,0.012625440653487174,1,0.02145781701801236,1.1820344605083473,0.7900356965892824,Thomas,0.5342118135707096,17.0,1.33
10000,1.6488268116215494,0.8572073174339666,3,False,200,0.0001414310361724347,2.1271136075295507,0.6324054000339867,0.0314242243276888,9987,500,0.013570508294819995,2,0.024649739147336116,1.190954723485938,0.7458772489660382,Thomas,0.5027875892430208,16.0,1.37
22000,1.6488268116215494,0.1689423996442443,3,False,200,0.00021342941315378994,2.1271136075295507,0.6324054000339867,0.0314242243276888,21891,500,0.016117730557406357,0,0.024708283654823165,1.215938551860406,0.6976044129569354,Thomas,0.4085149162599544,13.0,1.64
22000,1.6488268116215494,0.103957803710484,3,False,200,0.0001936578236054629,2.1271136075295507,0.6324054000339867,0.0314242243276888,21891,500,0.014534162538830263,1,0.027551612043051527,1.220413475611714,0.5740093297219668,Thomas,0.4085149162599544,13.0,1.66
22000,1.6488268116215494,0.18585181051128674,3,False,200,0.0002466374856885523,2.1271136075295507,0.6324054000339867,0.0314242243276888,21891,500,0.01568100213671737,2,0.03280121827647394,1.1906439099201789,0.5811784612020782,Thomas,0.4085149162599544,13.0,1.66
46000,1.6488268116215494,0.42442237652787074,3,False,200,0.0004587227103766054,2.1271136075295507,0.6324054000339867,0.0314242243276888,46212,500,0.020329049648137705,0,0.03870532169656091,1.2674958028379748,0.7779096967281856,Thomas,0.4085149162599544,13.0,2.27
46000,1.6488268116215494,0.42215353216398616,3,False,200,0.00032047713338397444,2.1271136075295507,0.6324054000339867,0.0314242243276888,46212,500,0.017147577302164825,1,0.03392942561590128,1.2698693828906207,0.38214943830350884,Thomas,0.4085149162599544,13.0,1.99
46000,1.6488268116215494,0.17139680547268185,3,False,200,0.00022857852349989117,2.1271136075295507,0.6324054000339867,0.0314242243276888,46212,500,0.019743512286771743,2,0.028916777647447395,1.2114311508517042,0.3307961240143344,Thomas,0.4399391405876432,14.0,2.19
100000,1.6488268116215494,0.9932793704567274,3,False,200,0.00028532278165221216,2.1271136075295507,0.6324054000339867,0.0314242243276888,99843,500,0.018030209478456002,0,0.03461064025891771,1.2832879810841828,0.48074164844847456,Thomas,0.4399391405876432,14.0,2.76
100000,1.6488268116215494,0.4424288279861989,3,False,200,0.0004899747795425356,2.1271136075295507,0.6324054000339867,0.0314242243276888,99843,500,0.02394997878110568,1,0.0361147985478139,1.2534665075997742,0.7325474353064941,Thomas,0.37709069193226563,12.0,2.75
100000,1.6488268116215494,0.18552875553530457,3,False,200,0.0003907026029191911,2.1271136075295507,0.6324054000339867,0.0314242243276888,99843,500,0.021428200334348325,2,0.034281578447051445,1.249302999236786,0.495161784235635,Thomas,0.37709069193226563,12.0,2.61
1000,1.6488268116215494,0.18179575165015371,3,False,200,7.082509680185467e-05,2.1271136075295507,0.6324054000339867,0.0314242243276888,1011,2000,0.009303694548416003,0,0.02733990585632275,1.087832579913888,0.8147811669814732,Thomas,0.942726729830664,30.0,3.18
1000,1.6488268116215494,0.045964607209592924,3,False,200,7.283206132706255e-05,2.1271136075295507,0.6324054000339867,0.0314242243276888,1011,2000,0.00821545664426806,1,0.03188728945932962,1.1015741052883286,0.7234250787120285,Thomas,0.5342118135707096,17.0,3.57
1000,1.6488268116215494,0.19691602663939434,3,False,200,7.48321361024864e-05,2.1271136075295507,0.6324054000339867,0.0314242243276888,1011,2000,0.009791987472634276,2,0.02932804887621601,1.232530924910701,1.1218384785282691,Thomas,0.5970602622260872,19.0,3.31
2200,1.6488268116215494,0.0333585392117658,3,False,200,4.726226741331629e-05,2.1271136075295507,0.6324054000339867,0.0314242243276888,2196,2000,0.007422150402533548,0,0.027513878527888547,1.1777882431455948,0.3285506775768784,Thomas,0.9741509541583528,31.0,3.21
2200,1.6488268116215494,0.012470546663712029,3,False,200,7.640573068056256e-05,2.1271136075295507,0.6324054000339867,0.0314242243276888,2196,2000,0.009025535187512305,1,0.02920820716007019,1.1853471943115992,0.31352290219851464,Thomas,0.5970602622260872,19.0,3.32
2200,1.6488268116215494,0.028211547538772756,3,False,200,5.5367160675814376e-05,2.1271136075295507,0.6324054000339867,0.0314242243276888,2196,2000,0.007918007926878188,2,0.028612123194988622,1.1460390602426578,0.32502860865352495,Thomas,0.628484486553776,20.0,3.28
4600,1.6488268116215494,0.046893086908475635,3,False,200,4.5039763033855704e-05,2.1271136075295507,0.6324054000339867,0.0314242243276888,4611,2000,0.006925369292324495,0,0.02722919261744222,1.074124351030523,0.3444967409953475,Thomas,0.9113025055029752,29.0,3.41
4600,1.6488268116215494,0.011790450335197197,3,False,200,5.457777177798562e-05,2.1271136075295507,0.6324054000339867,0.0314242243276888,4611,2000,0.007768083494663585,1,0.028040245929193963,1.1134115783956946,0.4770844092671551,Thomas,0.8484540568475976,27.0,3.37
4600,1.6488268116215494,0.0833946764639193,3,False,200,5.6694735249038786e-05,2.1271136075295507,0.6324054000339867,0.0314242243276888,4611,2000,0.008509568226286558,2,0.02509991418447922,1.1665714012095982,1.0240601672057101,Thomas,1.0369994028137304,33.0,3.5
10000,1.6488268116215494,0.05876158695183021,3,False,200,4.270312382141128e-05,2.1271136075295507,0.6324054000339867,0.0314242243276888,9987,2000,0.007346783850598698,0,0.027595120210323825,1.1268007841202883,0.5716044641277058,Thomas,1.0684236271414191,34.0,3.9
10000,1.6488268116215494,0.029291451646571487,3,False,200,3.897208580747247e-05,2.1271136075295507,0.6324054000339867,0.0314242243276888,9987,2000,0.006444657641820712,1,0.022809871057737675,1.0423644788728115,0.5724707786716637,Thomas,0.7541813838645313,24.0,3.94
10000,1.6488268116215494,0.10500521317173546,3,False,200,4.0551407699240374e-05,2.1271136075295507,0.6324054000339867,0.0314242243276888,9987,2000,0.007117303363435091,2,0.02609751015515337,1.149281972452645,1.3396986794972048,Thomas,0.9741509541583528,31.0,4.04
22000,1.6488268116215494,0.02801796760284318,3,False,200,4.059023727313615e-05,2.1271136075295507,0.6324054000339867,0.0314242243276888,21891,2000,0.006696685552905337,0,0.022973466493859205,1.0609147503921101,0.9551246876431595,Thomas,1.0369994028137304,33.0,4.61
22000,1.6488268116215494,0.018893168001509135,3,False,200,3.2049003551946956e-05,2.1271136075295507,0.6324054000339867,0.0314242243276888,21891,2000,0.006174441708043388,1,0.02267241284889183,1.1169822272683434,1.0821932680181543,Thomas,1.0055751784860416,32.0,4.54
22000,1.6488268116215494,0.10618133450542148,3,False,200,4.360566491959616e-05,2.1271136075295507,0.6324054000339867,0.0314242243276888,21891,2000,0.0070780869952255425,2,0.025782721687795093,1.0584056750168194,0.3127882033097699,Thomas,0.7541813838645313,24.0,4.61
46000,1.6488268116215494,0.01753455764797571,3,False,200,6.466128025203943e-05,2.1271136075295507,0.6324054000339867,0.0314242243276888,46212,2000,0.008874254032813597,0,0.03215852748877512,1.123510358389507,0.34182712600616255,Thomas,0.5656360378983984,18.0,6.36
46000,1.6488268116215494,0.04835363260865125,3,False,200,3.3492679707705976e-05,2.1271136075295507,0.6324054000339867,0.0314242243276888,46212,2000,0.006139048241934232,1,0.023262921628822292,1.0967117696172242,0.5286406225352747,Thomas,0.942726729830664,30.0,6.4
46000,1.6488268116215494,0.03161966276058666,3,False,200,4.0665542474016544e-05,2.1271136075295507,0.6324054000339867,0.0314242243276888,46212,2000,0.0066115758999257,2,0.022478781771341355,1.1005932907550946,1.1434783151645043,Thomas,0.78560560819222,25.0,6.77
100000,1.6488268116215494,0.07971155520711891,3,False,200,4.3755477614467965e-05,2.1271136075295507,0.6324054000339867,0.0314242243276888,99843,2000,0.007102566908459939,0,0.021969270252442594,1.151005826064601,1.1066239748355253,Thomas,0.8170298325199088,26.0,9.57
100000,1.6488268116215494,0.03263107752686568,3,False,200,2.3976167605724186e-05,2.1271136075295507,0.6324054000339867,0.0314242243276888,99843,2000,0.0054873885532579336,1,0.01838111230010198,1.1482182452019034,0.8489348370462304,Thomas,1.0055751784860416,32.0,9.33
100000,1.6488268116215494,0.058290960779695034,3,False,200,2.4548767745727672e-05,2.1271136075295507,0.6324054000339867,0.0314242243276888,99843,2000,0.004968630413356804,2,0.016547674379114148,1.1810654917849037,1.2767758731404213,Thomas,0.8798782811752864,28.0,8.79
1000,1.6488268116215494,0.05224350939650386,3,False,200,1.6218170247157104e-05,2.1271136075295507,0.6324054000339867,0.0314242243276888,1011,8000,0.002991975660469943,0,0.006760926557442617,1.0186262886768493,0.5060840432575813,Thomas,1.0369994028137304,33.0,10.82
1000,1.6488268116215494,0.05943636380594556,3,False,200,1.5495988554903307e-05,2.1271136075295507,0.6324054000339867,0.0314242243276888,1011,8000,0.0031263843758394727,1,0.006667967098474711,0.9932748857111419,1.134629197128903,Thomas,1.131272075796797,36.0,10.54
1000,1.6488268116215494,0.06175915996569433,3,False,200,1.4626677148044109e-05,2.1271136075295507,0.6324054000339867,0.0314242243276888,1011,8000,0.0030876885417058034,2,0.0062383359062164094,1.012417666321597,0.48858504622069426,Thomas,1.0369994028137304,33.0,12.28
2200,1.6488268116215494,0.15628048749384313,3,False,200,1.2334997860307339e-05,2.1271136075295507,0.6324054000339867,0.0314242243276888,2196,8000,0.0027731944533932787,0,0.005999319179149612,0.9590436808907498,0.6610691388675981,Thomas,1.0684236271414191,34.0,12.29
2200,1.6488268116215494,0.06302664062100456,3,False,200,1.5014510034234264e-05,2.1271136075295507,0.6324054000339867,0.0314242243276888,2196,8000,0.0032111635708168473,1,0.007476730500947306,1.0174869740975085,0.6020112786527049,Thomas,1.0684236271414191,34.0,12.03
2200,1.6488268116215494,0.06871962954615314,3,False,200,1.185917653128854e-05,2.1271136075295507,0.6324054000339867,0.0314242243276888,2196,8000,0.002892988870365706,2,0.006148155288706147,0.9910800785406276,0.5587876425255368,Thomas,1.0684236271414191,34.0,11.47
4600,1.6488268116215494,0.06804960023991857,3,False,200,1.2931382792885416e-05,2.1271136075295507,0.6324054000339867,0.0314242243276888,4611,8000,0.002976313216925883,0,0.006405061090347557,1.077061536369387,0.5531222582835605,Thomas,0.9741509541583528,31.0,12.33
4600,1.6488268116215494,0.08744102404588337,3,False,200,1.1214913029107265e-05,2.1271136075295507,0.6324054000339867,0.0314242243276888,4611,8000,0.002817721380228169,1,0.005627083002638369,0.918974203231529,0.6476365334294872,Thomas,1.2883931974352407,41.0,12.4
4600,1.6488268116215494,0.03866716714504737,3,False,200,1.3350320645258762e-05,2.1271136075295507,0.6324054000339867,0.0314242243276888,4611,8000,0.0029596239903468317,2,0.006276079664292618,1.0530987138237589,0.655952101751469,Thomas,1.0684236271414191,34.0,12.83
10000,1.6488268116215494,0.0433326864605671,3,False,200,7.158265441830736e-06,2.1271136075295507,0.6324054000339867,0.0314242243276888,9987,8000,0.0023849716983454067,0,0.004741857415613429,0.8798178345169697,0.5095749683801484,Thomas,1.0684236271414191,34.0,14.06
10000,1.6488268116215494,0.08746167693729225,3,False,200,8.047400835494045e-06,2.1271136075295507,0.6324054000339867,0.0314242243276888,9987,8000,0.0024217905549726465,1,0.005215230842026751,0.8913399781077752,0.5636278926902177,Thomas,1.1626963001244857,37.0,14.05
10000,1.6488268116215494,0.03408144228676043,3,False,200,7.207545402707183e-06,2.1271136075295507,0.6324054000339867,0.0314242243276888,9987,8000,0.002326925272008821,2,0.004296391731437976,0.9723142990144436,0.6467863842098917,Thomas,0.6913329352091536,22.0,14.34
22000,1.6488268116215494,0.03949165328437194,3,False,200,6.273995568335522e-06,2.1271136075295507,0.6324054000339867,0.0314242243276888,21891,8000,0.002102147829098904,0,0.004403535336298941,0.9570335291202561,0.5270011155735975,Thomas,1.0055751784860416,32.0,17.05
22000,1.6488268116215494,0.027529459144484056,3,False,200,8.787170801952015e-06,2.1271136075295507,0.6324054000339867,0.0314242243276888,21891,8000,0.0025103455683964946,1,0.004854882070172103,0.94268402831777,0.4266536373156309,Thomas,1.099847851469108,35.0,17.23
22000,1.6488268116215494,0.023778844042058184,3,False,200,6.401049960913951e-06,2.1271136075295507,0.6324054000339867,0.0314242243276888,21891,8000,0.002219909612412935,2,0.004911609921097686,0.8614331768364286,0.5029729790001957,Thomas,0.9741509541583528,31.0,17.35
46000,1.6488268116215494,0.06251887607747546,3,False,200,4.078156041941838e-06,2.1271136075295507,0.6324054000339867,0.0314242243276888,46212,8000,0.0018685475427520643,0,0.00383593206468217,0.9976941575614319,0.7830049564679434,Thomas,1.1626963001244857,37.0,25.08
46000,1.6488268116215494,0.07008398387543473,3,False,200,3.8984385791991375e-06,2.1271136075295507,0.6324054000339867,0.0314242243276888,46212,8000,0.0017636886420099604,1,0.003583496709050409,0.8668826652317967,0.4632302894251739,Thomas,0.7227571595368424,23.0,30.2
46000,1.6488268116215494,0.016548086756107697,3,False,200,4.601371043463587e-06,2.1271136075295507,0.6324054000339867,0.0314242243276888,46212,8000,0.00186759152631699,2,0.0036008268402922196,0.879295111320237,0.4999306707164479,Thomas,0.9113025055029752,29.0,23.8
100000,1.6488268116215494,0.027708350138699937,3,False,200,3.2739361813582945e-06,2.1271136075295507,0.6324054000339867,0.0314242243276888,99843,8000,0.001695856557078772,0,0.0034044904807100564,0.8810650289986003,0.6177245640490449,Thomas,1.099847851469108,35.0,34.84
100000,1.6488268116215494,0.031663003831635,3,False,200,3.5208865410822908e-06,2.1271136075295507,0.6324054000339867,0.0314242243276888,99843,8000,0.00175762843386098,1,0.0037152271377938334,0.7880750169427878,0.49552794245143805,Thomas,1.2255447487798632,39.0,35.56
100000,1.6488268116215494,0.02477428022110798,3,False,200,3.580363367291284e-06,2.1271136075295507,0.6324054000339867,0.0314242243276888,99843,8000,0.0018564498764071485,2,0.0035692660192675877,0.8585653227646033,0.39426762183790776,Thomas,1.099847851469108,35.0,34.22
1000,1.6488268116215494,0.007294455469208007,3,False,200,5.960837232123595e-06,2.1271136075295507,0.6324054000339867,0.0314242243276888,1011,32000,0.0023688536976031616,0,0.009209021791385155,0.8517421191035135,0.37908574194350053,Thomas,1.2883931974352407,41.0,40.83
1000,1.6488268116215494,0.01922884951633017,3,False,200,5.571535637500347e-06,2.1271136075295507,0.6324054000339867,0.0314242243276888,1011,32000,0.0026593554761862484,1,0.011397998173384327,0.9356358972540344,1.0716543057561003,Thomas,1.3512416460906185,43.0,41.05
1000,1.6488268116215494,0.030675784832354034,3,False,200,5.314820406056242e-06,2.1271136075295507,0.6324054000339867,0.0314242243276888,1011,32000,0.0025118844840972625,2,0.007769021464627473,0.8845754831253348,0.4178424634200306,Thomas,1.5083627677290625,48.0,39.71
2200,1.6488268116215494,0.037035863420455416,3,False,200,2.842375806721975e-06,2.1271136075295507,0.6324054000339867,0.0314242243276888,2196,32000,0.0018997381072466686,0,0.00690918828539496,0.8057346695407124,0.39067439056435527,Thomas,1.6026354407121288,51.0,42.56
2200,1.6488268116215494,0.03553801477730917,3,False,200,3.6199022324581164e-06,2.1271136075295507,0.6324054000339867,0.0314242243276888,2196,32000,0.0021117698279068697,1,0.0076869173354797244,0.7696587270508628,0.5459266685583453,Thomas,1.5397869920567513,49.0,42.55
2200,1.6488268116215494,0.05617310977287315,3,False,200,3.0956787522882223e-06,2.1271136075295507,0.6324054000339867,0.0314242243276888,2196,32000,0.0018730214596811563,2,0.007570845315462245,0.7452393547895297,0.44714997189878597,Thomas,1.6340596650398176,52.0,42.4
4600,1.6488268116215494,0.017745043575327215,3,False,200,2.2244726060307583e-06,2.1271136075295507,0.6324054000339867,0.0314242243276888,4611,32000,0.0015536330519218752,0,0.004659900031071654,0.8946101284220784,0.45884932915680093,Thomas,1.6026354407121288,51.0,44.87
4600,1.6488268116215494,0.03226396602679737,3,False,200,1.484956814238103e-06,2.1271136075295507,0.6324054000339867,0.0314242243276888,4611,32000,0.0012417626657227514,1,0.0062827263574247215,0.8346000247426605,0.37940900415247897,Thomas,1.6654838893675064,53.0,44.09
4600,1.6488268116215494,0.017771486129058312,3,False,200,2.8422083032637604e-06,2.1271136075295507,0.6324054000339867,0.0314242243276888,4611,32000,0.0017922882548886139,2,0.008350690314022408,0.7249636592646166,0.46847125219951913,Thomas,1.6340596650398176,52.0,44.34
10000,1.6488268116215494,0.07616505199058198,3,False,200,9.885873928396904e-07,2.1271136075295507,0.6324054000339867,0.0314242243276888,9987,32000,0.001059849567943765,0,0.002261577784834863,0.6300380130232821,0.38859268493911997,Thomas,1.8540292353336392,59.0,52.08
10000,1.6488268116215494,0.03198727585806607,3,False,200,1.8856563074223232e-06,2.1271136075295507,0.6324054000339867,0.0314242243276888,9987,32000,0.0015009569643501307,1,0.003662908602771705,0.8957215602100924,0.3269188293755554,Thomas,1.1626963001244857,37.0,52.62
10000,1.6488268116215494,0.09468296832421798,3,False,200,9.972544303309405e-07,2.1271136075295507,0.6324054000339867,0.0314242243276888,9987,32000,0.0010906424812084203,2,0.003742425067244448,0.6392876652631568,0.4824475886407072,Thomas,2.388241048904349,76.0,52.15
22000,1.6488268116215494,0.11575400475913983,3,False,200,5.690304146810377e-07,2.1271136075295507,0.6324054000339867,0.0314242243276888,21891,32000,0.0008500079645591976,0,0.0019464507096257206,0.5294818581672996,0.7639540829548558,Thomas,2.042574581299772,65.0,64.5
22000,1.6488268116215494,0.025652144422666653,3,False,200,8.80242729181191e-07,2.1271136075295507,0.6324054000339867,0.0314242243276888,21891,32000,0.0009524871100127004,1,0.002417741768809357,0.752369818707448,0.5449080097795825,Thomas,1.2883931974352407,41.0,64.1
22000,1.6488268116215494,0.035057217371834266,3,False,200,6.743275589542463e-07,2.1271136075295507,0.6324054000339867,0.0314242243276888,21891,32000,0.0009065359326367847,2,0.002212758994802624,0.5956923310451996,0.4813345791516485,Thomas,1.6969081136951951,54.0,64.03
46000,1.6488268116215494,0.01764672835361786,3,False,200,4.39578231635096e-07,2.1271136075295507,0.6324054000339867,0.0314242243276888,46212,32000,0.0007710584727555154,0,0.0026272098560257695,0.5523385967678309,0.37146773387116133,Thomas,2.042574581299772,65.0,92.98
46000,1.6488268116215494,0.027467094739849665,3,False,200,3.665144204205717e-07,2.1271136075295507,0.6324054000339867,0.0314242243276888,46212,32000,0.0006864840170892915,1,0.0016729246605595028,0.5519223715079293,0.8542935772714012,Thomas,1.8226050110059504,58.0,94.9
46000,1.6488268116215494,0.015009419903985388,3,False,200,4.120748449167877e-07,2.1271136075295507,0.6324054000339867,0.0314242243276888,46212,32000,0.0007822931543528815,2,0.0021646496229906025,0.6382786656196372,0.8250358266080354,Thomas,1.6969081136951951,54.0,95.66
100000,1.6488268116215494,0.015801674134103525,3,False,200,4.141673634876497e-07,2.1271136075295507,0.6324054000339867,0.0314242243276888,99843,32000,0.0006420031183523489,0,0.002601810886193831,0.6704749799646819,0.4095593277117155,Thomas,2.262544151593594,72.0,141.46
100000,1.6488268116215494,0.01577262299935309,3,False,200,4.0001288061830563e-07,2.1271136075295507,0.6324054000339867,0.0314242243276888,99843,32000,0.0007298637664220188,1,0.003249726400645985,0.7424899530852397,0.40433724074910576,Thomas,1.6026354407121288,51.0,141.7
100000,1.6488268116215494,0.023620454649610493,3,False,200,3.2820181672832404e-07,2.1271136075295507,0.6324054000339867,0.0314242243276888,99843,32000,0.0006514387479520323,2,0.00221596939907667,0.6553561921010814,0.8269681627981288,Thomas,1.5083627677290625,48.0,140.03
