density_kl,dim,diverged,err_h1,err_h10,err_h100,err_h1000,err_h200,err_h50,err_h500,final_train_loss,lyap_max,lyap_time_per_step,n_params,n_train,noise,nrmse_1,parrot_err_10,parrot_err_final,parrot_vpt_lyap,parrot_vpt_steps,persistence_err_10,persistence_err_final,persistence_vpt_lyap,persistence_vpt_steps,rollout_steps,seed,smape_1,smape_all,spectrum_error,system,vpt_censored,vpt_lyap,vpt_steps,wall_s
0.12744749580969375,3,False,0.001972840866073966,0.011689900420606136,0.15060284733772278,nan,0.645255982875824,0.1368018537759781,nan,5.565121486142743e-06,0.00732698039035783,0.008995333825242308,9987,8000,0.0,0.002010811824344307,0.022919926685132753,0.19962033252472008,1.7990667650484615,200.0,0.8320840687456578,1.7236738459240706,0.03598133530096923,4.0,200,0,0.0038823877841134957,0.20861269884898898,0.38638796204770154,CoevolvingPredatorPrey,False,0.5936920324659923,66.0,20.94
1.211440671786026,3,False,0.002336943056434393,0.009325804188847542,0.567032516002655,nan,1.939710259437561,0.14780093729496002,nan,7.047136285109445e-06,0.00732698039035783,0.008995333825242308,9987,8000,0.0,0.0023830909948136026,0.022919926685132753,0.19962033252472008,1.7990667650484615,200.0,0.8320840687456578,1.7236738459240706,0.03598133530096923,4.0,200,1,0.00402929321196588,0.3437119617103004,1.0844536012017196,CoevolvingPredatorPrey,False,0.58469669864075,65.0,17.01
1.2375664291952682,3,False,0.0023360976483672857,0.0095796724781394,15.328946113586426,nan,45.54182434082031,4.895615100860596,nan,6.1117626091800045e-06,0.00732698039035783,0.008995333825242308,9987,8000,0.0,0.002381720504119513,0.022919926685132753,0.19962033252472008,1.7990667650484615,200.0,0.8320840687456578,1.7236738459240706,0.03598133530096923,4.0,200,2,0.006843173342953497,0.46516144209037236,3.1432812187746584,CoevolvingPredatorPrey,False,0.17990667650484615,20.0,17.26
0.19225766573810324,6,False,0.002142093377187848,0.015508433803915977,0.21216881275177002,nan,0.5806389451026917,0.05222221091389656,nan,4.658405730879167e-06,0.010172128409635746,0.020823364067365336,9957,8000,0.0,0.0021103512965703892,0.06529113943176754,0.8041483987420471,1.5201055769176695,73.0,0.7390689736058298,1.411175249302901,0.08329345626946134,4.0,200,0,0.002197429002313339,0.17541534438429157,1.0896082783986218,CellCycle,False,2.644567236555398,127.00000000000001,18.23
0.03151218805398585,6,False,0.0018700791988521814,0.016818691045045853,0.20204882323741913,nan,0.4807538390159607,0.055728089064359665,nan,3.326870464661624e-06,0.010172128409635746,0.020823364067365336,9957,8000,0.0,0.0018558295198622037,0.06529113943176754,0.8041483987420471,1.5201055769176695,73.0,0.7390689736058298,1.411175249302901,0.08329345626946134,4.0,200,1,0.00236258819533712,0.16078264001317283,0.6032423709821242,CellCycle,False,3.227621430441627,155.0,18.15
0.01474130783436129,6,False,0.0016770994989201427,0.010959021747112274,0.23068921267986298,nan,0.8211104273796082,0.04781673476099968,nan,3.702706944750389e-06,0.010172128409635746,0.020823364067365336,9957,8000,0.0,0.0016559521132638024,0.06529113943176754,0.8041483987420471,1.5201055769176695,73.0,0.7390689736058298,1.411175249302901,0.08329345626946134,4.0,200,2,0.002091899942332772,0.20497362697310278,0.7140163184281066,CellCycle,False,2.3738635036796483,114.0,20.45
0.012105621361947717,3,False,0.005305096507072449,0.24577833712100983,0.7477530837059021,nan,0.834920346736908,0.3154274821281433,nan,3.256333437457215e-05,0.010543274932274862,0.009446243756068489,9987,8000,0.0,0.005172285376334565,0.06582164386787871,0.6723941880968274,0.6328983316565888,67.0,1.052171719466078,0.7720823917294211,0.0,0.0,200,0,0.011115287639200083,0.40238395459253573,0.4595098291890882,AtmosphericRegime,False,0.40618848151094505,43.0,17.31
0.008887698413968439,3,False,0.005442402791231871,0.2696792781352997,0.6583070755004883,nan,0.7894183993339539,0.6818938255310059,nan,3.522426405106671e-05,0.010543274932274862,0.009446243756068489,9987,8000,0.0,0.005298374243412112,0.06582164386787871,0.6723941880968274,0.6328983316565888,67.0,1.052171719466078,0.7720823917294211,0.0,0.0,200,1,0.01179767810934085,0.4101276732824258,0.4369451904056471,AtmosphericRegime,False,0.21726360638957526,23.0,16.87
0.00845321901505531,3,False,0.005368064623326063,0.23960019648075104,0.4919937551021576,nan,0.8121132254600525,0.217769056558609,nan,4.2308188450988384e-05,0.010543274932274862,0.009446243756068489,9987,8000,0.0,0.0052244042584002025,0.06582164386787871,0.6723941880968274,0.6328983316565888,67.0,1.052171719466078,0.7720823917294211,0.0,0.0,200,2,0.010649559561625823,0.35907882611647013,0.48861498917101837,AtmosphericRegime,False,0.12280116882889036,13.0,16.98
0.0025215850412662662,3,False,0.0007036690949462354,0.006846025586128235,0.02960488386452198,nan,0.05666553974151611,0.02396065928041935,nan,6.314828542599571e-07,0.012993052652429771,0.0008280272562275763,9987,8000,0.0,0.0007275349267585841,0.03733259310201162,0.04123234814685019,0.16560545124551526,200.0,0.7073461036187849,1.018032747346162,0.004140136281137881,4.999999999999999,200,0,0.0017688790308820366,0.06951571393011471,0.13373855580862856,SprottA,True,0.16560545124551526,200.0,17.12
0.014255990966147858,3,False,0.0006808640318922698,0.005564015358686447,0.028430473059415817,nan,0.07160133868455887,0.013472510501742363,nan,5.031864550346655e-07,0.012993052652429771,0.0008280272562275763,9987,8000,0.0,0.0007040837424573403,0.03733259310201162,0.04123234814685019,0.16560545124551526,200.0,0.7073461036187849,1.018032747346162,0.004140136281137881,4.999999999999999,200,1,0.0011567223774147574,0.059512681462110945,0.9545231609765902,SprottA,True,0.16560545124551526,200.0,16.91
0.010505430839838023,3,False,0.0006502227624878287,0.005656105000525713,0.02434704080224037,nan,0.042506538331508636,0.021028364077210426,nan,5.45149264326028e-07,0.012993052652429771,0.0008280272562275763,9987,8000,0.0,0.0006711303240702945,0.03733259310201162,0.04123234814685019,0.16560545124551526,200.0,0.7073461036187849,1.018032747346162,0.004140136281137881,4.999999999999999,200,2,0.0011714118118060985,0.06508871365712704,0.3020121438806045,SprottA,True,0.16560545124551526,200.0,17.12
0.030698900856651296,3,False,0.0005403771065175533,0.003965822048485279,0.0236838199198246,nan,0.04039532691240311,0.01217377744615078,nan,3.0090336804278193e-07,0.023218704376506836,0.002537804388352197,9987,8000,0.0,0.00054529076868537,0.021323865727820312,0.030314655361711684,0.5075608776704394,200.00000000000003,0.7994832053420147,0.264393807864696,0.012689021941760985,5.0,200,0,0.0023731633046926394,0.05806968597503767,0.6087942133355865,SprottI,True,0.5075608776704394,200.00000000000003,17.09
0.008505537599641969,3,False,0.0005697494489140809,0.004362591076642275,0.02434161677956581,nan,0.048468369990587234,0.013199218548834324,nan,3.397431628400227e-07,0.023218704376506836,0.002537804388352197,9987,8000,0.0,0.0005750102620903339,0.021323865727820312,0.030314655361711684,0.5075608776704394,200.00000000000003,0.7994832053420147,0.264393807864696,0.012689021941760985,5.0,200,1,0.002575043647292839,0.0684967891652884,0.13354266120911992,SprottI,True,0.5075608776704394,200.00000000000003,17.51
0.014225355300099865,3,False,0.0005996146355755627,0.004404459614306688,0.04572778940200806,nan,0.09208304435014725,0.021027499809861183,nan,3.876479497648688e-07,0.023218704376506836,0.002537804388352197,9987,8000,0.0,0.0006050990693244789,0.021323865727820312,0.030314655361711684,0.5075608776704394,200.00000000000003,0.7994832053420147,0.264393807864696,0.012689021941760985,5.0,200,2,0.0026496446702315326,0.10329619414369075,0.25693002796481196,SprottI,True,0.5075608776704394,200.00000000000003,17.25
0.004432272867359355,3,False,0.0008954194490797818,0.007310105487704277,0.1773461550474167,nan,0.5464221835136414,0.064889095723629,nan,9.999030476137705e-07,0.03577425334463406,0.0043065046176270485,9987,8000,0.0,0.0009001517405917733,0.017141211187892507,0.3046076184158838,0.8613009235254097,200.0,0.8114572398680452,1.5773235077176473,0.017226018470508194,4.0,200,0,0.0036214114045043117,0.21515848721102487,0.688533636411537,ShimizuMorioka,False,0.7364122896142253,171.0,17.15
0.004890826083658859,3,False,0.0007186887669377029,0.0053357346914708614,0.12822426855564117,nan,0.400753378868103,0.03661856800317764,nan,6.310760104497604e-07,0.03577425334463406,0.0043065046176270485,9987,8000,0.0,0.000722349109924493,0.017141211187892507,0.3046076184158838,0.8613009235254097,200.0,0.8114572398680452,1.5773235077176473,0.017226018470508194,4.0,200,1,0.0029924986457909876,0.14839977170355606,0.2216567610566967,ShimizuMorioka,False,0.8440749050549015,196.0,17.38
0.007734031342316879,3,False,0.0006762236007489264,0.004415016155689955,0.11366865038871765,nan,0.376893013715744,0.022977706044912338,nan,5.331693946573069e-07,0.03577425334463406,0.0043065046176270485,9987,8000,0.0,0.0006795686315121669,0.017141211187892507,0.3046076184158838,0.8613009235254097,200.0,0.8114572398680452,1.5773235077176473,0.017226018470508194,4.0,200,2,0.0021899215824060475,0.14655739734679737,0.7337743717173947,ShimizuMorioka,True,0.8613009235254097,200.0,17.12
0.007526606544869578,3,False,0.0009719171212054789,0.02927027828991413,0.9609498977661133,nan,1.0960537195205688,0.3967110514640808,nan,1.3043824928899995e-06,0.038767800131815223,0.07039457147935009,9987,8000,0.0,0.0010012956846591312,0.17212380708506303,1.0713925785896248,2.0414425729011527,29.0,1.3980102286127467,1.0609332226283623,0.07039457147935009,1.0,200,0,0.00250318083755135,0.5382908558870573,0.5071437176405151,BeerRNN,False,3.5197285739675044,50.0,16.99
0.015697478608940246,3,False,0.0011502048000693321,0.05655628442764282,0.9471707344055176,nan,1.0580066442489624,0.44750434160232544,nan,1.5517815118073487e-06,0.038767800131815223,0.07039457147935009,9987,8000,0.0,0.001180819557929737,0.17212380708506303,1.0713925785896248,2.0414425729011527,29.0,1.3980102286127467,1.0609332226283623,0.07039457147935009,1.0,200,1,0.0027837668643615966,0.5232713544315517,0.4267753001263424,BeerRNN,False,3.3789394310088046,48.0,17.03
0.004180929129303024,3,False,0.0011268806410953403,0.11075980961322784,0.7851570248603821,nan,0.8241112232208252,0.46337947249412537,nan,1.4881102224535425e-06,0.038767800131815223,0.07039457147935009,9987,8000,0.0,0.0011594991950718383,0.17212380708506303,1.0713925785896248,2.0414425729011527,29.0,1.3980102286127467,1.0609332226283623,0.07039457147935009,1.0,200,2,0.0028240266242260917,0.43139010347417944,0.5291776387870072,BeerRNN,False,1.9006534299424525,27.0,17.25
0.1287278166714472,3,False,0.001235993579030037,0.01356303971260786,0.14312411844730377,nan,0.2646792232990265,0.08662078529596329,nan,3.64105123844638e-06,0.06012563518102038,0.0018284806914900108,9987,8000,0.0,0.001361243885268946,0.021160718300389826,0.1406314693083756,0.3656961382980022,200.0,0.5457946872948393,1.505031633614579,0.012799364840430075,7.0,200,0,0.0018734175373837014,0.15853483015637668,0.6817621590486621,Bouali,True,0.3656961382980022,200.0,16.93
0.03272126454698035,3,False,0.0011563088046386838,0.011290534399449825,0.1993563175201416,nan,0.4246278405189514,0.06429345160722733,nan,3.372669416421559e-06,0.06012563518102038,0.0018284806914900108,9987,8000,0.0,0.0012721453711530078,0.021160718300389826,0.1406314693083756,0.3656961382980022,200.0,0.5457946872948393,1.505031633614579,0.012799364840430075,7.0,200,1,0.0016782930382382947,0.1868432248412937,0.6412463396308171,Bouali,False,0.2651297002660516,145.0,17.08
0.29486386123479463,3,False,0.0010723344748839736,0.010809332132339478,0.23215250670909882,nan,0.32261723279953003,0.064700186252594,nan,2.559432832640596e-06,0.06012563518102038,0.0018284806914900108,9987,8000,0.0,0.0011862292804804319,0.021160718300389826,0.1406314693083756,0.3656961382980022,200.0,0.5457946872948393,1.505031633614579,0.012799364840430075,7.0,200,2,0.0019061657293960247,0.1621011467376597,0.7873831170828067,Bouali,False,0.3199841210107519,175.0,17.03
0.02326481046174757,3,False,0.0005690359976142645,0.007044715341180563,0.8068843483924866,nan,0.7873112559318542,0.8229975700378418,nan,8.330034215759951e-07,0.0757060839542753,0.008321360394640761,9987,8000,0.0,0.0006763633529089177,0.004941818117084291,0.4537863933524382,1.4229526274835702,171.0,0.4171842849495577,1.590804014544322,0.07489224355176685,9.0,200,0,0.0008448693073258299,0.18727175715446004,1.154920972489774,KawczynskiStrizhak,False,0.29124761381242664,35.0,17.55
0.09299211156720348,3,False,0.0007737547857686877,0.011441503651440144,1.0518192052841187,nan,0.9718302488327026,1.0549533367156982,nan,1.999149963921809e-06,0.0757060839542753,0.008321360394640761,9987,8000,0.0,0.0009210655115685781,0.004941818117084291,0.4537863933524382,1.4229526274835702,171.0,0.4171842849495577,1.590804014544322,0.07489224355176685,9.0,200,1,0.0010738036078575609,0.28265756407037296,0.7890895269728159,KawczynskiStrizhak,False,0.24131945144458206,29.0,17.06
0.01575873812905176,3,False,0.0007320154109038413,0.011323232203722,1.0063577890396118,nan,0.9148420095443726,1.060002088546753,nan,1.576848085733218e-06,0.0757060839542753,0.008321360394640761,9987,8000,0.0,0.0008716535506111722,0.004941818117084291,0.4537863933524382,1.4229526274835702,171.0,0.4171842849495577,1.590804014544322,0.07489224355176685,9.0,200,2,0.0011237895762069557,0.267148322486322,0.452002358354733,KawczynskiStrizhak,False,0.24131945144458206,29.0,17.57
0.09045764260569371,3,False,0.0005833454779349267,0.004487517289817333,0.07237058132886887,nan,0.12595103681087494,0.021299459040164948,nan,3.176510901994334e-07,0.08422043130700084,0.004517920817032753,9987,8000,0.0,0.0005602717142733693,0.013689098191881018,0.08434296474978699,0.9035841634065506,200.0,0.624811910135032,0.8324958668990949,0.02710752490219652,6.0,200,0,0.00109762422130469,0.10676230888744567,0.38511492269662934,SprottM,True,0.9035841634065506,200.0,16.97
0.11833145097964078,3,False,0.0004931749426759779,0.004477312788367271,0.038739241659641266,nan,0.08493611216545105,0.01316444668918848,nan,3.3553972730260285e-07,0.08422043130700084,0.004517920817032753,9987,8000,0.0,0.0004799470532852831,0.013689098191881018,0.08434296474978699,0.9035841634065506,200.0,0.624811910135032,0.8324958668990949,0.02710752490219652,6.0,200,1,0.0010418032818682243,0.07683179863434374,0.19527562438355592,SprottM,True,0.9035841634065506,200.0,17.05
0.09522903062122669,3,False,0.0005374453030526638,0.004703923128545284,0.03072044439613819,nan,0.06611254811286926,0.010456446558237076,nan,3.8738157059015067e-07,0.08422043130700084,0.004517920817032753,9987,8000,0.0,0.0005178017671939995,0.013689098191881018,0.08434296474978699,0.9035841634065506,200.0,0.624811910135032,0.8324958668990949,0.02710752490219652,6.0,200,2,0.0009071875492945284,0.06605284477860542,0.29969691899953127,SprottM,True,0.9035841634065506,200.0,17.2
0.06347197851913418,3,False,0.0012103882618248463,0.009471938945353031,0.3929438292980194,nan,0.9648159742355347,0.08977925777435303,nan,1.8858435687434394e-06,0.09016067590084897,0.006877005554337256,9987,8000,0.0,0.001165151751680306,0.02679389103285447,0.3635979972350302,1.3754011108674513,200.00000000000003,0.8112976490775358,1.528513696771163,0.027508022217349024,4.0,200,0,0.0028687185791553566,0.3482061708422903,0.3062697240781,SprottE,False,0.6877005554337257,100.00000000000001,17.39
0.16926538983639736,3,False,0.0009699254878796637,0.008800261653959751,0.10958541184663773,nan,1.5500990152359009,0.0667019784450531,nan,1.5166258813223977e-06,0.09016067590084897,0.006877005554337256,9987,8000,0.0,0.0009256453773837367,0.02679389103285447,0.3635979972350302,1.3754011108674513,200.00000000000003,0.8112976490775358,1.528513696771163,0.027508022217349024,4.0,200,1,0.0020783629568300447,0.23657747861640785,0.3379078157882754,SprottE,False,0.8183636609661334,119.0,17.14
0.021083277826314927,3,False,0.0010775377741083503,0.00901002623140812,0.08265446126461029,nan,0.28717371821403503,0.09278091043233871,nan,1.8308673006686149e-06,0.09016067590084897,0.006877005554337256,9987,8000,0.0,0.001033341490317289,0.02679389103285447,0.3635979972350302,1.3754011108674513,200.00000000000003,0.8112976490775358,1.528513696771163,0.027508022217349024,4.0,200,2,0.0025064687981989626,0.1802731678338507,0.4964549884063099,SprottE,False,0.887133716509506,129.0,17.23
0.0020872590408397124,3,False,0.0004247711331117898,0.004555771593004465,0.030820751562714577,nan,0.060507360845804214,0.017942754551768303,nan,1.874344271755035e-07,0.09141077854590315,0.008917121447152853,9987,8000,0.0,0.0004195273347887216,0.015263897252845186,0.045073573713528346,1.7834242894305705,200.0,1.193563840036333,0.21301974960612965,0.02675136434145856,3.0,200,0,0.0008660075906580028,0.07516702588188051,0.38853990621490686,SprottO,True,1.7834242894305705,200.0,17.09
0.024065511050889315,3,False,0.0004060920618940145,0.003906637895852327,0.06336382776498795,nan,0.12599779665470123,0.029798662289977074,nan,1.899955854014479e-07,0.09141077854590315,0.008917121447152853,9987,8000,0.0,0.0004011152332955411,0.015263897252845186,0.045073573713528346,1.7834242894305705,200.0,1.193563840036333,0.21301974960612965,0.02675136434145856,3.0,200,1,0.0008767087942502475,0.11881510456971994,0.28461563772114284,SprottO,True,1.7834242894305705,200.0,17.2
0.011806652428959149,3,False,0.0003709126322064549,0.0034087239764630795,0.04023735970258713,nan,0.08777965605258942,0.020763831213116646,nan,1.2657104014124342e-07,0.09141077854590315,0.008917121447152853,9987,8000,0.0,0.0003663648734846241,0.015263897252845186,0.045073573713528346,1.7834242894305705,200.0,1.193563840036333,0.21301974960612965,0.02675136434145856,3.0,200,2,0.0006749515468237388,0.09045421486985587,0.7270862043465979,SprottO,True,1.7834242894305705,200.0,17.34
0.04138210357900098,3,False,0.0011836891062557697,0.012968725524842739,0.7515908479690552,nan,0.8520237803459167,0.4363293945789337,nan,2.6173053611273643e-06,0.09354106442670211,0.009254204585862494,9987,8000,0.0,0.0012469077636997736,0.054079472656817715,0.7517086760877632,0.1665756825455249,18.0,0.8621243411012973,1.325482927074261,0.03701681834344998,4.0,200,0,0.0031433968732344207,0.3645191102173597,0.39559432148502416,Finance,False,0.3238971605051873,35.0,17.01
0.01892535210647778,3,False,0.0011609659995883703,0.012318500317633152,0.6493511199951172,nan,0.7136807441711426,0.26787063479423523,nan,2.4288022605105653e-06,0.09354106442670211,0.009254204585862494,9987,8000,0.0,0.0012599889846057633,0.054079472656817715,0.7517086760877632,0.1665756825455249,18.0,0.8621243411012973,1.325482927074261,0.03701681834344998,4.0,200,1,0.0036030284660492646,0.2567982893028876,0.7122193583580462,Finance,False,0.3053887513334623,33.0,18.07
0.03331727667708966,3,False,0.0012679005740210414,0.01342853531241417,0.8061752319335938,nan,0.717467725276947,0.39285600185394287,nan,2.564685675679357e-06,0.09354106442670211,0.009254204585862494,9987,8000,0.0,0.0013583855172061828,0.054079472656817715,0.7517086760877632,0.1665756825455249,18.0,0.8621243411012973,1.325482927074261,0.03701681834344998,4.0,200,2,0.0050395167192618445,0.3376435864903796,0.7411192586417555,Finance,False,0.2868803421617373,30.999999999999996,17.78
0.15851507776129414,3,False,0.0011369839776307344,0.007605382241308689,0.0705128088593483,nan,0.13770073652267456,0.03791382536292076,nan,1.0526370006118668e-06,0.10107726791527546,0.006887405035746871,9987,8000,0.0,0.0011394750646893542,0.024365507263048224,0.12985948701834302,1.3774810071493742,200.0,0.6595502335286141,1.0983295698895177,0.03443702517873436,5.0,200,0,0.004622936145015689,0.1353889670451904,0.31509960797088626,AnishchenkoAstakhov,True,1.3774810071493742,200.0,17.01
0.1259628143088737,3,False,0.0011092907516285777,0.008294343017041683,0.07497178763151169,nan,0.1768263578414917,0.042501598596572876,nan,1.0951673366434988e-06,0.10107726791527546,0.006887405035746871,9987,8000,0.0,0.0011134815095334345,0.024365507263048224,0.12985948701834302,1.3774810071493742,200.0,0.6595502335286141,1.0983295698895177,0.03443702517873436,5.0,200,1,0.00401700627770575,0.15151150482331252,1.4204433786580617,AnishchenkoAstakhov,True,1.3774810071493742,200.0,17.22
0.16246986058287005,3,False,0.0010122281964868307,0.008502059616148472,0.06789948791265488,nan,0.15316738188266754,0.036317892372608185,nan,9.481883153057424e-07,0.10107726791527546,0.006887405035746871,9987,8000,0.0,0.0010170431538636092,0.024365507263048224,0.12985948701834302,1.3774810071493742,200.0,0.6595502335286141,1.0983295698895177,0.03443702517873436,5.0,200,2,0.0019896862766730773,0.1399270871027902,0.3489758261354953,AnishchenkoAstakhov,True,1.3774810071493742,200.0,17.08
0.15333139849066904,3,False,0.001501360791735351,0.012007251381874084,0.09851032495498657,nan,0.21682046353816986,0.05773479864001274,nan,1.9360544874871267e-06,0.10415076085878888,0.003904333975053432,9987,8000,0.0,0.0013483961319277161,0.023306001802256823,0.03987595536618178,0.7808667950106863,200.0,1.0320567058459453,1.8055142641652613,0.011713001925160296,3.0,200,0,0.004879609754859743,0.1735918137107679,0.26807588477343125,PehlivanWei,True,0.7808667950106863,200.0,17.09
0.023350154874486263,3,False,0.0016300601419061422,0.016405731439590454,0.10658004134893417,nan,0.2724396586418152,0.053789325058460236,nan,2.9257253590913025e-06,0.10415076085878888,0.003904333975053432,9987,8000,0.0,0.0014630381330117093,0.023306001802256823,0.03987595536618178,0.7808667950106863,200.0,1.0320567058459453,1.8055142641652613,0.011713001925160296,3.0,200,1,0.005791318598535766,0.19771093656118352,0.2815498511833585,PehlivanWei,True,0.7808667950106863,200.0,17.08
0.023251433865597016,3,False,0.0015069714281708002,0.013569096103310585,0.1318175196647644,nan,0.23412691056728363,0.057147376239299774,nan,2.5318906573374987e-06,0.10415076085878888,0.003904333975053432,9987,8000,0.0,0.001352834536733191,0.023306001802256823,0.03987595536618178,0.7808667950106863,200.0,1.0320567058459453,1.8055142641652613,0.011713001925160296,3.0,200,2,0.003422761274341581,0.19530709417540668,0.30533195685534836,PehlivanWei,True,0.7808667950106863,200.0,17.05
0.37970193521992096,3,False,0.004448056686669588,0.06824836879968643,1.1680601835250854,nan,3.874473810195923,0.5549054741859436,nan,1.4128137088846415e-05,0.1056964344650892,0.014382113837664686,9987,8000,0.0,0.004530119232329124,0.15570648262585024,0.7388457996861526,0.23011382140263498,16.0,0.6261962201412445,1.0797210480792971,0.057528455350658744,4.0,200,0,0.0036410717707263764,0.5252967772398323,0.36745946977621574,SprottTorus,False,0.28764227675329374,20.0,17.82
0.22121574544185582,3,False,0.0031876182183623314,0.05979442968964577,2.0638623237609863,nan,5.805977821350098,0.4341346323490143,nan,1.2713580959825777e-05,0.1056964344650892,0.014382113837664686,9987,8000,0.0,0.003402628128027827,0.15570648262585024,0.7388457996861526,0.23011382140263498,16.0,0.6261962201412445,1.0797210480792971,0.057528455350658744,4.0,200,1,0.0036066366290840833,0.5628486213505984,2.0569777438160806,SprottTorus,False,0.28764227675329374,20.0,17.01
0.26200052616985503,3,False,0.004898948594927788,0.08019863069057465,1.0754740238189697,nan,0.8648610711097717,0.4574323892593384,nan,1.467222149221925e-05,0.1056964344650892,0.014382113837664686,9987,8000,0.0,0.005153985047184816,0.15570648262585024,0.7388457996861526,0.23011382140263498,16.0,0.6261962201412445,1.0797210480792971,0.057528455350658744,4.0,200,2,0.0037535389584337636,0.523458833303629,0.4427559648091441,SprottTorus,False,0.27326016291562905,19.0,17.16
0.036438414293368575,3,False,0.0012841018615290523,0.011003430001437664,0.21858368813991547,nan,1.228528618812561,0.06708987802267075,nan,1.6487161938130156e-06,0.1183090101484132,0.02276738591296064,9987,8000,0.0,0.0012718049985256735,0.043264804685191866,1.0959476477365848,2.1856690476442213,96.0,1.2927101348703842,1.2046182852222656,0.04553477182592128,2.0,200,0,0.005045506997598565,0.4951585221516158,0.399147207005415,SprottF,False,2.777621081381198,122.00000000000001,17.58
0.024020719356656322,3,False,0.000995839829556644,0.0069185104221105576,0.1371065080165863,nan,0.9123910069465637,0.037715379148721695,nan,9.165891360680689e-07,0.1183090101484132,0.02276738591296064,9987,8000,0.0,0.0009862135885006596,0.043264804685191866,1.0959476477365848,2.1856690476442213,96.0,1.2927101348703842,1.2046182852222656,0.04553477182592128,2.0,200,1,0.0036708572207346,0.3210687950968042,0.35216830900076257,SprottF,False,3.141899255988568,138.0,17.93
0.016179610087955404,3,False,0.00125893484801054,0.010626774281263351,0.23908379673957825,nan,1.1925203800201416,0.07270823419094086,nan,1.7151756464954815e-06,0.1183090101484132,0.02276738591296064,9987,8000,0.0,0.00124604458034372,0.043264804685191866,1.0959476477365848,2.1856690476442213,96.0,1.2927101348703842,1.2046182852222656,0.04553477182592128,2.0,200,2,0.004624351437544867,0.4901323381214999,0.5213371829935212,SprottF,False,2.777621081381198,122.00000000000001,17.35
0.034373275672885874,3,False,0.000488416466396302,0.0051928735338151455,0.04501446709036827,nan,0.07883819192647934,0.028055613860487938,nan,2.2503845013943647e-07,0.12290789099642041,0.005943825608586891,9987,8000,0.0,0.00046572676694876434,0.012913700990199579,0.030244283680322604,1.1887651217173782,200.00000000000003,0.6855905630816996,0.43796199050790285,0.029719128042934452,5.0,200,0,0.0009435321762149316,0.0812469578415577,0.3149406068525676,SprottJ,True,1.1887651217173782,200.00000000000003,16.92
0.003182208898088302,3,False,0.00041244455496780574,0.0038701652083545923,0.0431884229183197,nan,0.07141747325658798,0.023344803601503372,nan,1.5383232823751314e-07,0.12290789099642041,0.005943825608586891,9987,8000,0.0,0.0003934780961677033,0.012913700990199579,0.030244283680322604,1.1887651217173782,200.00000000000003,0.6855905630816996,0.43796199050790285,0.029719128042934452,5.0,200,1,0.0009978315676604742,0.07776833630237419,0.9231801610354311,SprottJ,True,1.1887651217173782,200.00000000000003,16.79
0.022994756066251624,3,False,0.00042704635416157544,0.004557832144200802,0.03242714703083038,nan,0.04531392455101013,0.02734355442225933,nan,1.7557773946919041e-07,0.12290789099642041,0.005943825608586891,9987,8000,0.0,0.0004072484880769929,0.012913700990199579,0.030244283680322604,1.1887651217173782,200.00000000000003,0.6855905630816996,0.43796199050790285,0.029719128042934452,5.0,200,2,0.0008242480671678468,0.06863498374741947,0.712932830026651,SprottJ,True,1.1887651217173782,200.00000000000003,17.2
0.10706316289771066,3,False,0.0012550363317131996,0.012472373433411121,0.2706773281097412,nan,1.0809941291809082,0.05288853123784065,nan,9.59518828040018e-07,0.13100182470690253,0.02650035911995931,9987,8000,0.0,0.0012961667330966189,0.04941187832642992,1.099547729506171,2.199529806956623,83.0,1.3501101485771787,1.2043059124149968,0.02650035911995931,1.0,200,0,0.003404843763431986,0.44691741096445725,0.7755842959715915,SprottH,False,3.233043812635036,122.0,17.34
0.09200149734710965,3,False,0.001787847257219255,0.016114287078380585,0.35183170437812805,nan,1.2221087217330933,0.06875891238451004,nan,1.886511161501403e-06,0.13100182470690253,0.02650035911995931,9987,8000,0.0,0.0018466186562370545,0.04941187832642992,1.099547729506171,2.199529806956623,83.0,1.3501101485771787,1.2043059124149968,0.02650035911995931,1.0,200,1,0.0034980310823929284,0.5327175544166806,0.5280560863667253,SprottH,False,3.0475412987953208,115.0,17.5
0.11102883641495787,3,False,0.0014397556660696864,0.014764216728508472,0.33908775448799133,nan,1.216073751449585,0.06741489470005035,nan,1.0372828464824124e-06,0.13100182470690253,0.02650035911995931,9987,8000,0.0,0.0014887263892419203,0.04941187832642992,1.099547729506171,2.199529806956623,83.0,1.3501101485771787,1.2043059124149968,0.02650035911995931,1.0,200,2,0.002470217918331305,0.5088892077818353,0.42505002375876416,SprottH,False,3.0740416579152803,116.00000000000001,17.18
0.00273845171267981,3,False,0.0006408423068933189,0.006181465927511454,0.05226636305451393,nan,0.08105998486280441,0.02940160036087036,nan,4.3549051656555094e-07,0.13489555530106362,0.0034852964623135804,9987,8000,0.0,0.0006477182824701546,0.023326339805950152,0.11354543301242329,0.697059292462716,200.0,0.7334494708352989,0.8663425628126353,0.017426482311567904,5.000000000000001,200,0,0.0013049510639750919,0.09450080116671171,0.17238419024068752,Aizawa,True,0.697059292462716,200.0,16.83
0.17695104410072357,3,False,0.0005877413204871118,0.0052095134742558,0.04143889620900154,nan,0.08706916868686676,0.022334089502692223,nan,3.571466061202955e-07,0.13489555530106362,0.0034852964623135804,9987,8000,0.0,0.0005932935325359507,0.023326339805950152,0.11354543301242329,0.697059292462716,200.0,0.7334494708352989,0.8663425628126353,0.017426482311567904,5.000000000000001,200,1,0.0012222166542817795,0.08606294143755504,0.33772216224691687,Aizawa,True,0.697059292462716,200.0,17.02
0.013725404778810605,3,False,0.0005931843188591301,0.005343900993466377,0.043584052473306656,nan,0.07243885099887848,0.02449241280555725,nan,3.7379510081336777e-07,0.13489555530106362,0.0034852964623135804,9987,8000,0.0,0.000598417201650568,0.023326339805950152,0.11354543301242329,0.697059292462716,200.0,0.7334494708352989,0.8663425628126353,0.017426482311567904,5.000000000000001,200,2,0.0012136640932620235,0.07686984807866332,0.09441196324890537,Aizawa,True,0.697059292462716,200.0,16.83
0.0649456592193605,3,False,0.0015777063090354204,0.012612800113856792,0.11906666308641434,nan,0.5048778057098389,0.043200310319662094,nan,1.0957943868561414e-06,0.13718762024831516,0.007910649746378597,9987,8000,0.0,0.0014949595946270645,0.04956314972216288,0.6866099289322906,1.1549548629712751,146.0,0.6038435827060813,1.2082904126121752,0.04746389847827158,6.0,200,0,0.0061371078956724764,0.2898272926354393,0.8033469523915784,Coullet,False,1.4080956548553902,178.0,17.05
0.2129214502757946,3,False,0.0020899323280900717,0.01800399459898472,0.16534225642681122,nan,0.49857112765312195,0.061518941074609756,nan,2.06743203671067e-06,0.13718762024831516,0.007910649746378597,9987,8000,0.0,0.0019801127036794238,0.04956314972216288,0.6866099289322906,1.1549548629712751,146.0,0.6038435827060813,1.2082904126121752,0.04746389847827158,6.0,200,1,0.012354302420449137,0.30688029600137445,0.6605663195474725,Coullet,False,1.4239169543481474,180.0,16.84
0.060854622012981564,3,False,0.00200575590133667,0.016670623794198036,0.16396333277225494,nan,0.5612853765487671,0.05691717192530632,nan,1.9164086224918717e-06,0.13718762024831516,0.007910649746378597,9987,8000,0.0,0.001900925236306098,0.04956314972216288,0.6866099289322906,1.1549548629712751,146.0,0.6038435827060813,1.2082904126121752,0.04746389847827158,6.0,200,2,0.010935331965416554,0.3442267874295984,0.5018520176994213,Coullet,False,1.2261507106886824,155.0,17.08
0.03483754196908483,3,False,0.0007722840528003871,0.008883959613740444,0.12108135968446732,nan,0.20672674477100372,0.07810236513614655,nan,1.2974250385013874e-06,0.15059688939547888,0.008898167806821265,9987,8000,0.0,0.0009264029898887391,0.04245766240909843,0.08531825818810598,1.7796335613642529,200.0,0.7391599933635707,0.6830275718692687,0.04449083903410632,5.0,200,0,0.0024837419426960165,0.16422621588575695,1.1814388891760517,Rossler,True,1.7796335613642529,200.0,17.04
0.02497872155907302,3,False,0.0008334681624546647,0.008541835471987724,0.07909227907657623,nan,0.24726617336273193,0.05428002402186394,nan,1.2925438995807781e-06,0.15059688939547888,0.008898167806821265,9987,8000,0.0,0.0009990453025990192,0.04245766240909843,0.08531825818810598,1.7796335613642529,200.0,0.7391599933635707,0.6830275718692687,0.04449083903410632,5.0,200,1,0.004882332665444235,0.15252756941422466,0.743952316457356,Rossler,True,1.7796335613642529,200.0,17.08
0.04036080245630905,3,False,0.0006392340874299407,0.0058112372644245625,0.05688351020216942,nan,0.08244121074676514,0.04115331545472145,nan,9.71437538282771e-07,0.15059688939547888,0.008898167806821265,9987,8000,0.0,0.0007649274657418651,0.04245766240909843,0.08531825818810598,1.7796335613642529,200.0,0.7391599933635707,0.6830275718692687,0.04449083903410632,5.0,200,2,0.003578305780848154,0.07815014294245662,0.7313366897794534,Rossler,True,1.7796335613642529,200.0,17.34
0.16646951702221344,3,False,0.002885068068280816,0.023657893761992455,1.3135180473327637,nan,1.3605793714523315,0.4030623435974121,nan,4.79475856263889e-06,0.16363115430160305,0.004588708460079854,9987,8000,0.0,0.0025519469153597036,0.011346049558025218,0.06009516620709642,0.9177416920159708,200.0,1.4565202087906144,1.6642600462362571,0.009177416920159708,2.0,200,0,0.0065857487653499846,0.8927508108565866,0.42105398131284993,ChenLee,False,0.22484671454391283,49.0,17.27
0.18385754466921841,3,False,0.0028136924374848604,0.019850682467222214,1.3564281463623047,nan,1.3135924339294434,0.18212515115737915,nan,4.016910616428504e-06,0.16363115430160305,0.004588708460079854,9987,8000,0.0,0.002490358119977791,0.011346049558025218,0.06009516620709642,0.9177416920159708,200.0,1.4565202087906144,1.6642600462362571,0.009177416920159708,2.0,200,1,0.00518133442852127,0.7738134108802395,0.37840070466576065,ChenLee,False,0.29367734144511065,64.0,16.98
0.08408683512658967,3,False,0.0027526789344847202,0.019282115623354912,1.2629450559616089,nan,1.2468435764312744,0.31806036829948425,nan,3.869689389830456e-06,0.16363115430160305,0.004588708460079854,9987,8000,0.0,0.0024324629654297837,0.011346049558025218,0.06009516620709642,0.9177416920159708,200.0,1.4565202087906144,1.6642600462362571,0.009177416920159708,2.0,200,2,0.005161962766914941,0.7665383549916064,0.6475501063105967,ChenLee,False,0.25237896530439197,55.0,17.09
0.5854605530017674,4,False,0.0029158953111618757,0.013334174640476704,1.0324485301971436,nan,1.4562411308288574,0.5778754949569702,nan,2.7949740488111274e-06,0.1718849632568779,0.0019178024717240983,9979,8000,0.0,0.0018061035578205043,0.11989854129171242,0.2215754720831724,0.09397232111448081,49.0,0.2251436973241626,1.3778895599643812,0.04219165437793016,22.0,200,0,0.011628012448446873,0.13134577320206733,3.1474215186974583,HyperRossler,False,0.08630111122758442,45.0,20.53
0.6771163592814041,4,False,0.0026154452934861183,0.012536033987998962,0.32059115171432495,nan,0.3602009117603302,0.21690566837787628,nan,2.0098403529118514e-06,0.1718849632568779,0.0019178024717240983,9979,8000,0.0,0.001637605063658242,0.11989854129171242,0.2215754720831724,0.09397232111448081,49.0,0.2251436973241626,1.3778895599643812,0.04219165437793016,22.0,200,1,0.01300304314124137,0.10969615702907437,0.5732186344122598,HyperRossler,False,0.15150639526620377,79.0,19.68
0.6111866364861519,4,False,0.0035086965654045343,0.019561657682061195,0.4783545434474945,nan,0.6657201647758484,0.2992013692855835,nan,4.345707511674846e-06,0.1718849632568779,0.0019178024717240983,9979,8000,0.0,0.0021828314651647315,0.11989854129171242,0.2215754720831724,0.09397232111448081,49.0,0.2251436973241626,1.3778895599643812,0.04219165437793016,22.0,200,2,0.013476669067158624,0.11022383945306119,0.43705484104702896,HyperRossler,False,0.13999958043585917,73.0,18.06
0.07827749367790031,3,False,0.0018079237779602408,0.016949035227298737,0.37266257405281067,nan,1.2482798099517822,0.8556624054908752,nan,3.656486780528212e-06,0.20674275256006883,0.022845369504676978,9987,8000,0.0,0.00191495942894874,0.05386954420979464,1.3021538059938527,1.2336499532525569,54.0,0.9067511207450953,1.3557370209933728,0.06853610851403094,3.0000000000000004,200,0,0.009526384427016157,0.5350037388051107,0.41884136465893756,SprottB,False,0.7995879326636942,35.0,18.78
0.070880337563159,3,False,0.002130660228431225,0.018576830625534058,0.368424654006958,nan,1.261834979057312,0.7837473154067993,nan,4.282822063032654e-06,0.20674275256006883,0.022845369504676978,9987,8000,0.0,0.002236141506757061,0.05386954420979464,1.3021538059938527,1.2336499532525569,54.0,0.9067511207450953,1.3557370209933728,0.06853610851403094,3.0000000000000004,200,1,0.009306301622913857,0.5896978965948656,0.4538467742645949,SprottB,False,0.7995879326636942,35.0,19.22
0.06259452888671543,3,False,0.0017327526584267616,0.015566308982670307,0.32383018732070923,nan,1.2830356359481812,0.8248741030693054,nan,3.168879137774638e-06,0.20674275256006883,0.022845369504676978,9987,8000,0.0,0.0018403435510250415,0.05386954420979464,1.3021538059938527,1.2336499532525569,54.0,0.9067511207450953,1.3557370209933728,0.06853610851403094,3.0000000000000004,200,2,0.007922072239897585,0.48862230976495974,0.593392643614092,SprottB,False,0.7767425631590172,34.0,19.85
0.12431637147716079,3,False,0.001074926694855094,0.010064741596579552,0.08736145496368408,nan,0.16398851573467255,0.04314499720931053,nan,1.1137127276015235e-06,0.2386587703845738,0.003470337180162088,9987,8000,0.0,0.001027091650358312,0.08103217028109828,0.6268700239299713,0.38520742699799176,111.0,0.5367063660841177,1.1934982244473022,0.024292360261134616,7.0,200,0,0.013971277137699559,0.19838409486385564,0.8034594669665817,Hadley,True,0.6940674360324176,200.0,20.61
0.21447110450666282,3,False,0.0009048020001500845,0.00959013868123293,0.08520753681659698,nan,0.2346414476633072,0.04075540229678154,nan,1.1245303503528703e-06,0.2386587703845738,0.003470337180162088,9987,8000,0.0,0.0008979115159443241,0.08103217028109828,0.6268700239299713,0.38520742699799176,111.0,0.5367063660841177,1.1934982244473022,0.024292360261134616,7.0,200,1,0.008463260367202142,0.1985370560083227,0.81405511984741,Hadley,True,0.6940674360324176,200.0,20.27
0.0782889098003277,3,False,0.0009547647787258029,0.009205532260239124,0.07980161905288696,nan,0.13031849265098572,0.0399746373295784,nan,9.924081114149884e-07,0.2386587703845738,0.003470337180162088,9987,8000,0.0,0.0009329773607212764,0.08103217028109828,0.6268700239299713,0.38520742699799176,111.0,0.5367063660841177,1.1934982244473022,0.024292360261134616,7.0,200,2,0.0031717477342179377,0.17568320732869702,0.4644449268854609,Hadley,True,0.6940674360324176,200.0,18.41
0.0954353894490445,3,False,0.0008019702509045601,0.007016518618911505,0.09717710316181183,nan,0.31260961294174194,0.02724486216902733,nan,5.610325601992372e-07,0.2541443669572464,0.005935795834653447,9987,8000,0.0,0.0008301976686694638,0.022328983902445965,0.24580886045228786,1.1871591669306893,200.0,0.5607961079071437,1.0876716833727187,0.04155057084257413,7.0,200,0,0.001653490503081659,0.18189726761702235,0.3044760575881868,RabinovichFabrikant,True,1.1871591669306893,200.0,18.58
0.07095482310946982,3,False,0.0006373014766722918,0.00582841457799077,0.08199485391378403,nan,0.22843606770038605,0.02394150011241436,nan,4.458971741314599e-07,0.2541443669572464,0.005935795834653447,9987,8000,0.0,0.0006609360647030674,0.022328983902445965,0.24580886045228786,1.1871591669306893,200.0,0.5607961079071437,1.0876716833727187,0.04155057084257413,7.0,200,1,0.0012146473507138223,0.13560032427211047,0.5456858764492748,RabinovichFabrikant,True,1.1871591669306893,200.0,17.03
0.03772501711190395,3,False,0.0006671218434348702,0.006260368973016739,0.09386928379535675,nan,0.2927711606025696,0.025378284975886345,nan,4.389511184399453e-07,0.2541443669572464,0.005935795834653447,9987,8000,0.0,0.0006894172801054365,0.022328983902445965,0.24580886045228786,1.1871591669306893,200.0,0.5607961079071437,1.0876716833727187,0.04155057084257413,7.0,200,2,0.001048579214073941,0.17548883034347354,0.7992826293081423,RabinovichFabrikant,True,1.1871591669306893,200.0,16.79
0.017468005454768367,3,False,0.0010267109610140324,0.009411382488906384,0.11112070083618164,nan,0.15554113686084747,0.049701008945703506,nan,1.1153106725032558e-06,0.2612775880231121,0.0024124543534938007,9987,8000,0.0,0.001067838916710942,0.022998895264362752,0.23602074816530838,0.4824908706987601,200.0,0.9198820881208787,0.9538807175663262,0.009649817413975203,4.0,200,0,0.003375146431941986,0.15339052841779932,0.6915366774822697,LuChenCheng,True,0.4824908706987601,200.0,17.23
0.007557404539819491,3,False,0.0008478730451315641,0.00772906094789505,0.06543834507465363,nan,0.09789033979177475,0.03790150210261345,nan,8.803143332443142e-07,0.2612775880231121,0.0024124543534938007,9987,8000,0.0,0.0008813707774199423,0.022998895264362752,0.23602074816530838,0.4824908706987601,200.0,0.9198820881208787,0.9538807175663262,0.009649817413975203,4.0,200,1,0.0029714500580956954,0.1140000959005277,0.5880074745793342,LuChenCheng,True,0.4824908706987601,200.0,17.27
0.010181519494558715,3,False,0.0009451992809772491,0.008924970403313637,0.12530413269996643,nan,0.115572988986969,0.052907757461071014,nan,1.0056689739030845e-06,0.2612775880231121,0.0024124543534938007,9987,8000,0.0,0.0009826703519296154,0.022998895264362752,0.23602074816530838,0.4824908706987601,200.0,0.9198820881208787,0.9538807175663262,0.009649817413975203,4.0,200,2,0.003158288671215021,0.14150286626000155,0.5100635122799085,LuChenCheng,True,0.4824908706987601,200.0,17.3
0.005965458634073763,3,False,0.0005192434182390571,0.004698032978922129,0.042297326028347015,nan,0.09097132086753845,0.017687464132905006,nan,2.1799138551159557e-07,0.2737629235389973,0.009172426753174104,9987,8000,0.0,0.000590971929553828,0.0255095489773956,0.1606603951449638,1.8344853506348207,200.0,0.565767144019827,1.2327520598589492,0.05503456051904462,6.0,200,0,0.001477593870695157,0.10731511127157486,0.36056382075185106,SprottS,True,1.8344853506348207,200.0,17.06
0.015817924023710624,3,False,0.000513811013661325,0.004666528664529324,0.03620193898677826,nan,0.07987633347511292,0.014866335317492485,nan,2.0898933621538163e-07,0.2737629235389973,0.009172426753174104,9987,8000,0.0,0.0005846644520675717,0.0255095489773956,0.1606603951449638,1.8344853506348207,200.0,0.565767144019827,1.2327520598589492,0.05503456051904462,6.0,200,1,0.0019621227669860456,0.09511455106345235,0.5590380567511117,SprottS,True,1.8344853506348207,200.0,17.15
0.01285962400013159,3,False,0.0005237506120465696,0.004737409297376871,0.04656529054045677,nan,0.10211818665266037,0.01841157302260399,nan,2.0561009057473712e-07,0.2737629235389973,0.009172426753174104,9987,8000,0.0,0.0005961604244757163,0.0255095489773956,0.1606603951449638,1.8344853506348207,200.0,0.565767144019827,1.2327520598589492,0.05503456051904462,6.0,200,2,0.001772807459572455,0.11314756221989385,0.3654911759564143,SprottS,True,1.8344853506348207,200.0,17.12
0.041779917192050584,4,False,0.0009143023053184152,0.006317994091659784,0.1530994176864624,nan,0.7041207551956177,0.03054746612906456,nan,6.727822446919162e-07,0.29554197767663787,0.017800720655446727,9979,8000,0.0,0.0009338286272710251,0.11187089986840124,1.2350530621653095,0.8900360327723363,50.0,0.7150012198272877,1.3758912919464334,0.08900360327723364,5.0,200,0,0.00447838230536095,0.25688972125039383,0.5400625174613264,NuclearQuadrupole,False,2.420898009140755,136.0,17.67
0.05891192810952311,4,False,0.0010060935746878386,0.007007284089922905,0.13870221376419067,nan,0.6845017075538635,0.02971339225769043,nan,6.631809760619944e-07,0.29554197767663787,0.017800720655446727,9979,8000,0.0,0.0010270913655587874,0.11187089986840124,1.2350530621653095,0.8900360327723363,50.0,0.7150012198272877,1.3758912919464334,0.08900360327723364,5.0,200,1,0.00377147477923547,0.23639991580816602,0.7023779251410563,NuclearQuadrupole,False,2.8481153048714765,160.0,18.05
0.07983628431096684,4,False,0.001206575077958405,0.007520649116486311,0.17392988502979279,nan,0.7261484265327454,0.03897952288389206,nan,1.0841051589522975e-06,0.29554197767663787,0.017800720655446727,9979,8000,0.0,0.0012326405172444113,0.11187089986840124,1.2350530621653095,0.8900360327723363,50.0,0.7150012198272877,1.3758912919464334,0.08900360327723364,5.0,200,2,0.0061915378666048595,0.2915554334106911,0.6345109758116376,NuclearQuadrupole,False,2.349695126518968,132.0,18.18
0.11254543242157103,4,False,0.0019953157752752304,0.014654628001153469,0.4615253806114197,nan,0.6406471729278564,0.18206755816936493,nan,3.873331712384243e-06,0.3288809596909799,0.004201607946486692,9979,8000,0.0,0.0019218902366909066,0.11399956449229676,0.8152087621783274,0.163862709912981,39.0,0.9382877235882697,1.2016914469020885,0.012604823839460077,3.0,200,0,0.007829702798089871,0.3189309459301479,0.5424875952261017,HyperLorenz,False,0.34873345955839546,83.0,17.48
0.3491768853510162,4,False,0.0017492321785539389,0.014294929802417755,0.43323618173599243,nan,0.5666219592094421,0.23571254312992096,nan,2.4524523196305383e-06,0.3288809596909799,0.004201607946486692,9979,8000,0.0,0.0016899770104097768,0.11399956449229676,0.8152087621783274,0.163862709912981,39.0,0.9382877235882697,1.2016914469020885,0.012604823839460077,3.0,200,1,0.011350678030079336,0.273451165578762,0.5347769363882637,HyperLorenz,False,0.3445318516119088,82.0,17.46
0.10671544759617918,4,False,0.0019788590725511312,0.0149052944034338,0.4880160391330719,nan,0.6062195897102356,0.1948162019252777,nan,3.3544478601470475e-06,0.3288809596909799,0.004201607946486692,9979,8000,0.0,0.0019115799177442069,0.11399956449229676,0.8152087621783274,0.163862709912981,39.0,0.9382877235882697,1.2016914469020885,0.012604823839460077,3.0,200,2,0.008805809959367573,0.31054649938215384,0.47082777056559494,HyperLorenz,False,0.3445318516119088,82.0,17.87
0.04915977762533555,4,False,0.001401068875566125,0.016402939334511757,0.2511083781719208,nan,0.7978678941726685,0.38889366388320923,nan,2.83193822906469e-06,0.3807742646421621,0.014803415482816855,9979,8000,0.0,0.0014976258839474652,0.032481148200400836,1.01639202330476,0.814187851554927,55.0,0.9093126805562722,1.4919553619583061,0.05921366193126742,4.0,200,0,0.006581082629643785,0.2984866926041698,0.4712649533611445,LorenzStenflo,False,0.7549741896236596,51.0,17.88
0.022332077091062982,4,False,0.000910706992726773,0.01084055658429861,0.2098643034696579,nan,1.116748571395874,0.2694629430770874,nan,1.3466518657878623e-06,0.3807742646421621,0.014803415482816855,9979,8000,0.0,0.0009717962859972994,0.032481148200400836,1.01639202330476,0.814187851554927,55.0,0.9093126805562722,1.4919553619583061,0.05921366193126742,4.0,200,1,0.010112084231712271,0.3140506517688588,0.4281264693765632,LorenzStenflo,False,1.731999611489572,117.0,18.11
0.031996020890575155,4,False,0.001082682516425848,0.013293519616127014,0.30018264055252075,nan,1.0660141706466675,0.41917508840560913,nan,1.9988263002233e-06,0.3807742646421621,0.014803415482816855,9979,8000,0.0,0.0011559392517951341,0.032481148200400836,1.01639202330476,0.814187851554927,55.0,0.9093126805562722,1.4919553619583061,0.05921366193126742,4.0,200,2,0.010309751895024416,0.3732149298444021,0.48627795598955625,LorenzStenflo,False,0.6957605276923922,47.0,18.05
1.3963014998444907,3,False,0.048398457467556,0.11161013692617416,1.1412941217422485,nan,2.198402166366577,0.7413749098777771,nan,0.0011839632425690069,0.403521000622694,0.018857746922100363,9987,8000,0.0,0.047802239427930056,0.024984641562073757,0.10518903339779852,3.7715493844200725,200.0,0.7965819916446928,0.8389207932429215,0.05657324076630109,3.0,200,0,0.013764527742784657,0.8020650495455787,0.7442220437702111,WindmiReduced,False,0.3960126853641076,21.0,17.47
2.9205962104585392,3,False,0.057502198964357376,0.23749838769435883,1.7628227472305298,nan,3.4832112789154053,0.6823602914810181,nan,0.0016228232658468188,0.403521000622694,0.018857746922100363,9987,8000,0.0,0.05679392373289285,0.024984641562073757,0.10518903339779852,3.7715493844200725,200.0,0.7965819916446928,0.8389207932429215,0.05657324076630109,3.0,200,1,0.015783414570679836,0.7889381154449662,1.3588454393283216,WindmiReduced,False,0.32058169767570616,17.0,16.69
0.7217576820174146,3,False,0.04642647132277489,0.058170512318611145,3.395231246948242,nan,2.9198684692382812,1.2127350568771362,nan,0.0010298460894264281,0.403521000622694,0.018857746922100363,9987,8000,0.0,0.045854638288793506,0.024984641562073757,0.10518903339779852,3.7715493844200725,200.0,0.7965819916446928,0.8389207932429215,0.05657324076630109,3.0,200,2,0.012086633405605484,0.6821066090326839,0.6828841943334556,WindmiReduced,False,0.6034479015072116,32.0,17.47
0.06043937134181375,4,False,0.0024097072891891003,0.017096469178795815,0.14110054075717926,nan,0.35102757811546326,0.08088909834623337,nan,1.9197319143131607e-06,0.42042732521941667,0.003837252232836765,9979,8000,0.0,0.002377352074010085,0.08403044731465074,0.8230810168695346,0.1419783326149603,37.0,0.7695410824425122,1.4166066037791438,0.01534900893134706,4.0,200,0,0.003109092605218004,0.16482323821981035,0.3793073154724604,HyperYangChen,True,0.767450446567353,200.0,17.79
0.14764515797376856,4,False,0.001787864021025598,0.012532483786344528,0.12594997882843018,nan,0.3409586548805237,0.08768939971923828,nan,9.011541887957719e-07,0.42042732521941667,0.003837252232836765,9979,8000,0.0,0.001753967517487377,0.08403044731465074,0.8230810168695346,0.1419783326149603,37.0,0.7695410824425122,1.4166066037791438,0.01534900893134706,4.0,200,1,0.002291491759684406,0.15427363937887928,0.30488199760121915,HyperYangChen,True,0.767450446567353,200.0,17.88
0.060905065417491376,4,False,0.0019803433679044247,0.013627680018544197,0.25949421525001526,nan,0.46347320079803467,0.10939754545688629,nan,1.745090421536588e-06,0.42042732521941667,0.003837252232836765,9979,8000,0.0,0.0019460519770838798,0.08403044731465074,0.8230810168695346,0.1419783326149603,37.0,0.7695410824425122,1.4166066037791438,0.01534900893134706,4.0,200,2,0.0029201465654665397,0.20668558776460844,0.6888751702124355,HyperYangChen,False,0.636983870650903,166.0,17.69
0.05378786226965548,3,False,0.0027346666902303696,0.0379871241748333,1.2725636959075928,nan,1.3741044998168945,0.7587335109710693,nan,9.851261384028475e-06,0.46146683857936616,0.028881363559328212,9987,8000,0.0,0.002675535396821034,0.08126334277879348,1.440858993884118,0.8086781796611899,28.0,1.4413081450704726,1.5628016521289114,0.028881363559328212,1.0,200,0,0.005551094687841023,1.0269854034619308,0.3232184724230323,Lorenz84,False,0.8086781796611899,28.0,17.31
0.08380995091863973,3,False,0.002628401154652238,0.035505663603544235,1.2777421474456787,nan,1.3832539319992065,0.8187528252601624,nan,6.8301985775178764e-06,0.46146683857936616,0.028881363559328212,9987,8000,0.0,0.0025746193892376267,0.08126334277879348,1.440858993884118,0.8086781796611899,28.0,1.4413081450704726,1.5628016521289114,0.028881363559328212,1.0,200,1,0.0046352211408503055,1.0152391170942665,0.32152802941555825,Lorenz84,False,0.9242036338985028,32.0,16.85
0.03829034533034998,3,False,0.003234362695366144,0.04828178137540817,1.2799855470657349,nan,1.404225468635559,0.7502431869506836,nan,1.0052402998553588e-05,0.46146683857936616,0.028881363559328212,9987,8000,0.0,0.0031716483215542173,0.08126334277879348,1.440858993884118,0.8086781796611899,28.0,1.4413081450704726,1.5628016521289114,0.028881363559328212,1.0,200,2,0.007048619046636416,1.0433337735731152,0.4139891930190034,Lorenz84,False,0.8086781796611899,28.0,17.11
0.017474268976211352,3,False,0.001632362836971879,0.02941891737282276,0.4005802869796753,nan,0.7771413922309875,0.3023166358470917,nan,1.8459840921423164e-06,0.5477586276153029,0.012098344808139195,9987,8000,0.0,0.0016706366322302095,0.07014240956472591,0.7898495509854908,0.6291139300232381,52.0,0.9571489145126497,1.4909680031986519,0.04839337923255678,4.0,200,0,0.004641036617533714,0.32615183064194697,0.385081279737377,VallisElNino,False,0.6291139300232381,52.0,17.09
0.2177439934900622,3,False,0.0018207280663773417,0.027635060250759125,0.4486757516860962,nan,0.7611984610557556,0.17794549465179443,nan,2.023640156039619e-06,0.5477586276153029,0.012098344808139195,9987,8000,0.0,0.001864251293353157,0.07014240956472591,0.7898495509854908,0.6291139300232381,52.0,0.9571489145126497,1.4909680031986519,0.04839337923255678,4.0,200,1,0.004321243741992316,0.31645862492913074,0.4483885951627909,VallisElNino,False,0.6896056540639341,57.0,17.17
0.01740836721287889,3,False,0.0020275653805583715,0.041607216000556946,0.4146113991737366,nan,0.8300373554229736,0.24565383791923523,nan,2.304471278876008e-06,0.5477586276153029,0.012098344808139195,9987,8000,0.0,0.0020709785271695,0.07014240956472591,0.7898495509854908,0.6291139300232381,52.0,0.9571489145126497,1.4909680031986519,0.04839337923255678,4.0,200,2,0.005622396386708165,0.32812611990352974,0.698058195336547,VallisElNino,False,0.6533106196395165,54.0,17.29
0.01736554372855028,3,False,0.0006958222365938127,0.004962601698935032,0.062423598021268845,nan,0.1653377264738083,0.028520992025732994,nan,3.7572453175016563e-07,0.5802865327706731,0.007793248135110139,9987,8000,0.0,0.0007173817804422753,0.02204579037345287,0.10318591709201615,1.5586496270220278,200.0,0.6700533105944902,0.7803370490262045,0.0389662406755507,5.0,200,0,0.0014969421639390828,0.113487477053983,0.707933670558925,CaTwoPlus,True,1.5586496270220278,200.0,17.18
0.011055533020556218,3,False,0.0008682476473040879,0.005395195912569761,0.05200126767158508,nan,0.14716759324073792,0.027419792488217354,nan,5.552586512749258e-07,0.5802865327706731,0.007793248135110139,9987,8000,0.0,0.0008952044674479187,0.02204579037345287,0.10318591709201615,1.5586496270220278,200.0,0.6700533105944902,0.7803370490262045,0.0389662406755507,5.0,200,1,0.001906753054743586,0.10722630063623138,1.5031183013745106,CaTwoPlus,True,1.5586496270220278,200.0,17.01
0.021429545700229802,3,False,0.0009254626929759979,0.005948408041149378,0.07681956142187119,nan,0.18934717774391174,0.043374571949243546,nan,5.105426630507282e-07,0.5802865327706731,0.007793248135110139,9987,8000,0.0,0.0009539949782312035,0.02204579037345287,0.10318591709201615,1.5586496270220278,200.0,0.6700533105944902,0.7803370490262045,0.0389662406755507,5.0,200,2,0.0018321345967658841,0.13388727987863935,0.5413256481522944,CaTwoPlus,True,1.5586496270220278,200.0,17.46
6.968234214688049,3,False,0.07378226518630981,0.9994091987609863,125.5113754272461,nan,5506.4189453125,12.321463584899902,nan,6.227689234492573e-07,0.6132378917107628,0.010933418371311189,9987,8000,0.0,0.0008611379201904769,3.1475211825170963,2.477749608265988,0.0,0.0,1.3946058790381148,1.7820280497300962,0.021866836742622377,2.0,200,0,0.0007859379669834196,1.1153625433702032,1.6229341070739345,PanXuZhou,False,0.043733673485244755,4.0,16.95
0.19473699074746595,3,False,0.04504171386361122,0.45930397510528564,0.7235323786735535,nan,0.7709866762161255,0.3867057263851166,nan,5.723634826608759e-07,0.6132378917107628,0.010933418371311189,9987,8000,0.0,0.0005255669268514446,3.1475211825170963,2.477749608265988,0.0,0.0,1.3946058790381148,1.7820280497300962,0.021866836742622377,2.0,200,1,0.0004219299396451431,0.006025230158585154,0.06517787240644005,PanXuZhou,False,0.08746734697048951,8.0,16.92
0.08724547604890731,3,False,0.027233660221099854,0.165403813123703,0.3844020366668701,nan,0.6385152339935303,0.3931134343147278,nan,5.760063158959383e-07,0.6132378917107628,0.010933418371311189,9987,8000,0.0,0.00031821806362237483,3.1475211825170963,2.477749608265988,0.0,0.0,1.3946058790381148,1.7820280497300962,0.021866836742622377,2.0,200,2,0.00023968390914335205,0.004313344841331087,0.06570935705973333,PanXuZhou,False,0.24053520416884616,22.0,17.01
0.024422636770666833,3,False,0.0021826690062880516,0.01544163841754198,0.9603441953659058,nan,0.6343417167663574,0.7864455580711365,nan,3.135267427751387e-06,0.6535393283242747,0.011450009032241294,9987,8000,0.0,0.0018002461830732713,0.049377841172372976,0.17075566207443632,0.42365033419292786,37.0,0.6968526053480312,1.4842638697886028,0.034350027096723884,3.0000000000000004,200,0,0.011190140982263647,0.39334934511669056,0.48854177263196125,HindmarshRose,False,0.42365033419292786,37.0,17.0
0.8076300706545005,3,False,0.0012349101016297936,0.013676379807293415,0.8987951278686523,nan,0.9554539918899536,0.6995106935501099,nan,2.3798734200681794e-06,0.6535393283242747,0.011450009032241294,9987,8000,0.0,0.0010409951711240002,0.049377841172372976,0.17075566207443632,0.42365033419292786,37.0,0.6968526053480312,1.4842638697886028,0.034350027096723884,3.0000000000000004,200,1,0.013840517307400949,0.3737984320841023,0.6162820128845065,HindmarshRose,False,0.43510034322516916,38.0,17.05
0.013685540203435967,3,False,0.001396516221575439,0.013808844611048698,0.581567645072937,nan,0.9123163223266602,0.7804280519485474,nan,2.422937866867869e-06,0.6535393283242747,0.011450009032241294,9987,8000,0.0,0.0011719719697329588,0.049377841172372976,0.17075566207443632,0.42365033419292786,37.0,0.6968526053480312,1.4842638697886028,0.034350027096723884,3.0000000000000004,200,2,0.014243452862479675,0.342577297209214,0.6307108248442614,HindmarshRose,False,0.43510034322516916,38.0,17.07
0.011515901469772017,3,False,0.0012863816227763891,0.01273428462445736,0.15735013782978058,nan,0.4566049873828888,0.05221328139305115,nan,2.189336511037254e-06,0.6963711539102683,0.010368270110569984,9987,8000,0.0,0.0014200288828413112,0.023384658576729243,0.4299912727697483,2.001076131340007,193.00000000000003,0.6671168544697351,1.0136325168801215,0.05184135055284992,5.0,200,0,0.0029371009114352252,0.30573249161332683,0.3169764239008562,Halvorsen,False,1.6278184073594875,157.0,17.56
0.021120259716510336,3,False,0.001206201035529375,0.011688429862260818,0.11327523738145828,nan,0.3708721995353699,0.04723227396607399,nan,1.9120453180221376e-06,0.6963711539102683,0.010368270110569984,9987,8000,0.0,0.0013252670304761882,0.023384658576729243,0.4299912727697483,2.001076131340007,193.00000000000003,0.6671168544697351,1.0136325168801215,0.05184135055284992,5.0,200,1,0.003637547902160891,0.26134293192722874,1.4063875743296375,Halvorsen,True,2.0736540221139967,200.0,16.91
0.028172856124970124,3,False,0.001038281130604446,0.010938182473182678,0.1156110018491745,nan,0.4634735882282257,0.047625698149204254,nan,1.3240771049822797e-06,0.6963711539102683,0.010368270110569984,9987,8000,0.0,0.0011344258067299397,0.023384658576729243,0.4299912727697483,2.001076131340007,193.00000000000003,0.6671168544697351,1.0136325168801215,0.05184135055284992,5.0,200,2,0.003237319877423138,0.26770517648656666,0.3720172049871416,Halvorsen,False,1.938866510676587,187.0,16.93
0.012539603832351691,3,False,0.0007061937940306962,0.007057162933051586,0.12298998981714249,nan,0.4865404963493347,0.06597823649644852,nan,5.659005510096904e-07,0.7124135270827626,0.009771463937467171,9987,8000,0.0,0.0007470053884711353,0.02344586492392037,0.512776561646505,1.2898332397456667,132.0,0.6872256776019096,1.4129525317664546,0.04885731968733585,5.0,200,0,0.00431238578538688,0.1916561542333638,1.2127184674113722,LorenzBounded,False,1.1628042085585932,118.99999999999999,17.0
0.385611893028954,3,False,0.0007233868236653507,0.006579683627933264,0.10554051399230957,nan,0.7330915927886963,0.08449697494506836,nan,5.175037542812788e-07,0.7124135270827626,0.009771463937467171,9987,8000,0.0,0.0007639008132768131,0.02344586492392037,0.512776561646505,1.2898332397456667,132.0,0.6872256776019096,1.4129525317664546,0.04885731968733585,5.0,200,1,0.004985913931441183,0.19026096811901283,0.49403429147699646,LorenzBounded,False,1.1530327446211261,118.0,16.94
0.16994157350349162,3,False,0.0006880928995087743,0.006849914323538542,0.28067073225975037,nan,0.6990100145339966,0.09270451962947845,nan,4.741636798826221e-07,0.7124135270827626,0.009771463937467171,9987,8000,0.0,0.0007264539327280269,0.02344586492392037,0.512776561646505,1.2898332397456667,132.0,0.6872256776019096,1.4129525317664546,0.04885731968733585,5.0,200,2,0.004345658650107055,0.21142520425616002,0.5155223778551554,LorenzBounded,False,1.0944039609963232,112.0,17.09
0.04487902954730907,3,False,0.0007724228198640049,0.008233355358242989,0.07401120662689209,nan,0.13968901336193085,0.03996194899082184,nan,6.58585924156796e-07,0.739747976641268,0.0006199531893039811,9987,8000,0.0,0.000760238577695302,0.100448923667801,0.6484261266670712,0.0427767700619747,69.0,0.5282227967722707,1.2110816924118217,0.004339672325127868,7.000000000000001,200,0,0.0030041970044465695,0.1879818631857064,0.9168778399243364,DequanLi,True,0.12399063786079623,200.0,16.97
0.03193423519958299,3,False,0.0007507161935791373,0.008235782384872437,0.15220049023628235,nan,0.2821942865848541,0.04707910865545273,nan,6.081413653191702e-07,0.739747976641268,0.0006199531893039811,9987,8000,0.0,0.0007408307059420279,0.100448923667801,0.6484261266670712,0.0427767700619747,69.0,0.5282227967722707,1.2110816924118217,0.004339672325127868,7.000000000000001,200,1,0.0037445519209678853,0.19011380440913475,0.4787468562414312,DequanLi,True,0.12399063786079623,200.0,17.07
0.021148151094255396,3,False,0.0008785476093180478,0.00869197491556406,0.09845452010631561,nan,0.22778548300266266,0.037476107478141785,nan,6.64030667849147e-07,0.739747976641268,0.0006199531893039811,9987,8000,0.0,0.0008651172468146361,0.100448923667801,0.6484261266670712,0.0427767700619747,69.0,0.5282227967722707,1.2110816924118217,0.004339672325127868,7.000000000000001,200,2,0.003964244507234124,0.22819409016110503,0.782674835681978,DequanLi,True,0.12399063786079623,200.0,17.12
0.23683642285634013,4,False,0.0025534932501614094,0.03040694259107113,0.4370363652706146,nan,0.5215517282485962,0.21206708252429962,nan,1.1980054860032397e-06,0.7941925747845208,0.004631338763108078,9979,8000,0.0,0.0024941089952881896,0.18814415402376317,1.0914759589275869,0.13894016289324235,30.0,0.5830086243188944,1.392956317812549,0.027788032578648467,6.0,200,0,0.0035465547627068546,0.2710113309357537,0.7001784406595823,HyperBao,False,0.3334563909437816,72.0,17.57
0.11190028699639706,4,False,0.0022823449689894915,0.02479536272585392,0.5573011040687561,nan,0.44417282938957214,0.13760563731193542,nan,6.879186803416815e-07,0.7941925747845208,0.004631338763108078,9979,8000,0.0,0.0022339481185491756,0.18814415402376317,1.0914759589275869,0.13894016289324235,30.0,0.5830086243188944,1.392956317812549,0.027788032578648467,6.0,200,1,0.0025310862546485445,0.2770149719826286,0.4179370132777075,HyperBao,False,0.4029264723904028,87.0,17.61
0.14919705937334393,4,False,0.002977990545332432,0.03390144929289818,0.46101614832878113,nan,0.3814549744129181,0.4725149869918823,nan,1.1939013702431112e-06,0.7941925747845208,0.004631338763108078,9979,8000,0.0,0.00292915129416915,0.18814415402376317,1.0914759589275869,0.13894016289324235,30.0,0.5830086243188944,1.392956317812549,0.027788032578648467,6.0,200,2,0.0034181887555802684,0.25930863369424606,0.6451983169366546,HyperBao,False,0.21304158310297158,46.0,17.52
0.2353339417345175,4,False,0.0015000768471509218,0.012313375249505043,0.15935423970222473,nan,0.5692430138587952,0.321449875831604,nan,3.0864651344018057e-06,0.9819830018599975,0.011124051975584255,9979,8000,0.0,0.0016540564150277094,0.1642071989649418,1.022093947745397,0.31147345531635917,28.000000000000004,0.7675329816891743,1.2798172524594043,0.04449620790233702,4.0,200,0,0.007231167713885104,0.24852580459101337,0.9467973017806354,HyperXu,False,1.4127546008992005,127.0,17.99
0.1246023360176991,4,False,0.0011030628811568022,0.010975699871778488,0.13896112143993378,nan,0.75926673412323,0.2609899342060089,nan,2.225781348897726e-06,0.9819830018599975,0.011124051975584255,9979,8000,0.0,0.001191286593097517,0.1642071989649418,1.022093947745397,0.31147345531635917,28.000000000000004,0.7675329816891743,1.2798172524594043,0.04449620790233702,4.0,200,1,0.006821276853183186,0.22532977514441968,0.5281009778035272,HyperXu,False,1.6018634844841326,144.0,17.74
0.18590805360811324,4,False,0.0010868209647014737,0.009501924738287926,0.11485741287469864,nan,0.40880250930786133,0.24172429740428925,nan,3.037738126295153e-06,0.9819830018599975,0.011124051975584255,9979,8000,0.0,0.0011503786957788133,0.1642071989649418,1.022093947745397,0.31147345531635917,28.000000000000004,0.7675329816891743,1.2798172524594043,0.04449620790233702,4.0,200,2,0.003185927403742236,0.18216479387742815,0.8001075209750094,HyperXu,False,1.8910888358493234,170.0,17.77
0.07966696446430525,3,False,0.0008196583949029446,0.007005615625530481,0.2112649530172348,nan,0.3254466652870178,0.07618211954832077,nan,4.0354252132601685e-07,1.0702552017260383,0.010353434770457349,9987,8000,0.0,0.0008017443163850534,0.02084517223221637,0.06538635769230328,2.0706869540914696,200.0,0.5552920396150443,1.316273304209456,0.06212060862274409,6.0,200,0,0.002302009589717543,0.22440280517510924,1.2043811754385938,SaltonSea,True,2.0706869540914696,200.0,16.92
0.12491128324100309,3,False,0.0008716818410903215,0.007322607096284628,0.20117105543613434,nan,0.3115929067134857,0.06450723856687546,nan,4.846395568165462e-07,1.0702552017260383,0.010353434770457349,9987,8000,0.0,0.0008524278073328724,0.02084517223221637,0.06538635769230328,2.0706869540914696,200.0,0.5552920396150443,1.316273304209456,0.06212060862274409,6.0,200,1,0.0029860648022518015,0.2201892824839246,0.7031677177501279,SaltonSea,True,2.0706869540914696,200.0,17.15
0.1007443987923154,3,False,0.0007922291406430304,0.007235655095428228,0.23836766183376312,nan,0.3004593551158905,0.07747594267129898,nan,4.356853753506584e-07,1.0702552017260383,0.010353434770457349,9987,8000,0.0,0.0007751422591801562,0.02084517223221637,0.06538635769230328,2.0706869540914696,200.0,0.5552920396150443,1.316273304209456,0.06212060862274409,6.0,200,2,0.00267225309285591,0.21425674476541967,0.5608867709391834,SaltonSea,True,2.0706869540914696,200.0,17.4
4.9681440524077916,3,False,0.003566950559616089,0.026799023151397705,1.5015941858291626,nan,3.066012144088745,0.31934112310409546,nan,8.770954533247277e-06,1.1576066800869989,0.004545342629361601,9987,8000,0.0,0.0034384574724843735,0.0161484864667686,0.053585363933469216,0.9090685258723202,200.0,0.516954599748189,1.5728067290410415,0.03181739840553121,7.000000000000001,200,0,0.004804125762889069,0.3933536016141755,1.4892556272250008,YuWang2,False,0.23181247409744166,51.0,17.07
4.224543602233874,3,False,0.0025316074024885893,0.020485732704401016,2.0134246349334717,nan,9.592995643615723,0.1805170178413391,nan,5.440548477054108e-06,1.1576066800869989,0.004545342629361601,9987,8000,0.0,0.0024400723952175654,0.0161484864667686,0.053585363933469216,0.9090685258723202,200.0,0.516954599748189,1.5728067290410415,0.03181739840553121,7.000000000000001,200,1,0.00393204246659045,0.468581479025857,3.591152878730448,YuWang2,False,0.3409006972021201,75.0,17.36
5.540340675911861,3,False,0.00338222598657012,0.028699059039354324,1.0551486015319824,nan,2.236839771270752,0.6491456627845764,nan,8.455793125904165e-06,1.1576066800869989,0.004545342629361601,9987,8000,0.0,0.003260205603406275,0.0161484864667686,0.053585363933469216,0.9090685258723202,200.0,0.516954599748189,1.5728067290410415,0.03181739840553121,7.000000000000001,200,2,0.004966704558254275,0.5029286465146048,0.6260111199713704,YuWang2,False,0.16363233465701763,36.0,16.84
0.15685702016128686,4,False,0.001572538516484201,0.023693857714533806,0.6682711839675903,nan,0.4685499966144562,0.17020942270755768,nan,2.409246151728439e-06,1.2930140887300063,0.008380697410269505,9979,8000,0.0,0.0016097062178320055,0.16453369310831267,1.0263466712656777,0.36875068605185823,44.0,0.5819013855552401,1.3140297568442343,0.05866488187188654,7.0,200,0,0.005473095365922201,0.276667154436603,0.3087399981625296,HyperWang,False,0.5698874238983264,68.0,18.51
0.08298608060644702,4,False,0.0014516975497826934,0.022815227508544922,0.5179309248924255,nan,0.5997716784477234,0.20173177123069763,nan,1.2978681952517946e-06,1.2930140887300063,0.008380697410269505,9979,8000,0.0,0.0014931411762285898,0.16453369310831267,1.0263466712656777,0.36875068605185823,44.0,0.5819013855552401,1.3140297568442343,0.05866488187188654,7.0,200,1,0.005965807203871413,0.25634507851408955,0.5797584953193371,HyperWang,False,0.6034102135394044,72.0,17.96
0.14463427630048167,4,False,0.001617253408767283,0.025477932766079903,0.41330286860466003,nan,0.5908175706863403,0.18523012101650238,nan,2.371622322243638e-06,1.2930140887300063,0.008380697410269505,9979,8000,0.0,0.0016530125977055087,0.16453369310831267,1.0263466712656777,0.36875068605185823,44.0,0.5819013855552401,1.3140297568442343,0.05866488187188654,7.0,200,2,0.005580427180249212,0.27614012778743896,0.496267389239127,HyperWang,False,0.6704557928215604,80.0,19.22
0.3228798288418724,3,False,0.029097823426127434,0.35306382179260254,1.4429597854614258,nan,1.3267147541046143,1.187013864517212,nan,0.0005351866222918034,1.390858033637042,0.08414691103504103,9987,8000,0.0,0.03009255788633099,0.3325069729457613,1.272151439828659,0.9256160213854513,11.0,0.6256572981481506,1.3102018629959118,0.3365876441401641,4.0,200,0,0.07177263980053501,1.3192656765012465,0.5124128180254867,ThomasLabyrinth,False,0.8414691103504103,10.0,17.0
0.45005781218241125,3,False,0.05203710496425629,0.6297503709793091,1.3319486379623413,nan,1.2952080965042114,1.3108807802200317,nan,0.0017889503631740807,1.390858033637042,0.08414691103504103,9987,8000,0.0,0.055322843341444376,0.3325069729457613,1.272151439828659,0.9256160213854513,11.0,0.6256572981481506,1.3102018629959118,0.3365876441401641,4.0,200,1,0.12445178567871858,1.3634666502681132,0.35470808933509773,ThomasLabyrinth,False,0.5048814662102462,6.0,17.9
0.3413203496031314,3,False,0.03168249875307083,0.4119337201118469,1.3443373441696167,nan,1.2655357122421265,1.2405314445495605,nan,0.0007496254835277796,1.390858033637042,0.08414691103504103,9987,8000,0.0,0.03298217251633493,0.3325069729457613,1.272151439828659,0.9256160213854513,11.0,0.6256572981481506,1.3102018629959118,0.3365876441401641,4.0,200,2,0.08671134081245413,1.3263485830603148,0.5340258816307508,ThomasLabyrinth,False,0.7573221993153693,9.0,17.14
0.0964111060898394,4,False,0.0017995176604017615,0.018296007066965103,0.27025219798088074,nan,0.6471295356750488,0.08110115677118301,nan,2.003071787839872e-06,1.4465315511406867,0.012207821283652371,9979,8000,0.0,0.001504256919366083,0.17458376672262443,1.162049998480976,0.5859754216153138,48.0,0.8646240508785442,1.329521051129573,0.048831285134609485,4.0,200,0,0.004002677976284874,0.3044352841368854,0.4561470581752072,HyperPang,False,0.9766257026921897,80.0,17.48
0.23867783486290267,4,False,0.0015302661340683699,0.01412172056734562,0.2443050593137741,nan,0.6310119032859802,0.06784073263406754,nan,8.958726803030004e-07,1.4465315511406867,0.012207821283652371,9979,8000,0.0,0.0012868763807361205,0.17458376672262443,1.162049998480976,0.5859754216153138,48.0,0.8646240508785442,1.329521051129573,0.048831285134609485,4.0,200,1,0.0035230885065761375,0.27908483856525296,0.6175651289252249,HyperPang,False,0.9888335239758421,81.0,17.96
0.0764149005861669,4,False,0.001575307920575142,0.019236847758293152,0.24704185128211975,nan,0.42185065150260925,0.07154972851276398,nan,1.450854710128624e-06,1.4465315511406867,0.012207821283652371,9979,8000,0.0,0.0013198007996609211,0.17458376672262443,1.162049998480976,0.5859754216153138,48.0,0.8646240508785442,1.329521051129573,0.048831285134609485,4.0,200,2,0.0022154847068448094,0.26384324312736096,0.5834546944330532,HyperPang,False,1.5015620178892417,123.0,17.68
2.5559720553763126,4,False,0.001876726164482534,0.016823366284370422,0.5960599780082703,nan,0.9206693172454834,0.22780120372772217,nan,1.6919246027100598e-06,1.6777584899044127,0.01025770834452077,9979,8000,0.0,0.002050264704351705,0.18653548272175458,1.3622233715063161,0.2359272919239777,23.0,0.5984837695082726,1.3971347563903014,0.06154625006712462,6.0,200,0,0.02019867486531915,0.42495551247521535,0.6422525116344001,HyperCai,False,0.5949470839822046,57.99999999999999,17.83
0.8241088664258556,4,False,0.00133474578615278,0.01308301743119955,0.44534966349601746,nan,0.8968495726585388,0.254710853099823,nan,8.978938403743086e-07,1.6777584899044127,0.01025770834452077,9979,8000,0.0,0.0014040069564795518,0.18653548272175458,1.3622233715063161,0.2359272919239777,23.0,0.5984837695082726,1.3971347563903014,0.06154625006712462,6.0,200,1,0.013561923433378021,0.40816075953015146,1.1107348382263647,HyperCai,False,0.5744316672931631,55.99999999999999,18.21
1.9263832121711593,4,False,0.0019716895185410976,0.0244134608656168,0.4701233506202698,nan,1.0152188539505005,0.35874059796333313,nan,1.5075500341481528e-06,1.6777584899044127,0.01025770834452077,9979,8000,0.0,0.0021213459040811335,0.18653548272175458,1.3622233715063161,0.2359272919239777,23.0,0.5984837695082726,1.3971347563903014,0.06154625006712462,6.0,200,2,0.020451714348507614,0.45042290052713363,0.5197780630649483,HyperCai,False,0.5231431255705593,51.0,17.51
0.07277728897651421,3,False,0.010538090951740742,0.0708903819322586,1.2305526733398438,nan,1.3679624795913696,0.9496246576309204,nan,4.533309245016426e-05,1.8525516537708415,0.024761205404301066,9987,8000,0.0,0.010126106782064812,0.10453847483601934,1.2105765463595075,0.49522410808602135,20.0,1.206888317951747,1.2993702434244108,0.04952241080860213,2.0,200,0,0.01623262789510867,0.9647880351916448,0.42040537962776353,YuWang,False,0.7923585729376341,32.0,17.22
0.048809650657328646,3,False,0.008606117218732834,0.06325467675924301,1.0631600618362427,nan,1.468100666999817,0.879425048828125,nan,4.008505596721079e-05,1.8525516537708415,0.024761205404301066,9987,8000,0.0,0.008261571821726944,0.10453847483601934,1.2105765463595075,0.49522410808602135,20.0,1.206888317951747,1.2993702434244108,0.04952241080860213,2.0,200,1,0.011211092527329181,0.9636185219523369,0.42212021559018914,YuWang,False,0.32189567025591387,13.0,17.54
0.05754414461064853,3,False,0.00828475784510374,0.04823187366127968,1.2380337715148926,nan,1.39993417263031,0.935492217540741,nan,3.094040272117127e-05,1.8525516537708415,0.024761205404301066,9987,8000,0.0,0.007935201663845613,0.10453847483601934,1.2105765463595075,0.49522410808602135,20.0,1.206888317951747,1.2993702434244108,0.04952241080860213,2.0,200,2,0.01185200342505123,0.9708437954495553,0.5113605840942766,YuWang,False,0.8418809837462362,34.0,17.03
0.0664823938236926,4,False,0.0011957392562180758,0.009558908641338348,0.7422100901603699,nan,0.8054193258285522,0.08345519006252289,nan,1.7418565576008406e-06,2.1916060472989556,0.008946355045679066,9979,8000,0.0,0.0011525638860327215,0.03153690781072131,0.5191029023442757,1.4135240972172924,158.0,0.7422032859975768,1.5451416674480223,0.04473177522839533,5.0,200,0,0.003141474819230487,0.35761968742677447,0.5822321608253607,Qi,False,0.7246547587000044,81.0,17.47
0.2278934234221082,4,False,0.001290961168706417,0.010382224805653095,0.5611574649810791,nan,0.7459214329719543,0.0780605673789978,nan,2.113048878527479e-06,2.1916060472989556,0.008946355045679066,9979,8000,0.0,0.0012450060132981613,0.03153690781072131,0.5191029023442757,1.4135240972172924,158.0,0.7422032859975768,1.5451416674480223,0.04473177522839533,5.0,200,1,0.0031300318289095635,0.2950765796300305,0.4843078644170876,Qi,False,0.7425474687913625,83.0,17.71
0.017879154379548692,4,False,0.0011406209086999297,0.009664318524301052,0.6413217782974243,nan,0.8541191816329956,0.08114038407802582,nan,1.5166064813456614e-06,2.1916060472989556,0.008946355045679066,9979,8000,0.0,0.0011034762338670426,0.03153690781072131,0.5191029023442757,1.4135240972172924,158.0,0.7422032859975768,1.5451416674480223,0.04473177522839533,5.0,200,2,0.0032663560351413874,0.3139501840537491,0.8322355821532701,Qi,False,0.7246547587000044,81.0,17.56
0.030286466849971782,3,False,0.0034773508086800575,0.033913128077983856,0.495522677898407,nan,1.0261163711547852,0.23647913336753845,nan,1.1228420422412455e-05,2.3258468977096562,0.074427100726709,9987,8000,0.0,0.003330030387638575,0.018287652391668106,0.38779989781019303,14.885420145341799,200.0,0.3760056013501685,1.4216824450620054,0.74427100726709,10.0,200,0,0.004261190641753843,0.5506965849684856,1.3262104582584853,CellularNeuralNetwork,False,6.5495848639503915,88.0,16.79
0.018305345611702856,3,False,0.0034784700255841017,0.033064600080251694,0.4507460296154022,nan,0.8762858510017395,0.24093219637870789,nan,1.1164224903041032e-05,2.3258468977096562,0.074427100726709,9987,8000,0.0,0.003331477274087212,0.018287652391668106,0.38779989781019303,14.885420145341799,200.0,0.3760056013501685,1.4216824450620054,0.74427100726709,10.0,200,1,0.004369668419986389,0.4761669997341204,1.0446012917762904,CellularNeuralNetwork,False,6.921720367583936,93.0,16.99
0.03940150472454478,3,False,0.0032876143231987953,0.031039608642458916,0.8596832752227783,nan,1.184342622756958,0.32173585891723633,nan,1.0232126514893025e-05,2.3258468977096562,0.074427100726709,9987,8000,0.0,0.003148480332424643,0.018287652391668106,0.38779989781019303,14.885420145341799,200.0,0.3760056013501685,1.4216824450620054,0.74427100726709,10.0,200,2,0.004332636639924012,0.60765294093033,1.2737798341972535,CellularNeuralNetwork,False,4.093490539968995,55.0,16.77
0.12883197246510794,4,False,0.006571367848664522,0.14559833705425262,0.5905249714851379,nan,0.9905871748924255,0.4711070656776428,nan,1.3359008607949364e-05,12.787249321134263,0.007910241737908816,9979,8000,0.0,0.007117342717105572,0.605472694163406,1.0067401798556594,0.023730725213726447,3.0,0.5607137957531391,1.5588363150149154,0.047461450427452895,6.0,200,0,0.006390634251165046,0.4431554683615718,0.3940315696642645,HyperQi,False,0.14238435128235868,18.0,17.61
0.9472427978830953,4,False,0.005542777478694916,0.08352285623550415,0.5467574596405029,nan,0.9472799301147461,0.5301296710968018,nan,1.2014434025331866e-05,12.787249321134263,0.007910241737908816,9979,8000,0.0,0.005996901630807406,0.605472694163406,1.0067401798556594,0.023730725213726447,3.0,0.5607137957531391,1.5588363150149154,0.047461450427452895,6.0,200,1,0.009930957889796407,0.40243147504461135,2.8899201650485677,HyperQi,False,0.26103797735099094,33.0,17.76
0.32104881895454573,4,False,0.013032943941652775,0.14515189826488495,0.6394742727279663,nan,0.8267388343811035,0.5061658024787903,nan,1.103390840216889e-05,12.787249321134263,0.007910241737908816,9979,8000,0.0,0.01451388712872336,0.605472694163406,1.0067401798556594,0.023730725213726447,3.0,0.5607137957531391,1.5588363150149154,0.047461450427452895,6.0,200,2,0.01054866286908119,0.4006867503513957,0.4969653709455184,HyperQi,False,0.22939701039935567,29.0,15.99
