density_kl,dim,diverged,err_h1,err_h10,err_h100,err_h1000,err_h200,err_h50,err_h500,final_train_loss,lyap_max,lyap_time_per_step,max_deviation_ratio,n_params,n_train,noise,nrmse_1,parrot_err_10,parrot_err_final,parrot_vpt_lyap,parrot_vpt_steps,persistence_err_10,persistence_err_final,persistence_vpt_lyap,persistence_vpt_steps,rollout_steps,seed,smape_1,smape_all,spectrum_error,system,vpt_censored,vpt_lyap,vpt_steps,wall_s
6.431844889014936,3,False,0.24594877660274506,0.4730343818664551,1.0971906185150146,nan,1.1215640306472778,1.0409184694290161,nan,0.06748001196980477,0.010464383779400952,0.0006139767894887921,0.203147754073143,9987,8000,0.2,0.24855807364122473,0.43699755175054433,0.6433085723871755,0.0049118143159103365,8.0,0.809495090442441,1.0305518582798763,0.0018419303684663762,3.0,200,0,0.42584464148775814,1.1192773132871432,0.9292680638090632,NoseHoover,False,0.0049118143159103365,8.0,22.97
6.515318819859796,3,False,0.24254904687404633,0.49826183915138245,1.3566641807556152,nan,1.4442386627197266,1.203881859779358,nan,0.06671243849396706,0.010464383779400952,0.0006139767894887921,0.24924327433109283,9987,8000,0.2,0.2450692231084075,0.43699755175054433,0.6433085723871755,0.0049118143159103365,8.0,0.809495090442441,1.0305518582798763,0.0018419303684663762,3.0,200,1,0.4133449474735365,1.2323658073832666,0.9128472372017705,NoseHoover,False,0.004297837526421544,6.999999999999999,18.06
1.3018051238527122,3,False,0.24212491512298584,0.4991511106491089,1.325195550918579,nan,1.2562792301177979,1.0960019826889038,nan,0.06715475529432297,0.010464383779400952,0.0006139767894887921,0.34645774960517883,9987,8000,0.2,0.24475001427795623,0.43699755175054433,0.6433085723871755,0.0049118143159103365,8.0,0.809495090442441,1.0305518582798763,0.0018419303684663762,3.0,200,2,0.4214024469074436,1.209837288066679,1.054998155589114,NoseHoover,False,0.004297837526421544,6.999999999999999,17.5
3.0326008589580145,3,False,0.22718703746795654,0.29744842648506165,1.1443767547607422,nan,1.1443814039230347,0.8912356495857239,nan,0.059503358840942384,0.023218704376506836,0.002537804388352197,0.4104554057121277,9987,8000,0.2,0.22813516280829393,0.3715672809727718,0.40062365548061757,0.05583169654374834,22.0,0.8320058896824108,0.37524345587287444,0.007613413165056591,3.0,200,0,0.4764175389303315,1.173730802709894,0.9936718244442982,SprottI,False,0.05075608776704394,20.0,18.17
1.2411138357700537,3,False,0.224739670753479,0.29346051812171936,1.1425755023956299,nan,1.2703303098678589,0.8614585995674133,nan,0.05917399922013283,0.023218704376506836,0.002537804388352197,0.41667136549949646,9987,8000,0.2,0.22568675312514744,0.3715672809727718,0.40062365548061757,0.05583169654374834,22.0,0.8320058896824108,0.37524345587287444,0.007613413165056591,3.0,200,1,0.4688640319884083,1.1823780240481114,1.0374726281574438,SprottI,False,0.04314267460198735,17.0,17.45
2.87265116896238,3,False,0.22517353296279907,0.2990494966506958,1.0875403881072998,nan,1.07670259475708,0.824342668056488,nan,0.05936494845151901,0.023218704376506836,0.002537804388352197,0.41730836033821106,9987,8000,0.2,0.2261199588635127,0.3715672809727718,0.40062365548061757,0.05583169654374834,22.0,0.8320058896824108,0.37524345587287444,0.007613413165056591,3.0,200,2,0.47005041115679425,1.2626333491165211,1.018660942966433,SprottI,False,0.04314267460198735,17.0,18.62
6.337290680458715,3,False,0.2407914251089096,0.361069917678833,1.177492618560791,nan,1.326473593711853,0.9651778936386108,nan,0.0634924532175064,0.06012563518102038,0.0018284806914900108,0.1919679343700409,9987,8000,0.2,0.2705788841811795,0.37739060800230056,0.8388955965877668,0.02011328760639012,11.0,0.594822684261971,1.4895569330826661,0.009142403457450054,5.0,200,0,0.4746511023958822,1.0940339912863255,1.1336084812616785,Bouali,False,0.02011328760639012,11.0,20.47
6.968693256855153,3,False,0.23978804051876068,0.36817869544029236,1.1740113496780396,nan,1.3260340690612793,0.9651131629943848,nan,0.06396542990207672,0.06012563518102038,0.0018284806914900108,0.17881055176258087,9987,8000,0.2,0.26935833911071444,0.37739060800230056,0.8388955965877668,0.02011328760639012,11.0,0.594822684261971,1.4895569330826661,0.009142403457450054,5.0,200,1,0.4735523127605686,1.0928504332573443,1.1687539541646346,Bouali,False,0.02011328760639012,11.0,17.77
5.900799232160736,3,False,0.2428991049528122,0.3776877522468567,1.175912857055664,nan,1.3252149820327759,0.9721964597702026,nan,0.06399156081676483,0.06012563518102038,0.0018284806914900108,0.16012106835842133,9987,8000,0.2,0.2730081219235991,0.37739060800230056,0.8388955965877668,0.02011328760639012,11.0,0.594822684261971,1.4895569330826661,0.009142403457450054,5.0,200,2,0.4795785768997201,1.079067931132721,1.18964318383949,Bouali,False,0.018284806914900108,10.0,17.2
0.7487749917224393,3,False,0.22510340809822083,0.32315394282341003,1.0947880744934082,nan,1.4974240064620972,1.0060069561004639,nan,0.05728659892082214,0.08785190282162628,0.010472825335366068,0.4599439799785614,9987,8000,0.2,0.22443906303515718,0.3715462065438668,0.7118252360420311,0.1675652053658571,16.0,0.8721425228874786,0.7028588702838102,0.031418476006098206,3.0,200,0,0.38425589507701846,1.0044427862105207,1.0343119021448155,SprottJerk,False,0.14661955469512494,13.999999999999998,19.86
0.7500477110049723,3,False,0.22308878600597382,0.32611972093582153,1.3151891231536865,nan,1.5727019309997559,1.0317096710205078,nan,0.05722954547405243,0.08785190282162628,0.010472825335366068,0.45809417963027954,9987,8000,0.2,0.22242387043490175,0.3715462065438668,0.7118252360420311,0.1675652053658571,16.0,0.8721425228874786,0.7028588702838102,0.031418476006098206,3.0,200,1,0.373035238668896,1.0824874433981098,0.746852959842946,SprottJerk,False,0.14661955469512494,13.999999999999998,17.25
0.7551173866813597,3,False,0.2245490401983261,0.3266216218471527,1.3202143907546997,nan,1.5674046277999878,1.0172199010849,nan,0.057207712441682816,0.08785190282162628,0.010472825335366068,0.45771846175193787,9987,8000,0.2,0.2238954353379434,0.3715462065438668,0.7118252360420311,0.1675652053658571,16.0,0.8721425228874786,0.7028588702838102,0.031418476006098206,3.0,200,2,0.38259253993130843,1.083467223858173,0.7533448145702096,SprottJerk,False,0.14661955469512494,13.999999999999998,17.59
7.800247768821422,3,False,0.23316456377506256,0.39884093403816223,1.2791681289672852,nan,1.0605263710021973,1.2816107273101807,nan,0.06299890705943108,0.09661415277799693,0.006775840376779259,0.13375435769557953,9987,8000,0.2,0.23708136054957182,0.38443130073042625,0.7278854608490469,0.09486176527490962,14.0,0.8709982905702497,0.9270166094143979,0.013551680753558518,2.0,200,0,0.46564736051334554,1.1788947173086182,1.7906642539144668,SprottR,False,0.06775840376779259,10.0,16.99
7.789048368287751,3,False,0.23518764972686768,0.4009208381175995,1.2619819641113281,nan,1.0553340911865234,1.2685039043426514,nan,0.06311285927891731,0.09661415277799693,0.006775840376779259,0.13186892867088318,9987,8000,0.2,0.2390922058092216,0.38443130073042625,0.7278854608490469,0.09486176527490962,14.0,0.8709982905702497,0.9270166094143979,0.013551680753558518,2.0,200,1,0.4660993965777644,1.1725908812499357,1.8247638319326611,SprottR,False,0.06098256339101333,9.0,16.9
7.772172570454496,3,False,0.23304414749145508,0.39383652806282043,1.270264983177185,nan,1.0565872192382812,1.2868996858596802,nan,0.06326807951927185,0.09661415277799693,0.006775840376779259,0.1322733610868454,9987,8000,0.2,0.2369721502551524,0.38443130073042625,0.7278854608490469,0.09486176527490962,14.0,0.8709982905702497,0.9270166094143979,0.013551680753558518,2.0,200,2,0.46367980189802527,1.181938021167802,1.8145572067224032,SprottR,False,0.06775840376779259,10.0,17.12
6.501466072731031,3,False,0.21809183061122894,0.3589138388633728,1.2896465063095093,nan,1.1918680667877197,1.0183897018432617,nan,0.061380220651626585,0.1056964344650892,0.014382113837664686,0.16332584619522095,9987,8000,0.2,0.24173139053661388,0.3633183057596619,1.1734520192106597,0.08629268302598811,5.999999999999999,0.6782759377950494,1.0869839113283195,0.043146341512994055,2.9999999999999996,200,0,0.5391046746211642,1.1295614401562573,1.1033885615665617,SprottTorus,False,0.15820325221431156,11.0,17.52
6.864188843077471,3,False,0.22031252086162567,0.3662942349910736,1.2749289274215698,nan,1.164745807647705,0.9851183891296387,nan,0.06168851494789124,0.1056964344650892,0.014382113837664686,0.15083321928977966,9987,8000,0.2,0.24462699707269425,0.3633183057596619,1.1734520192106597,0.08629268302598811,5.999999999999999,0.6782759377950494,1.0869839113283195,0.043146341512994055,2.9999999999999996,200,1,0.541765262040531,1.104945132095497,1.1493429392856693,SprottTorus,False,0.15820325221431156,11.0,17.24
7.0166177956977265,3,False,0.21895988285541534,0.36760297417640686,1.2663025856018066,nan,1.1544432640075684,0.9919978976249695,nan,0.06156007647514343,0.1056964344650892,0.014382113837664686,0.14703163504600525,9987,8000,0.2,0.24299107913486676,0.3633183057596619,1.1734520192106597,0.08629268302598811,5.999999999999999,0.6782759377950494,1.0869839113283195,0.043146341512994055,2.9999999999999996,200,2,0.5406741494715275,1.1120708884042716,1.1711294378491042,SprottTorus,False,0.15820325221431156,11.0,17.05
7.527816672665497,3,False,0.24980325996875763,0.5045745372772217,1.2253031730651855,nan,1.081918716430664,1.1794229745864868,nan,0.06555359745025635,0.13100182470690253,0.02650035911995931,0.1568783074617386,9987,8000,0.2,0.24892613689780133,0.47265344032680534,1.2574585732287789,0.10600143647983724,4.0,1.3310950467043048,1.1938600885128123,0.02650035911995931,1.0,200,0,0.5277326708484916,1.1661869876273456,1.355223091416318,SprottH,False,0.15900215471975587,6.0,17.57
6.725674068013842,3,False,0.24963892996311188,0.4913325607776642,1.2315828800201416,nan,1.0907548666000366,1.2168902158737183,nan,0.06585510751605034,0.13100182470690253,0.02650035911995931,0.15983395278453827,9987,8000,0.2,0.24879554993740188,0.47265344032680534,1.2574585732287789,0.10600143647983724,4.0,1.3310950467043048,1.1938600885128123,0.02650035911995931,1.0,200,1,0.5283868822333211,1.190707601272734,1.3133865730201972,SprottH,False,0.15900215471975587,6.0,16.95
7.5013416392323995,3,False,0.2494899481534958,0.49352023005485535,1.2314581871032715,nan,1.0868501663208008,1.185490608215332,nan,0.06558463436365128,0.13100182470690253,0.02650035911995931,0.15920190513134003,9987,8000,0.2,0.24860003594598234,0.47265344032680534,1.2574585732287789,0.10600143647983724,4.0,1.3310950467043048,1.1938600885128123,0.02650035911995931,1.0,200,2,0.523825325016341,1.1640994366155357,1.373189144682363,SprottH,False,0.15900215471975587,6.0,16.96
7.4709505079316045,3,False,0.24481478333473206,0.4077167809009552,1.4641913175582886,nan,1.4348512887954712,1.347609281539917,nan,0.06658780506253242,0.14945341784639976,0.012717738591639386,0.26417866349220276,9987,8000,0.2,0.25316146899515607,0.41436236082719996,1.4722648206064306,0.10174190873311509,8.0,1.0215339491430135,1.5442724261622238,0.025435477183278772,2.0,200,0,0.5747724674147452,1.6107337006875384,1.0812900756917083,NewtonLiepnik,False,0.11445964732475447,9.0,17.4
7.839168411502013,3,False,0.24468527734279633,0.3954707980155945,1.385092854499817,nan,1.3865916728973389,1.2724664211273193,nan,0.06662070772051812,0.14945341784639976,0.012717738591639386,0.15102966129779816,9987,8000,0.2,0.2530151134390336,0.41436236082719996,1.4722648206064306,0.10174190873311509,8.0,1.0215339491430135,1.5442724261622238,0.025435477183278772,2.0,200,1,0.5791381182944968,1.3504075216832032,1.2126066551724735,NewtonLiepnik,False,0.12717738591639385,10.0,16.94
7.910593474560543,3,False,0.24675273895263672,0.4186260402202606,1.3792150020599365,nan,1.156070351600647,1.1952167749404907,nan,0.06669418853521347,0.14945341784639976,0.012717738591639386,0.15263934433460236,9987,8000,0.2,0.2551665347607078,0.41436236082719996,1.4722648206064306,0.10174190873311509,8.0,1.0215339491430135,1.5442724261622238,0.025435477183278772,2.0,200,2,0.5802158620192359,1.2876141206613267,1.1871895178844676,NewtonLiepnik,False,0.11445964732475447,9.0,17.03
7.278585658954132,3,False,0.2566136419773102,0.47809073328971863,1.3129180669784546,nan,1.2808926105499268,1.1042654514312744,nan,0.06464572310447693,0.1936356650629198,0.011757751218285551,0.17982660233974457,9987,8000,0.2,0.2418802060556804,0.4752536058985673,1.294222377714864,0.011757751218285551,1.0,0.984393300630452,1.4762873561472134,0.03527325365485665,3.0,200,0,0.5144988733820556,1.3562900164948768,1.3861103407771551,Rucklidge,False,0.10581976096456996,9.0,17.09
7.516129920879784,3,False,0.2556507885456085,0.46820133924484253,1.2788662910461426,nan,1.2272181510925293,1.1094530820846558,nan,0.06457648128271103,0.1936356650629198,0.011757751218285551,0.17941191792488098,9987,8000,0.2,0.2409739735171396,0.4752536058985673,1.294222377714864,0.011757751218285551,1.0,0.984393300630452,1.4762873561472134,0.03527325365485665,3.0,200,1,0.5064797744318342,1.3906541847566332,1.4771017424445947,Rucklidge,False,0.10581976096456996,9.0,17.05
7.289038810627898,3,False,0.2557665705680847,0.4700144827365875,1.3580135107040405,nan,1.2566360235214233,1.0878663063049316,nan,0.06479021918773652,0.1936356650629198,0.011757751218285551,0.17969737946987152,9987,8000,0.2,0.2410651806929081,0.4752536058985673,1.294222377714864,0.011757751218285551,1.0,0.984393300630452,1.4762873561472134,0.03527325365485665,3.0,200,2,0.4983703885693614,1.3385673231144517,1.4747508964573026,Rucklidge,False,0.10581976096456996,9.0,16.89
2.84364683188543,3,False,0.2320631742477417,0.28909972310066223,0.9968825578689575,nan,0.9945560097694397,0.7122204303741455,nan,0.06905043941736222,0.2541443669572464,0.005935795834653447,0.4345132112503052,9987,8000,0.2,0.23714768886479784,0.3522362247217952,1.233850198377004,0.07716534585049481,13.0,0.6035990379971654,1.1061807289012398,0.029678979173267235,5.0,200,0,0.38942362121289387,0.9010883591477716,0.8706668067998633,RabinovichFabrikant,False,0.13652330419702927,22.999999999999996,17.34
2.8442348911762836,3,False,0.23114386200904846,0.31106480956077576,1.0810465812683105,nan,1.2813308238983154,0.8109629154205322,nan,0.06884757816791534,0.2541443669572464,0.005935795834653447,0.4408782720565796,9987,8000,0.2,0.2361583698218147,0.3522362247217952,1.233850198377004,0.07716534585049481,13.0,0.6035990379971654,1.1061807289012398,0.029678979173267235,5.0,200,1,0.38416575824800336,1.0444314888075024,1.2885434658683927,RabinovichFabrikant,False,0.10684432502376204,18.0,17.74
2.875310213367404,3,False,0.23226198554039001,0.3027777671813965,1.0936834812164307,nan,1.2712795734405518,0.8825720548629761,nan,0.06888740545511246,0.2541443669572464,0.005935795834653447,0.4435924291610718,9987,8000,0.2,0.2373171350896612,0.3522362247217952,1.233850198377004,0.07716534585049481,13.0,0.6035990379971654,1.1061807289012398,0.029678979173267235,5.0,200,2,0.3847448224734191,1.0493066431001195,1.0908723768468478,RabinovichFabrikant,False,0.1009085291891086,17.0,17.29
0.804518534898191,4,False,0.2475442886352539,0.3793152868747711,1.2596704959869385,nan,1.2796807289123535,0.9054885506629944,nan,0.06665413057804108,0.29554197767663787,0.017800720655446727,0.5008120536804199,9979,8000,0.2,0.24854217416956745,0.4438314313737474,1.2819720902991174,0.035601441310893454,2.0,0.7574279008289004,1.349474687035483,0.05340216196634018,3.0,200,0,0.46346893064887196,1.1522814685172003,1.1390284512160038,NuclearQuadrupole,False,0.195807927209914,11.0,17.86
0.5040116322975623,4,False,0.24603857100009918,0.3729940950870514,1.3994925022125244,nan,1.286800503730774,0.9891418814659119,nan,0.06693963766098023,0.29554197767663787,0.017800720655446727,0.47168776392936707,9979,8000,0.2,0.24698379096024445,0.4438314313737474,1.2819720902991174,0.035601441310893454,2.0,0.7574279008289004,1.349474687035483,0.05340216196634018,3.0,200,1,0.45738072410826414,1.1951490819531014,1.1359560398212565,NuclearQuadrupole,False,0.23140936852080746,13.0,17.36
1.251642785450628,4,False,0.24647347629070282,0.36588215827941895,1.2516989707946777,nan,1.4005848169326782,0.9553241729736328,nan,0.06690065747499466,0.29554197767663787,0.017800720655446727,0.4766840636730194,9979,8000,0.2,0.24751950518747837,0.4438314313737474,1.2819720902991174,0.035601441310893454,2.0,0.7574279008289004,1.349474687035483,0.05340216196634018,3.0,200,2,0.4595346538975754,1.1868172889293946,0.9850652088908872,NuclearQuadrupole,False,0.24921008917625417,14.0,17.45
1.864890084995114,4,False,0.25668925046920776,0.4340883195400238,0.9364055395126343,nan,1.1514161825180054,0.8871632814407349,nan,0.06933779042959214,0.38695361636760767,0.003314051592378734,0.3173598349094391,9979,8000,0.2,0.2556154970002822,0.4049376431308337,1.219367143268425,0.0198843095542724,5.999999999999999,0.7069011826684187,1.4023813463559969,0.0099421547771362,2.9999999999999996,200,0,0.45652199284192996,1.0947329099522178,0.9897559933807146,HyperJha,False,0.02651241273902987,8.0,18.26
1.8767404216719765,4,False,0.2552468776702881,0.4410431683063507,0.953582227230072,nan,1.1597336530685425,0.9197678565979004,nan,0.069359015583992,0.38695361636760767,0.003314051592378734,0.31661257147789,9979,8000,0.2,0.2541809565265392,0.4049376431308337,1.219367143268425,0.0198843095542724,5.999999999999999,0.7069011826684187,1.4023813463559969,0.0099421547771362,2.9999999999999996,200,1,0.45632432732133343,1.1167129671040066,0.8928133595996632,HyperJha,False,0.02651241273902987,8.0,19.17
1.8655028468757946,4,False,0.2547454535961151,0.43511101603507996,0.8785699605941772,nan,1.1328446865081787,0.8067384362220764,nan,0.06943745696544647,0.38695361636760767,0.003314051592378734,0.31817102432250977,9979,8000,0.2,0.25372318509292374,0.4049376431308337,1.219367143268425,0.0198843095542724,5.999999999999999,0.7069011826684187,1.4023813463559969,0.0099421547771362,2.9999999999999996,200,2,0.45575324243117954,1.033393912167353,1.242693233203576,HyperJha,False,0.02651241273902987,8.0,18.0
3.454528280452017,3,False,0.22860153019428253,0.41597118973731995,1.4290217161178589,nan,1.4076037406921387,1.2604384422302246,nan,0.06464502167701722,0.48083152954373326,0.003154927997948251,0.4220845699310303,9987,8000,0.2,0.2302068343475902,0.35676733831936397,0.7985102989689326,0.044168991971275516,14.0,0.7516427486034044,1.1827176318005128,0.012619711991793004,4.0,200,0,0.4311703166490756,1.0854245830463922,1.2390725362414454,CaTwoPlusQuasiperiodic,False,0.02839435198153426,9.0,17.1
2.91739349159217,3,False,0.22972260415554047,0.4261705279350281,1.4505771398544312,nan,1.3810306787490845,1.2569465637207031,nan,0.06501673600077629,0.48083152954373326,0.003154927997948251,0.4274202883243561,9987,8000,0.2,0.23133096885265728,0.35676733831936397,0.7985102989689326,0.044168991971275516,14.0,0.7516427486034044,1.1827176318005128,0.012619711991793004,4.0,200,1,0.43679042126312395,1.1046586004275574,1.2531518886744095,CaTwoPlusQuasiperiodic,False,0.02839435198153426,9.0,17.08
3.524205870234283,3,False,0.2308434098958969,0.4268230199813843,1.4829334020614624,nan,1.4677375555038452,1.2972584962844849,nan,0.0649077280163765,0.48083152954373326,0.003154927997948251,0.4171586334705353,9987,8000,0.2,0.2324620425043228,0.35676733831936397,0.7985102989689326,0.044168991971275516,14.0,0.7516427486034044,1.1827176318005128,0.012619711991793004,4.0,200,2,0.43425237886588564,1.089957892233394,1.3025535543501043,CaTwoPlusQuasiperiodic,False,0.02839435198153426,9.0,17.17
9.598408600830775,3,False,0.9565185308456421,1.0662626028060913,1.0740772485733032,nan,1.0737144947052002,1.0223534107208252,nan,0.02269430559873581,0.6132378917107628,0.010933418371311189,0.011489413678646088,9987,8000,0.2,0.8786088816672483,1.5592458267145588,1.5726710483246347,0.0,0.0,1.3772358434018737,1.4283667319331141,0.0,0.0,200,0,1.0980902397277295,1.0281055899354727,4.508655944020517,PanXuZhou,False,0.0,0.0,16.98
9.598408600830775,3,False,0.9577155709266663,1.065006136894226,1.0742912292480469,nan,1.0770111083984375,1.0240120887756348,nan,0.0226583132147789,0.6132378917107628,0.010933418371311189,0.012995019555091858,9987,8000,0.2,0.8797187647900345,1.5592458267145588,1.5726710483246347,0.0,0.0,1.3772358434018737,1.4283667319331141,0.0,0.0,200,1,1.0971151647489643,1.0219104418837335,4.15804705500619,PanXuZhou,False,0.0,0.0,17.22
9.598408600830775,3,False,0.9579302668571472,1.0647311210632324,1.0740455389022827,nan,1.0755155086517334,1.022333025932312,nan,0.022720781460404398,0.6132378917107628,0.010933418371311189,0.013403105549514294,9987,8000,0.2,0.8798829268173378,1.5592458267145588,1.5726710483246347,0.0,0.0,1.3772358434018737,1.4283667319331141,0.0,0.0,200,2,1.0976700896729825,1.02429997865374,4.060204251901752,PanXuZhou,False,0.0,0.0,17.04
2.2580071746120027,3,False,0.2318560779094696,0.32899633049964905,1.3320120573043823,nan,1.4375287294387817,1.2228931188583374,nan,0.06238185653090477,0.7124135270827626,0.009771463937467171,0.38353124260902405,9987,8000,0.2,0.24706292394801563,0.41632309287614166,1.1314952223777361,0.0684002475622702,7.0,0.7516916912730043,1.3803400182924497,0.029314391812401513,3.0,200,0,0.523732772190329,1.4471015613630998,0.6550640368135411,LorenzBounded,False,0.14657195906200757,15.0,17.01
2.3413722136056188,3,False,0.22947010397911072,0.34542781114578247,1.4188910722732544,nan,1.4205174446105957,1.188523292541504,nan,0.06227436378598213,0.7124135270827626,0.009771463937467171,0.3788885176181793,9987,8000,0.2,0.24454912594561473,0.41632309287614166,1.1314952223777361,0.0684002475622702,7.0,0.7516916912730043,1.3803400182924497,0.029314391812401513,3.0,200,1,0.5233638752259709,1.4682191555231376,0.7012680161703075,LorenzBounded,False,0.11725756724960605,12.0,17.29
2.5831580225115593,3,False,0.23030556738376617,0.3409147262573242,1.1897163391113281,nan,1.3591222763061523,1.2505087852478027,nan,0.06227843618392944,0.7124135270827626,0.009771463937467171,0.3113225996494293,9987,8000,0.2,0.24542114831384707,0.41632309287614166,1.1314952223777361,0.0684002475622702,7.0,0.7516916912730043,1.3803400182924497,0.029314391812401513,3.0,200,2,0.5296581318734838,1.233730141292926,1.3812809456095236,LorenzBounded,False,0.11725756724960605,12.0,17.02
3.7944506025926263,3,False,0.24048009514808655,0.38354983925819397,1.478834629058838,nan,1.236977458000183,1.2313165664672852,nan,0.062782870054245,0.8917098035724058,0.013382780732014665,0.3539770543575287,9987,8000,0.2,0.23713168679476093,0.43912422320399297,1.2430162369722324,0.08029668439208798,5.999999999999999,0.9609190165145985,1.3877543190451007,0.02676556146402933,2.0,200,0,0.4702250106110011,1.4261152943138173,1.3135272334817307,Lorenz,False,0.13382780732014665,10.0,17.03
3.823199992658856,3,False,0.24116221070289612,0.3717055320739746,1.2413690090179443,nan,1.2388361692428589,1.1835912466049194,nan,0.06277692556381226,0.8917098035724058,0.013382780732014665,0.33353424072265625,9987,8000,0.2,0.23781134441111468,0.43912422320399297,1.2430162369722324,0.08029668439208798,5.999999999999999,0.9609190165145985,1.3877543190451007,0.02676556146402933,2.0,200,1,0.46735460240964066,1.338720593511339,1.2895561437965115,Lorenz,False,0.13382780732014665,10.0,17.14
3.774473378321446,3,False,0.2385643720626831,0.38379472494125366,1.085809588432312,nan,1.324225902557373,1.2221108675003052,nan,0.06278861290216446,0.8917098035724058,0.013382780732014665,0.32891303300857544,9987,8000,0.2,0.2352613455972263,0.43912422320399297,1.2430162369722324,0.08029668439208798,5.999999999999999,0.9609190165145985,1.3877543190451007,0.02676556146402933,2.0,200,2,0.4639361270668349,1.3272620781759332,0.8918247740036919,Lorenz,False,0.13382780732014665,10.0,17.15
7.955526425611999,3,False,0.23334045708179474,0.39448368549346924,1.0375596284866333,nan,1.1882315874099731,0.8829367160797119,nan,0.06603790321946144,1.2301163591725595,0.017510706372821382,0.2642707824707031,9987,8000,0.2,0.2360885528309659,0.41672133102465303,0.9137834644542744,0.15759635735539243,9.0,0.47760888100241583,1.0981947941808285,0.12257494460974967,7.0,200,0,0.3576084633039698,1.0113724839809297,1.2460263378649605,Chua,False,0.1926177701010352,11.0,17.2
8.12606668978666,3,False,0.23350292444229126,0.3735135793685913,0.9468410015106201,nan,1.1750359535217285,0.8144891858100891,nan,0.06591763925552369,1.2301163591725595,0.017510706372821382,0.26599743962287903,9987,8000,0.2,0.236272853641603,0.41672133102465303,0.9137834644542744,0.15759635735539243,9.0,0.47760888100241583,1.0981947941808285,0.12257494460974967,7.0,200,1,0.3620922781134965,1.062893043295414,1.4001897216556332,Chua,False,0.1926177701010352,11.0,17.13
7.98362081970491,3,False,0.23239998519420624,0.38305574655532837,0.9360368847846985,nan,1.142693042755127,0.8238023519515991,nan,0.06603775119781494,1.2301163591725595,0.017510706372821382,0.2679990828037262,9987,8000,0.2,0.23517592644630966,0.41672133102465303,0.9137834644542744,0.15759635735539243,9.0,0.47760888100241583,1.0981947941808285,0.12257494460974967,7.0,200,2,0.36662515721531097,0.9814354484269605,1.246966651997627,Chua,False,0.1926177701010352,11.0,17.03
6.357964706675265,4,False,0.246986523270607,0.4471295475959778,1.2990505695343018,nan,1.1543222665786743,1.2350493669509888,nan,0.07127217257022858,1.4465315511406867,0.012207821283652371,0.34298670291900635,9979,8000,0.2,0.2142095480975618,0.4475960005316968,1.2670528600376536,0.024415642567304743,2.0,0.8650233512931839,1.3175528656910618,0.03662346385095711,3.0,200,0,0.36105306852993946,1.2995086593272385,1.0200386397462209,HyperPang,False,0.0854547489855666,7.0,18.1
6.040348717366982,4,False,0.2474682480096817,0.4530402421951294,1.304266095161438,nan,1.1726670265197754,1.2675291299819946,nan,0.07125983214378356,1.4465315511406867,0.012207821283652371,0.34083807468414307,9979,8000,0.2,0.21435228050039887,0.4475960005316968,1.2670528600376536,0.024415642567304743,2.0,0.8650233512931839,1.3175528656910618,0.03662346385095711,3.0,200,1,0.3607121714044089,1.324856744247893,1.0517058690898926,HyperPang,False,0.0854547489855666,7.0,18.24
6.395296488305295,4,False,0.24574214220046997,0.4648316204547882,1.2924811840057373,nan,1.159029483795166,1.2614305019378662,nan,0.07132624679803848,1.4465315511406867,0.012207821283652371,0.34402966499328613,9979,8000,0.2,0.21303709968872497,0.4475960005316968,1.2670528600376536,0.024415642567304743,2.0,0.8650233512931839,1.3175528656910618,0.03662346385095711,3.0,200,2,0.35920602005332664,1.3223196095738963,1.0453215565553857,HyperPang,False,0.0854547489855666,7.0,18.18
5.606498824178633,4,False,0.22489750385284424,0.29609963297843933,1.4017633199691772,nan,1.399302363395691,1.15738046169281,nan,0.057710091173648836,2.1916060472989556,0.008946355045679066,0.28127530217170715,9979,8000,0.2,0.2186471565804321,0.40452688186192604,1.4585121944633521,0.08051719541111159,9.0,0.7830315854609997,1.5414877795413076,0.026839065137037196,3.0,200,0,0.4647688435334841,1.3001359453497647,1.1589980973737284,Qi,False,0.16103439082222318,18.0,17.83
6.248918345375902,4,False,0.22463108599185944,0.2809988260269165,1.401055932044983,nan,1.4514983892440796,1.099794864654541,nan,0.05781073540449142,2.1916060472989556,0.008946355045679066,0.27596619725227356,9979,8000,0.2,0.21842660961522908,0.40452688186192604,1.4585121944633521,0.08051719541111159,9.0,0.7830315854609997,1.5414877795413076,0.026839065137037196,3.0,200,1,0.46414965067464564,1.253472274583153,1.5975471100671885,Qi,False,0.17892710091358133,20.0,17.73
4.279503539097816,4,False,0.22427763044834137,0.2992731034755707,1.3232606649398804,nan,1.2783105373382568,1.0979061126708984,nan,0.05763891950249672,2.1916060472989556,0.008946355045679066,0.2948451340198517,9979,8000,0.2,0.21799179848986894,0.40452688186192604,1.4585121944633521,0.08051719541111159,9.0,0.7830315854609997,1.5414877795413076,0.026839065137037196,3.0,200,2,0.4624646650295817,1.3051111361618073,0.916683729807573,Qi,False,0.15208803577654412,17.0,17.45
1.8259985004280086,3,False,0.22259387373924255,0.4978899657726288,1.2165305614471436,nan,1.2118456363677979,1.2502002716064453,nan,0.06481146430969238,132.08766434104578,0.05053277774695388,0.5434275269508362,9987,8000,0.2,0.22418592966620143,0.5155791158880328,1.150765076439667,0.20213111098781553,4.0,1.0788419179325492,1.5185424478443297,0.10106555549390776,2.0,200,0,0.4196350830141231,1.0913114775685244,0.8187172205390149,BelousovZhabotinsky,False,0.40426222197563105,8.0,17.45
5.714133807376817,3,False,0.2261408120393753,0.5705053210258484,1.1895755529403687,nan,1.206763744354248,1.2941992282867432,nan,0.06480840241909028,132.08766434104578,0.05053277774695388,0.2003280371427536,9987,8000,0.2,0.227794887255522,0.5155791158880328,1.150765076439667,0.20213111098781553,4.0,1.0788419179325492,1.5185424478443297,0.10106555549390776,2.0,200,1,0.4291297032291121,1.009808523196653,1.0083183637326845,BelousovZhabotinsky,False,0.3031966664817233,6.0,17.77
5.701157312073529,3,False,0.22304755449295044,0.5206673741340637,1.196858286857605,nan,1.2124638557434082,1.3034389019012451,nan,0.06507278561592102,132.08766434104578,0.05053277774695388,0.20653441548347473,9987,8000,0.2,0.22467300731300016,0.5155791158880328,1.150765076439667,0.20213111098781553,4.0,1.0788419179325492,1.5185424478443297,0.10106555549390776,2.0,200,2,0.42698462941749254,1.0211103669866195,0.9964265981906221,BelousovZhabotinsky,False,0.3537294442286772,7.0,17.12
